warning: unused import: `PasswordLoginParams`
 --> src/controllers/auth.rs:3:48
  |
3 |     views::auth::{LoginMethods, LoginResponse, PasswordLoginParams, SessionResponse},
  |                                                ^^^^^^^^^^^^^^^^^^^
  |
  = note: `#[warn(unused_imports)]` (part of `#[warn(unused)]`) on by default

warning: `familyserver_backend` (lib) generated 1 warning (run `cargo fix --lib -p familyserver_backend` to apply 1 suggestion)
    Finished `dev` profile [unoptimized + debuginfo] target(s) in 0.27s
     Running `target/debug/familyserver_backend-cli task seed_tree 'path:./Wistoft familien.xls'`
[2m2026-02-08T13:57:14.838443Z[0m [33m WARN[0m [1mapp[0m: [2mloco_rs::boot[0m[2m:[0m pretty backtraces are enabled (this is great for development but has a runtime cost for production. disable with `logger.pretty_backtrace` in your config yaml) [2m[3menvironment[0m[2m=[0mdevelopment[0m
[2m2026-02-08T13:57:15.132109Z[0m [32m INFO[0m [1mapp[0m:[1mtask[0m: [2mfamilyserver_backend::tasks::seed_graph[0m[2m:[0m Family Tree D3 Export Task... [2m[3menvironment[0m[2m=[0mdevelopment[0m [2m[3mtask[0m[2m=[0m"seed_tree"[0m
Updated parent to grandparent: NodeIndex(2)
Updated parent to grandparent: NodeIndex(10)
Updated parent to grandparent: NodeIndex(7)
Updated parent to grandparent: NodeIndex(2)
Updated parent to grandparent: NodeIndex(2)
Updated parent to grandparent: NodeIndex(0)
Updated parent to grandparent: NodeIndex(23)
Updated parent to grandparent: NodeIndex(23)
Updated parent to grandparent: NodeIndex(23)
Updated parent to grandparent: NodeIndex(23)
Updated parent to grandparent: NodeIndex(21)
Updated parent to grandparent: NodeIndex(48)
Updated parent to grandparent: NodeIndex(48)
Updated parent to grandparent: NodeIndex(21)
Updated parent to grandparent: NodeIndex(57)
Updated parent to grandparent: NodeIndex(21)
Updated parent to grandparent: NodeIndex(65)
Updated parent to grandparent: NodeIndex(65)
Updated parent to grandparent: NodeIndex(65)
Updated parent to grandparent: NodeIndex(21)
Updated parent to grandparent: NodeIndex(21)
Updated parent to grandparent: NodeIndex(21)
Updated parent to grandparent: NodeIndex(19)
Updated parent to grandparent: NodeIndex(92)
Updated parent to grandparent: NodeIndex(92)
Updated parent to grandparent: NodeIndex(92)
Updated parent to grandparent: NodeIndex(90)
Updated parent to grandparent: NodeIndex(19)
Updated parent to grandparent: NodeIndex(0)
Updated parent to grandparent: NodeIndex(112)
Updated parent to grandparent: NodeIndex(112)
Updated parent to grandparent: NodeIndex(110)
Updated parent to grandparent: NodeIndex(125)
Updated parent to grandparent: NodeIndex(125)
Updated parent to grandparent: NodeIndex(110)
Updated parent to grandparent: NodeIndex(0)
[2m2026-02-08T13:57:15.142683Z[0m [32m INFO[0m [1mapp[0m:[1mtask[0m: [2mfamilyserver_backend::tasks::seed_graph[0m[2m:[0m Adding node for Jens Peter Wistoft  [2m[3menvironment[0m[2m=[0mdevelopment[0m [2m[3mtask[0m[2m=[0m"seed_tree"[0m
[2m2026-02-08T13:57:15.142750Z[0m [32m INFO[0m [1mapp[0m:[1mtask[0m: [2mfamilyserver_backend::tasks::seed_graph[0m[2m:[0m Adding node for Julius Sevald Wistoft [2m[3menvironment[0m[2m=[0mdevelopment[0m [2m[3mtask[0m[2m=[0m"seed_tree"[0m
[2m2026-02-08T13:57:15.142786Z[0m [32m INFO[0m [1mapp[0m:[1mtask[0m: [2mfamilyserver_backend::tasks::seed_graph[0m[2m:[0m Adding node for *Jens  Wistoft [2m[3menvironment[0m[2m=[0mdevelopment[0m [2m[3mtask[0m[2m=[0m"seed_tree"[0m
[2m2026-02-08T13:57:15.142824Z[0m [32m INFO[0m [1mapp[0m:[1mtask[0m: [2mfamilyserver_backend::tasks::seed_graph[0m[2m:[0m Found partner: None [2m[3menvironment[0m[2m=[0mdevelopment[0m [2m[3mtask[0m[2m=[0m"seed_tree"[0m
[2m2026-02-08T13:57:15.142863Z[0m [32m INFO[0m [1mapp[0m:[1mtask[0m: [2mfamilyserver_backend::tasks::seed_graph[0m[2m:[0m Found partner: Some(Person { generation: 0, name: " ~ Inge", birthdate: "1929 - 2002", last_name: "f. Nielsen", address: "", city: "", landline: "", mobile_number: "", email: "" }) [2m[3menvironment[0m[2m=[0mdevelopment[0m [2m[3mtask[0m[2m=[0m"seed_tree"[0m
[2m2026-02-08T13:57:15.142918Z[0m [32m INFO[0m [1mapp[0m:[1mtask[0m: [2mfamilyserver_backend::tasks::seed_graph[0m[2m:[0m Adding node for Karen Wistoft [2m[3menvironment[0m[2m=[0mdevelopment[0m [2m[3mtask[0m[2m=[0m"seed_tree"[0m
[2m2026-02-08T13:57:15.142958Z[0m [32m INFO[0m [1mapp[0m:[1mtask[0m: [2mfamilyserver_backend::tasks::seed_graph[0m[2m:[0m Found partner: None [2m[3menvironment[0m[2m=[0mdevelopment[0m [2m[3mtask[0m[2m=[0m"seed_tree"[0m
[2m2026-02-08T13:57:15.142989Z[0m [32m INFO[0m [1mapp[0m:[1mtask[0m: [2mfamilyserver_backend::tasks::seed_graph[0m[2m:[0m Adding node for Jenny Nikoline Kr. f. Wistoft [2m[3menvironment[0m[2m=[0mdevelopment[0m [2m[3mtask[0m[2m=[0m"seed_tree"[0m
[2m2026-02-08T13:57:15.143020Z[0m [32m INFO[0m [1mapp[0m:[1mtask[0m: [2mfamilyserver_backend::tasks::seed_graph[0m[2m:[0m Adding node for * Knud Wistoft Larsen [2m[3menvironment[0m[2m=[0mdevelopment[0m [2m[3mtask[0m[2m=[0m"seed_tree"[0m
[2m2026-02-08T13:57:15.143052Z[0m [32m INFO[0m [1mapp[0m:[1mtask[0m: [2mfamilyserver_backend::tasks::seed_graph[0m[2m:[0m Adding node for ** Charlotte Wistoft  [2m[3menvironment[0m[2m=[0mdevelopment[0m [2m[3mtask[0m[2m=[0m"seed_tree"[0m
[2m2026-02-08T13:57:15.143082Z[0m [32m INFO[0m [1mapp[0m:[1mtask[0m: [2mfamilyserver_backend::tasks::seed_graph[0m[2m:[0m Adding node for *** Frederik Wistoft Nielsen [2m[3menvironment[0m[2m=[0mdevelopment[0m [2m[3mtask[0m[2m=[0m"seed_tree"[0m
[2m2026-02-08T13:57:15.143113Z[0m [32m INFO[0m [1mapp[0m:[1mtask[0m: [2mfamilyserver_backend::tasks::seed_graph[0m[2m:[0m Found partner: None [2m[3menvironment[0m[2m=[0mdevelopment[0m [2m[3mtask[0m[2m=[0m"seed_tree"[0m
[2m2026-02-08T13:57:15.143141Z[0m [32m INFO[0m [1mapp[0m:[1mtask[0m: [2mfamilyserver_backend::tasks::seed_graph[0m[2m:[0m Adding node for *** Nicoline Wistoft Nielsen [2m[3menvironment[0m[2m=[0mdevelopment[0m [2m[3mtask[0m[2m=[0m"seed_tree"[0m
[2m2026-02-08T13:57:15.143172Z[0m [32m INFO[0m [1mapp[0m:[1mtask[0m: [2mfamilyserver_backend::tasks::seed_graph[0m[2m:[0m Found partner: None [2m[3menvironment[0m[2m=[0mdevelopment[0m [2m[3mtask[0m[2m=[0m"seed_tree"[0m
[2m2026-02-08T13:57:15.143204Z[0m [32m INFO[0m [1mapp[0m:[1mtask[0m: [2mfamilyserver_backend::tasks::seed_graph[0m[2m:[0m Found partner: None [2m[3menvironment[0m[2m=[0mdevelopment[0m [2m[3mtask[0m[2m=[0m"seed_tree"[0m
[2m2026-02-08T13:57:15.143236Z[0m [32m INFO[0m [1mapp[0m:[1mtask[0m: [2mfamilyserver_backend::tasks::seed_graph[0m[2m:[0m Adding node for ** Jens Peter  Wistoft Larsen [2m[3menvironment[0m[2m=[0mdevelopment[0m [2m[3mtask[0m[2m=[0m"seed_tree"[0m
[2m2026-02-08T13:57:15.143266Z[0m [32m INFO[0m [1mapp[0m:[1mtask[0m: [2mfamilyserver_backend::tasks::seed_graph[0m[2m:[0m Adding node for *** Mads Vanggård Wistoft Larsen [2m[3menvironment[0m[2m=[0mdevelopment[0m [2m[3mtask[0m[2m=[0m"seed_tree"[0m
[2m2026-02-08T13:57:15.143299Z[0m [32m INFO[0m [1mapp[0m:[1mtask[0m: [2mfamilyserver_backend::tasks::seed_graph[0m[2m:[0m Found partner: None [2m[3menvironment[0m[2m=[0mdevelopment[0m [2m[3mtask[0m[2m=[0m"seed_tree"[0m
[2m2026-02-08T13:57:15.143329Z[0m [32m INFO[0m [1mapp[0m:[1mtask[0m: [2mfamilyserver_backend::tasks::seed_graph[0m[2m:[0m Adding node for *** Emma Vanggård Wistoft Larsen [2m[3menvironment[0m[2m=[0mdevelopment[0m [2m[3mtask[0m[2m=[0m"seed_tree"[0m
[2m2026-02-08T13:57:15.143380Z[0m [32m INFO[0m [1mapp[0m:[1mtask[0m: [2mfamilyserver_backend::tasks::seed_graph[0m[2m:[0m Found partner: None [2m[3menvironment[0m[2m=[0mdevelopment[0m [2m[3mtask[0m[2m=[0m"seed_tree"[0m
[2m2026-02-08T13:57:15.143415Z[0m [32m INFO[0m [1mapp[0m:[1mtask[0m: [2mfamilyserver_backend::tasks::seed_graph[0m[2m:[0m Adding node for *** Emil Vanggård Wistoft Larsen [2m[3menvironment[0m[2m=[0mdevelopment[0m [2m[3mtask[0m[2m=[0m"seed_tree"[0m
[2m2026-02-08T13:57:15.143451Z[0m [32m INFO[0m [1mapp[0m:[1mtask[0m: [2mfamilyserver_backend::tasks::seed_graph[0m[2m:[0m Found partner: None [2m[3menvironment[0m[2m=[0mdevelopment[0m [2m[3mtask[0m[2m=[0m"seed_tree"[0m
[2m2026-02-08T13:57:15.143486Z[0m [32m INFO[0m [1mapp[0m:[1mtask[0m: [2mfamilyserver_backend::tasks::seed_graph[0m[2m:[0m Found partner: None [2m[3menvironment[0m[2m=[0mdevelopment[0m [2m[3mtask[0m[2m=[0m"seed_tree"[0m
[2m2026-02-08T13:57:15.143517Z[0m [32m INFO[0m [1mapp[0m:[1mtask[0m: [2mfamilyserver_backend::tasks::seed_graph[0m[2m:[0m Found partner: Some(Person { generation: 0, name: " ~Anne-Grethe", birthdate: "20.09.1945", last_name: "f. Jørgensen", address: "Krokusvænget 9", city: "5450 Otterup", landline: "", mobile_number: "30 70 01 58", email: "agwl@mail.dk" }) [2m[3menvironment[0m[2m=[0mdevelopment[0m [2m[3mtask[0m[2m=[0m"seed_tree"[0m
[2m2026-02-08T13:57:15.143559Z[0m [32m INFO[0m [1mapp[0m:[1mtask[0m: [2mfamilyserver_backend::tasks::seed_graph[0m[2m:[0m Adding node for * Agnethe  Wistoft Larsen [2m[3menvironment[0m[2m=[0mdevelopment[0m [2m[3mtask[0m[2m=[0m"seed_tree"[0m
[2m2026-02-08T13:57:15.143590Z[0m [32m INFO[0m [1mapp[0m:[1mtask[0m: [2mfamilyserver_backend::tasks::seed_graph[0m[2m:[0m Found partner: None [2m[3menvironment[0m[2m=[0mdevelopment[0m [2m[3mtask[0m[2m=[0m"seed_tree"[0m
[2m2026-02-08T13:57:15.143619Z[0m [32m INFO[0m [1mapp[0m:[1mtask[0m: [2mfamilyserver_backend::tasks::seed_graph[0m[2m:[0m Adding node for * Jens Anker Wistoft Larsen [2m[3menvironment[0m[2m=[0mdevelopment[0m [2m[3mtask[0m[2m=[0m"seed_tree"[0m
[2m2026-02-08T13:57:15.143648Z[0m [32m INFO[0m [1mapp[0m:[1mtask[0m: [2mfamilyserver_backend::tasks::seed_graph[0m[2m:[0m Adding node for ** Morten Wistoft Larsen [2m[3menvironment[0m[2m=[0mdevelopment[0m [2m[3mtask[0m[2m=[0m"seed_tree"[0m
[2m2026-02-08T13:57:15.143676Z[0m [32m INFO[0m [1mapp[0m:[1mtask[0m: [2mfamilyserver_backend::tasks::seed_graph[0m[2m:[0m Adding node for *** Peter Wistoft Larsen [2m[3menvironment[0m[2m=[0mdevelopment[0m [2m[3mtask[0m[2m=[0m"seed_tree"[0m
[2m2026-02-08T13:57:15.143706Z[0m [32m INFO[0m [1mapp[0m:[1mtask[0m: [2mfamilyserver_backend::tasks::seed_graph[0m[2m:[0m Found partner: None [2m[3menvironment[0m[2m=[0mdevelopment[0m [2m[3mtask[0m[2m=[0m"seed_tree"[0m
[2m2026-02-08T13:57:15.143737Z[0m [32m INFO[0m [1mapp[0m:[1mtask[0m: [2mfamilyserver_backend::tasks::seed_graph[0m[2m:[0m Adding node for *** Laura Wistoft Larsen [2m[3menvironment[0m[2m=[0mdevelopment[0m [2m[3mtask[0m[2m=[0m"seed_tree"[0m
[2m2026-02-08T13:57:15.143768Z[0m [32m INFO[0m [1mapp[0m:[1mtask[0m: [2mfamilyserver_backend::tasks::seed_graph[0m[2m:[0m Found partner: None [2m[3menvironment[0m[2m=[0mdevelopment[0m [2m[3mtask[0m[2m=[0m"seed_tree"[0m
[2m2026-02-08T13:57:15.143801Z[0m [32m INFO[0m [1mapp[0m:[1mtask[0m: [2mfamilyserver_backend::tasks::seed_graph[0m[2m:[0m Found partner: Some(Person { generation: 0, name: " ~ Lene", birthdate: "", last_name: "f. Særkjær", address: "", city: "", landline: "", mobile_number: "", email: "" }) [2m[3menvironment[0m[2m=[0mdevelopment[0m [2m[3mtask[0m[2m=[0m"seed_tree"[0m
[2m2026-02-08T13:57:15.143841Z[0m [32m INFO[0m [1mapp[0m:[1mtask[0m: [2mfamilyserver_backend::tasks::seed_graph[0m[2m:[0m Adding node for ** Claus  Wistoft  [2m[3menvironment[0m[2m=[0mdevelopment[0m [2m[3mtask[0m[2m=[0m"seed_tree"[0m
[2m2026-02-08T13:57:15.143871Z[0m [32m INFO[0m [1mapp[0m:[1mtask[0m: [2mfamilyserver_backend::tasks::seed_graph[0m[2m:[0m Adding node for *** Caroline Wistoft [2m[3menvironment[0m[2m=[0mdevelopment[0m [2m[3mtask[0m[2m=[0m"seed_tree"[0m
[2m2026-02-08T13:57:15.143904Z[0m [32m INFO[0m [1mapp[0m:[1mtask[0m: [2mfamilyserver_backend::tasks::seed_graph[0m[2m:[0m Found partner: Some(Person { generation: 0, name: "2. ~ Karin", birthdate: "", last_name: "f. Plagberg", address: "", city: "", landline: "", mobile_number: "", email: "" }) [2m[3menvironment[0m[2m=[0mdevelopment[0m [2m[3mtask[0m[2m=[0m"seed_tree"[0m
[2m2026-02-08T13:57:15.143947Z[0m [32m INFO[0m [1mapp[0m:[1mtask[0m: [2mfamilyserver_backend::tasks::seed_graph[0m[2m:[0m Adding node for *** Mathilde Wistoft [2m[3menvironment[0m[2m=[0mdevelopment[0m [2m[3mtask[0m[2m=[0m"seed_tree"[0m
[2m2026-02-08T13:57:15.143982Z[0m [32m INFO[0m [1mapp[0m:[1mtask[0m: [2mfamilyserver_backend::tasks::seed_graph[0m[2m:[0m Found partner: None [2m[3menvironment[0m[2m=[0mdevelopment[0m [2m[3mtask[0m[2m=[0m"seed_tree"[0m
[2m2026-02-08T13:57:15.144017Z[0m [32m INFO[0m [1mapp[0m:[1mtask[0m: [2mfamilyserver_backend::tasks::seed_graph[0m[2m:[0m Found partner: None [2m[3menvironment[0m[2m=[0mdevelopment[0m [2m[3mtask[0m[2m=[0m"seed_tree"[0m
[2m2026-02-08T13:57:15.144052Z[0m [32m INFO[0m [1mapp[0m:[1mtask[0m: [2mfamilyserver_backend::tasks::seed_graph[0m[2m:[0m Adding node for ** Søren  Wistoft Larsen [2m[3menvironment[0m[2m=[0mdevelopment[0m [2m[3mtask[0m[2m=[0m"seed_tree"[0m
[2m2026-02-08T13:57:15.144084Z[0m [32m INFO[0m [1mapp[0m:[1mtask[0m: [2mfamilyserver_backend::tasks::seed_graph[0m[2m:[0m Found partner: None [2m[3menvironment[0m[2m=[0mdevelopment[0m [2m[3mtask[0m[2m=[0m"seed_tree"[0m
[2m2026-02-08T13:57:15.144114Z[0m [32m INFO[0m [1mapp[0m:[1mtask[0m: [2mfamilyserver_backend::tasks::seed_graph[0m[2m:[0m Found partner: Some(Person { generation: 0, name: " ~ Agnethe (Nethe)", birthdate: "11.03.1934", last_name: "f. Nielsen", address: "Brockdorff Allé 42 ", city: "5390 Martofte", landline: "", mobile_number: "", email: "agnetewl@mail.dk" }) [2m[3menvironment[0m[2m=[0mdevelopment[0m [2m[3mtask[0m[2m=[0m"seed_tree"[0m
[2m2026-02-08T13:57:15.144157Z[0m [32m INFO[0m [1mapp[0m:[1mtask[0m: [2mfamilyserver_backend::tasks::seed_graph[0m[2m:[0m Found partner: Some(Person { generation: 0, name: " ~ Jens Marinus ", birthdate: "1880 - 1963", last_name: "Larsen", address: "", city: "", landline: "", mobile_number: "", email: "" }) [2m[3menvironment[0m[2m=[0mdevelopment[0m [2m[3mtask[0m[2m=[0m"seed_tree"[0m
[2m2026-02-08T13:57:15.144196Z[0m [32m INFO[0m [1mapp[0m:[1mtask[0m: [2mfamilyserver_backend::tasks::seed_graph[0m[2m:[0m Adding node for Anton Christian  Wistoft [2m[3menvironment[0m[2m=[0mdevelopment[0m [2m[3mtask[0m[2m=[0m"seed_tree"[0m
[2m2026-02-08T13:57:15.144224Z[0m [32m INFO[0m [1mapp[0m:[1mtask[0m: [2mfamilyserver_backend::tasks::seed_graph[0m[2m:[0m Adding node for * Hans Christian Wistoft [2m[3menvironment[0m[2m=[0mdevelopment[0m [2m[3mtask[0m[2m=[0m"seed_tree"[0m
[2m2026-02-08T13:57:15.144252Z[0m [32m INFO[0m [1mapp[0m:[1mtask[0m: [2mfamilyserver_backend::tasks::seed_graph[0m[2m:[0m Adding node for ** Annette Wistoft [2m[3menvironment[0m[2m=[0mdevelopment[0m [2m[3mtask[0m[2m=[0m"seed_tree"[0m
[2m2026-02-08T13:57:15.144281Z[0m [32m INFO[0m [1mapp[0m:[1mtask[0m: [2mfamilyserver_backend::tasks::seed_graph[0m[2m:[0m Adding node for *** Siri Wistoft [2m[3menvironment[0m[2m=[0mdevelopment[0m [2m[3mtask[0m[2m=[0m"seed_tree"[0m
[2m2026-02-08T13:57:15.144310Z[0m [32m INFO[0m [1mapp[0m:[1mtask[0m: [2mfamilyserver_backend::tasks::seed_graph[0m[2m:[0m Found partner: None [2m[3menvironment[0m[2m=[0mdevelopment[0m [2m[3mtask[0m[2m=[0m"seed_tree"[0m
[2m2026-02-08T13:57:15.144338Z[0m [32m INFO[0m [1mapp[0m:[1mtask[0m: [2mfamilyserver_backend::tasks::seed_graph[0m[2m:[0m Adding node for *** Freja Langgaard [2m[3menvironment[0m[2m=[0mdevelopment[0m [2m[3mtask[0m[2m=[0m"seed_tree"[0m
[2m2026-02-08T13:57:15.144376Z[0m [32m INFO[0m [1mapp[0m:[1mtask[0m: [2mfamilyserver_backend::tasks::seed_graph[0m[2m:[0m Adding node for ****Wilton Bayer Langgaard [2m[3menvironment[0m[2m=[0mdevelopment[0m [2m[3mtask[0m[2m=[0m"seed_tree"[0m
[2m2026-02-08T13:57:15.144413Z[0m [32m INFO[0m [1mapp[0m:[1mtask[0m: [2mfamilyserver_backend::tasks::seed_graph[0m[2m:[0m Found partner: None [2m[3menvironment[0m[2m=[0mdevelopment[0m [2m[3mtask[0m[2m=[0m"seed_tree"[0m
[2m2026-02-08T13:57:15.144454Z[0m [32m INFO[0m [1mapp[0m:[1mtask[0m: [2mfamilyserver_backend::tasks::seed_graph[0m[2m:[0m Adding node for ****Melvin Bayer Langgaard [2m[3menvironment[0m[2m=[0mdevelopment[0m [2m[3mtask[0m[2m=[0m"seed_tree"[0m
[2m2026-02-08T13:57:15.144491Z[0m [32m INFO[0m [1mapp[0m:[1mtask[0m: [2mfamilyserver_backend::tasks::seed_graph[0m[2m:[0m Found partner: None [2m[3menvironment[0m[2m=[0mdevelopment[0m [2m[3mtask[0m[2m=[0m"seed_tree"[0m
[2m2026-02-08T13:57:15.144524Z[0m [32m INFO[0m [1mapp[0m:[1mtask[0m: [2mfamilyserver_backend::tasks::seed_graph[0m[2m:[0m Found partner: None [2m[3menvironment[0m[2m=[0mdevelopment[0m [2m[3mtask[0m[2m=[0m"seed_tree"[0m
[2m2026-02-08T13:57:15.144555Z[0m [32m INFO[0m [1mapp[0m:[1mtask[0m: [2mfamilyserver_backend::tasks::seed_graph[0m[2m:[0m Adding node for *** Sverre Langgaard [2m[3menvironment[0m[2m=[0mdevelopment[0m [2m[3mtask[0m[2m=[0m"seed_tree"[0m
[2m2026-02-08T13:57:15.144588Z[0m [32m INFO[0m [1mapp[0m:[1mtask[0m: [2mfamilyserver_backend::tasks::seed_graph[0m[2m:[0m Adding node for ****Livia Augsburg Langgaard [2m[3menvironment[0m[2m=[0mdevelopment[0m [2m[3mtask[0m[2m=[0m"seed_tree"[0m
[2m2026-02-08T13:57:15.144618Z[0m [32m INFO[0m [1mapp[0m:[1mtask[0m: [2mfamilyserver_backend::tasks::seed_graph[0m[2m:[0m Found partner: None [2m[3menvironment[0m[2m=[0mdevelopment[0m [2m[3mtask[0m[2m=[0m"seed_tree"[0m
[2m2026-02-08T13:57:15.144652Z[0m [32m INFO[0m [1mapp[0m:[1mtask[0m: [2mfamilyserver_backend::tasks::seed_graph[0m[2m:[0m Adding node for ****Elia Augsburg Langgaard [2m[3menvironment[0m[2m=[0mdevelopment[0m [2m[3mtask[0m[2m=[0m"seed_tree"[0m
[2m2026-02-08T13:57:15.144682Z[0m [32m INFO[0m [1mapp[0m:[1mtask[0m: [2mfamilyserver_backend::tasks::seed_graph[0m[2m:[0m Found partner: None [2m[3menvironment[0m[2m=[0mdevelopment[0m [2m[3mtask[0m[2m=[0m"seed_tree"[0m
[2m2026-02-08T13:57:15.144712Z[0m [32m INFO[0m [1mapp[0m:[1mtask[0m: [2mfamilyserver_backend::tasks::seed_graph[0m[2m:[0m Adding node for ****Norr Augsburg Langgaard [2m[3menvironment[0m[2m=[0mdevelopment[0m [2m[3mtask[0m[2m=[0m"seed_tree"[0m
[2m2026-02-08T13:57:15.144745Z[0m [32m INFO[0m [1mapp[0m:[1mtask[0m: [2mfamilyserver_backend::tasks::seed_graph[0m[2m:[0m Found partner: None [2m[3menvironment[0m[2m=[0mdevelopment[0m [2m[3mtask[0m[2m=[0m"seed_tree"[0m
[2m2026-02-08T13:57:15.144775Z[0m [32m INFO[0m [1mapp[0m:[1mtask[0m: [2mfamilyserver_backend::tasks::seed_graph[0m[2m:[0m Adding node for **** Pilou Augsburg Langgaard [2m[3menvironment[0m[2m=[0mdevelopment[0m [2m[3mtask[0m[2m=[0m"seed_tree"[0m
[2m2026-02-08T13:57:15.144808Z[0m [32m INFO[0m [1mapp[0m:[1mtask[0m: [2mfamilyserver_backend::tasks::seed_graph[0m[2m:[0m Found partner: None [2m[3menvironment[0m[2m=[0mdevelopment[0m [2m[3mtask[0m[2m=[0m"seed_tree"[0m
[2m2026-02-08T13:57:15.144839Z[0m [32m INFO[0m [1mapp[0m:[1mtask[0m: [2mfamilyserver_backend::tasks::seed_graph[0m[2m:[0m Found partner: Some(Person { generation: 0, name: " ~ Claudia", birthdate: "10.10.1984", last_name: "f. Augsburg", address: "              - do -", city: "", landline: "", mobile_number: "", email: "" }) [2m[3menvironment[0m[2m=[0mdevelopment[0m [2m[3mtask[0m[2m=[0m"seed_tree"[0m
[2m2026-02-08T13:57:15.144879Z[0m [32m INFO[0m [1mapp[0m:[1mtask[0m: [2mfamilyserver_backend::tasks::seed_graph[0m[2m:[0m Adding node for *** Thoke Wistoft [2m[3menvironment[0m[2m=[0mdevelopment[0m [2m[3mtask[0m[2m=[0m"seed_tree"[0m
[2m2026-02-08T13:57:15.144913Z[0m [32m INFO[0m [1mapp[0m:[1mtask[0m: [2mfamilyserver_backend::tasks::seed_graph[0m[2m:[0m Adding node for **** Mikkel Wistoft [2m[3menvironment[0m[2m=[0mdevelopment[0m [2m[3mtask[0m[2m=[0m"seed_tree"[0m
[2m2026-02-08T13:57:15.144950Z[0m [32m INFO[0m [1mapp[0m:[1mtask[0m: [2mfamilyserver_backend::tasks::seed_graph[0m[2m:[0m Found partner: None [2m[3menvironment[0m[2m=[0mdevelopment[0m [2m[3mtask[0m[2m=[0m"seed_tree"[0m
[2m2026-02-08T13:57:15.144983Z[0m [32m INFO[0m [1mapp[0m:[1mtask[0m: [2mfamilyserver_backend::tasks::seed_graph[0m[2m:[0m Adding node for **** Rune Wistoft [2m[3menvironment[0m[2m=[0mdevelopment[0m [2m[3mtask[0m[2m=[0m"seed_tree"[0m
[2m2026-02-08T13:57:15.145013Z[0m [32m INFO[0m [1mapp[0m:[1mtask[0m: [2mfamilyserver_backend::tasks::seed_graph[0m[2m:[0m Found partner: None [2m[3menvironment[0m[2m=[0mdevelopment[0m [2m[3mtask[0m[2m=[0m"seed_tree"[0m
[2m2026-02-08T13:57:15.145041Z[0m [32m INFO[0m [1mapp[0m:[1mtask[0m: [2mfamilyserver_backend::tasks::seed_graph[0m[2m:[0m Found partner: Some(Person { generation: 0, name: " ~ Trine ", birthdate: "08.01.1982", last_name: "f. Apitz", address: "              - do -", city: "", landline: "", mobile_number: "", email: "" }) [2m[3menvironment[0m[2m=[0mdevelopment[0m [2m[3mtask[0m[2m=[0m"seed_tree"[0m
[2m2026-02-08T13:57:15.145083Z[0m [32m INFO[0m [1mapp[0m:[1mtask[0m: [2mfamilyserver_backend::tasks::seed_graph[0m[2m:[0m Found partner: Some(Person { generation: 0, name: " ~ Thorkil", birthdate: "26.07.1944", last_name: "Langgaard", address: "              - do -", city: "", landline: "", mobile_number: "", email: "thola@mail.com" }) [2m[3menvironment[0m[2m=[0mdevelopment[0m [2m[3mtask[0m[2m=[0m"seed_tree"[0m
[2m2026-02-08T13:57:15.145125Z[0m [32m INFO[0m [1mapp[0m:[1mtask[0m: [2mfamilyserver_backend::tasks::seed_graph[0m[2m:[0m Found partner: None [2m[3menvironment[0m[2m=[0mdevelopment[0m [2m[3mtask[0m[2m=[0m"seed_tree"[0m
[2m2026-02-08T13:57:15.145155Z[0m [32m INFO[0m [1mapp[0m:[1mtask[0m: [2mfamilyserver_backend::tasks::seed_graph[0m[2m:[0m Adding node for * Karen Margrethe f. Wistoft [2m[3menvironment[0m[2m=[0mdevelopment[0m [2m[3mtask[0m[2m=[0m"seed_tree"[0m
[2m2026-02-08T13:57:15.145184Z[0m [32m INFO[0m [1mapp[0m:[1mtask[0m: [2mfamilyserver_backend::tasks::seed_graph[0m[2m:[0m Adding node for ** Bodil Wistoft Vestergaard [2m[3menvironment[0m[2m=[0mdevelopment[0m [2m[3mtask[0m[2m=[0m"seed_tree"[0m
[2m2026-02-08T13:57:15.145212Z[0m [32m INFO[0m [1mapp[0m:[1mtask[0m: [2mfamilyserver_backend::tasks::seed_graph[0m[2m:[0m Adding node for ***Jakob Vestergaard     Olason [2m[3menvironment[0m[2m=[0mdevelopment[0m [2m[3mtask[0m[2m=[0m"seed_tree"[0m
[2m2026-02-08T13:57:15.145241Z[0m [32m INFO[0m [1mapp[0m:[1mtask[0m: [2mfamilyserver_backend::tasks::seed_graph[0m[2m:[0m Found partner: None [2m[3menvironment[0m[2m=[0mdevelopment[0m [2m[3mtask[0m[2m=[0m"seed_tree"[0m
[2m2026-02-08T13:57:15.145270Z[0m [32m INFO[0m [1mapp[0m:[1mtask[0m: [2mfamilyserver_backend::tasks::seed_graph[0m[2m:[0m Adding node for *** Anna Vestergaard        Oladottir [2m[3menvironment[0m[2m=[0mdevelopment[0m [2m[3mtask[0m[2m=[0m"seed_tree"[0m
[2m2026-02-08T13:57:15.145303Z[0m [32m INFO[0m [1mapp[0m:[1mtask[0m: [2mfamilyserver_backend::tasks::seed_graph[0m[2m:[0m Found partner: None [2m[3menvironment[0m[2m=[0mdevelopment[0m [2m[3mtask[0m[2m=[0m"seed_tree"[0m
[2m2026-02-08T13:57:15.145333Z[0m [32m INFO[0m [1mapp[0m:[1mtask[0m: [2mfamilyserver_backend::tasks::seed_graph[0m[2m:[0m Adding node for *** Tomas Vestergaard       Olason [2m[3menvironment[0m[2m=[0mdevelopment[0m [2m[3mtask[0m[2m=[0m"seed_tree"[0m
[2m2026-02-08T13:57:15.145368Z[0m [32m INFO[0m [1mapp[0m:[1mtask[0m: [2mfamilyserver_backend::tasks::seed_graph[0m[2m:[0m Found partner: None [2m[3menvironment[0m[2m=[0mdevelopment[0m [2m[3mtask[0m[2m=[0m"seed_tree"[0m
[2m2026-02-08T13:57:15.145406Z[0m [32m INFO[0m [1mapp[0m:[1mtask[0m: [2mfamilyserver_backend::tasks::seed_graph[0m[2m:[0m Found partner: Some(Person { generation: 0, name: " ~ Olí ", birthdate: "01.06.1963", last_name: "Thorgeirson", address: "", city: "", landline: "", mobile_number: "40 94 37 22", email: "olidram@gmail.com" }) [2m[3menvironment[0m[2m=[0mdevelopment[0m [2m[3mtask[0m[2m=[0m"seed_tree"[0m
[2m2026-02-08T13:57:15.145450Z[0m [32m INFO[0m [1mapp[0m:[1mtask[0m: [2mfamilyserver_backend::tasks::seed_graph[0m[2m:[0m Adding node for ** Ulla Wistoft Vestergaard [2m[3menvironment[0m[2m=[0mdevelopment[0m [2m[3mtask[0m[2m=[0m"seed_tree"[0m
[2m2026-02-08T13:57:15.145482Z[0m [32m INFO[0m [1mapp[0m:[1mtask[0m: [2mfamilyserver_backend::tasks::seed_graph[0m[2m:[0m Adding node for *** Christoffer Vestergaard - Larsen [2m[3menvironment[0m[2m=[0mdevelopment[0m [2m[3mtask[0m[2m=[0m"seed_tree"[0m
[2m2026-02-08T13:57:15.145514Z[0m [32m INFO[0m [1mapp[0m:[1mtask[0m: [2mfamilyserver_backend::tasks::seed_graph[0m[2m:[0m Found partner: None [2m[3menvironment[0m[2m=[0mdevelopment[0m [2m[3mtask[0m[2m=[0m"seed_tree"[0m
[2m2026-02-08T13:57:15.145551Z[0m [32m INFO[0m [1mapp[0m:[1mtask[0m: [2mfamilyserver_backend::tasks::seed_graph[0m[2m:[0m Found partner: None [2m[3menvironment[0m[2m=[0mdevelopment[0m [2m[3mtask[0m[2m=[0m"seed_tree"[0m
[2m2026-02-08T13:57:15.145582Z[0m [32m INFO[0m [1mapp[0m:[1mtask[0m: [2mfamilyserver_backend::tasks::seed_graph[0m[2m:[0m Adding node for ** Inge Wistoft Vestergaard [2m[3menvironment[0m[2m=[0mdevelopment[0m [2m[3mtask[0m[2m=[0m"seed_tree"[0m
[2m2026-02-08T13:57:15.145612Z[0m [32m INFO[0m [1mapp[0m:[1mtask[0m: [2mfamilyserver_backend::tasks::seed_graph[0m[2m:[0m Adding node for *** Bitten  Wistoft - Ibsen [2m[3menvironment[0m[2m=[0mdevelopment[0m [2m[3mtask[0m[2m=[0m"seed_tree"[0m
[2m2026-02-08T13:57:15.145641Z[0m [32m INFO[0m [1mapp[0m:[1mtask[0m: [2mfamilyserver_backend::tasks::seed_graph[0m[2m:[0m Adding node for **** Kaya Wistoft - Christensen [2m[3menvironment[0m[2m=[0mdevelopment[0m [2m[3mtask[0m[2m=[0m"seed_tree"[0m
[2m2026-02-08T13:57:15.145669Z[0m [32m INFO[0m [1mapp[0m:[1mtask[0m: [2mfamilyserver_backend::tasks::seed_graph[0m[2m:[0m Found partner: None [2m[3menvironment[0m[2m=[0mdevelopment[0m [2m[3mtask[0m[2m=[0m"seed_tree"[0m
[2m2026-02-08T13:57:15.145700Z[0m [32m INFO[0m [1mapp[0m:[1mtask[0m: [2mfamilyserver_backend::tasks::seed_graph[0m[2m:[0m Adding node for **** Casper Wistoft - Christensen [2m[3menvironment[0m[2m=[0mdevelopment[0m [2m[3mtask[0m[2m=[0m"seed_tree"[0m
[2m2026-02-08T13:57:15.145731Z[0m [32m INFO[0m [1mapp[0m:[1mtask[0m: [2mfamilyserver_backend::tasks::seed_graph[0m[2m:[0m Found partner: None [2m[3menvironment[0m[2m=[0mdevelopment[0m [2m[3mtask[0m[2m=[0m"seed_tree"[0m
[2m2026-02-08T13:57:15.145761Z[0m [32m INFO[0m [1mapp[0m:[1mtask[0m: [2mfamilyserver_backend::tasks::seed_graph[0m[2m:[0m Found partner: None [2m[3menvironment[0m[2m=[0mdevelopment[0m [2m[3mtask[0m[2m=[0m"seed_tree"[0m
[2m2026-02-08T13:57:15.145791Z[0m [32m INFO[0m [1mapp[0m:[1mtask[0m: [2mfamilyserver_backend::tasks::seed_graph[0m[2m:[0m Adding node for *** Mikael Wistoft - Ibsen [2m[3menvironment[0m[2m=[0mdevelopment[0m [2m[3mtask[0m[2m=[0m"seed_tree"[0m
[2m2026-02-08T13:57:15.145822Z[0m [32m INFO[0m [1mapp[0m:[1mtask[0m: [2mfamilyserver_backend::tasks::seed_graph[0m[2m:[0m Found partner: None [2m[3menvironment[0m[2m=[0mdevelopment[0m [2m[3mtask[0m[2m=[0m"seed_tree"[0m
[2m2026-02-08T13:57:15.145851Z[0m [32m INFO[0m [1mapp[0m:[1mtask[0m: [2mfamilyserver_backend::tasks::seed_graph[0m[2m:[0m Adding node for *** Morten Wistoft - Ibsen [2m[3menvironment[0m[2m=[0mdevelopment[0m [2m[3mtask[0m[2m=[0m"seed_tree"[0m
[2m2026-02-08T13:57:15.145885Z[0m [32m INFO[0m [1mapp[0m:[1mtask[0m: [2mfamilyserver_backend::tasks::seed_graph[0m[2m:[0m Adding node for **** Jonathan Wistoft - Ibsen [2m[3menvironment[0m[2m=[0mdevelopment[0m [2m[3mtask[0m[2m=[0m"seed_tree"[0m
[2m2026-02-08T13:57:15.145917Z[0m [32m INFO[0m [1mapp[0m:[1mtask[0m: [2mfamilyserver_backend::tasks::seed_graph[0m[2m:[0m Found partner: None [2m[3menvironment[0m[2m=[0mdevelopment[0m [2m[3mtask[0m[2m=[0m"seed_tree"[0m
[2m2026-02-08T13:57:15.145951Z[0m [32m INFO[0m [1mapp[0m:[1mtask[0m: [2mfamilyserver_backend::tasks::seed_graph[0m[2m:[0m Adding node for **** Nikolaj Wistoft - Ibsen [2m[3menvironment[0m[2m=[0mdevelopment[0m [2m[3mtask[0m[2m=[0m"seed_tree"[0m
[2m2026-02-08T13:57:15.145981Z[0m [32m INFO[0m [1mapp[0m:[1mtask[0m: [2mfamilyserver_backend::tasks::seed_graph[0m[2m:[0m Found partner: None [2m[3menvironment[0m[2m=[0mdevelopment[0m [2m[3mtask[0m[2m=[0m"seed_tree"[0m
[2m2026-02-08T13:57:15.146009Z[0m [32m INFO[0m [1mapp[0m:[1mtask[0m: [2mfamilyserver_backend::tasks::seed_graph[0m[2m:[0m Adding node for **** Patrick Wistoft - Ibsen [2m[3menvironment[0m[2m=[0mdevelopment[0m [2m[3mtask[0m[2m=[0m"seed_tree"[0m
[2m2026-02-08T13:57:15.146039Z[0m [32m INFO[0m [1mapp[0m:[1mtask[0m: [2mfamilyserver_backend::tasks::seed_graph[0m[2m:[0m Found partner: None [2m[3menvironment[0m[2m=[0mdevelopment[0m [2m[3mtask[0m[2m=[0m"seed_tree"[0m
[2m2026-02-08T13:57:15.146068Z[0m [32m INFO[0m [1mapp[0m:[1mtask[0m: [2mfamilyserver_backend::tasks::seed_graph[0m[2m:[0m Found partner: None [2m[3menvironment[0m[2m=[0mdevelopment[0m [2m[3mtask[0m[2m=[0m"seed_tree"[0m
[2m2026-02-08T13:57:15.146096Z[0m [32m INFO[0m [1mapp[0m:[1mtask[0m: [2mfamilyserver_backend::tasks::seed_graph[0m[2m:[0m Adding node for *** Troels  Wistoft - Ibsen [2m[3menvironment[0m[2m=[0mdevelopment[0m [2m[3mtask[0m[2m=[0m"seed_tree"[0m
[2m2026-02-08T13:57:15.146125Z[0m [32m INFO[0m [1mapp[0m:[1mtask[0m: [2mfamilyserver_backend::tasks::seed_graph[0m[2m:[0m Adding node for **** William Wistoft - Ibsen [2m[3menvironment[0m[2m=[0mdevelopment[0m [2m[3mtask[0m[2m=[0m"seed_tree"[0m
[2m2026-02-08T13:57:15.146156Z[0m [32m INFO[0m [1mapp[0m:[1mtask[0m: [2mfamilyserver_backend::tasks::seed_graph[0m[2m:[0m Found partner: None [2m[3menvironment[0m[2m=[0mdevelopment[0m [2m[3mtask[0m[2m=[0m"seed_tree"[0m
[2m2026-02-08T13:57:15.146186Z[0m [32m INFO[0m [1mapp[0m:[1mtask[0m: [2mfamilyserver_backend::tasks::seed_graph[0m[2m:[0m Adding node for **** Frederik Wistoft - Ibsen [2m[3menvironment[0m[2m=[0mdevelopment[0m [2m[3mtask[0m[2m=[0m"seed_tree"[0m
[2m2026-02-08T13:57:15.146221Z[0m [32m INFO[0m [1mapp[0m:[1mtask[0m: [2mfamilyserver_backend::tasks::seed_graph[0m[2m:[0m Found partner: None [2m[3menvironment[0m[2m=[0mdevelopment[0m [2m[3mtask[0m[2m=[0m"seed_tree"[0m
[2m2026-02-08T13:57:15.146252Z[0m [32m INFO[0m [1mapp[0m:[1mtask[0m: [2mfamilyserver_backend::tasks::seed_graph[0m[2m:[0m Adding node for **** Christian    Wistoft - Ibsen [2m[3menvironment[0m[2m=[0mdevelopment[0m [2m[3mtask[0m[2m=[0m"seed_tree"[0m
[2m2026-02-08T13:57:15.146286Z[0m [32m INFO[0m [1mapp[0m:[1mtask[0m: [2mfamilyserver_backend::tasks::seed_graph[0m[2m:[0m Found partner: None [2m[3menvironment[0m[2m=[0mdevelopment[0m [2m[3mtask[0m[2m=[0m"seed_tree"[0m
[2m2026-02-08T13:57:15.146322Z[0m [32m INFO[0m [1mapp[0m:[1mtask[0m: [2mfamilyserver_backend::tasks::seed_graph[0m[2m:[0m Found partner: Some(Person { generation: 0, name: " ~ Rikke", birthdate: "17.12.1977", last_name: "f.", address: "", city: "", landline: "", mobile_number: "23 80 90 56", email: "" }) [2m[3menvironment[0m[2m=[0mdevelopment[0m [2m[3mtask[0m[2m=[0m"seed_tree"[0m
[2m2026-02-08T13:57:15.146386Z[0m [32m INFO[0m [1mapp[0m:[1mtask[0m: [2mfamilyserver_backend::tasks::seed_graph[0m[2m:[0m Found partner: None [2m[3menvironment[0m[2m=[0mdevelopment[0m [2m[3mtask[0m[2m=[0m"seed_tree"[0m
[2m2026-02-08T13:57:15.146436Z[0m [32m INFO[0m [1mapp[0m:[1mtask[0m: [2mfamilyserver_backend::tasks::seed_graph[0m[2m:[0m Adding node for ** Lisbeth Wistoft f. Vestergaard [2m[3menvironment[0m[2m=[0mdevelopment[0m [2m[3mtask[0m[2m=[0m"seed_tree"[0m
[2m2026-02-08T13:57:15.146474Z[0m [32m INFO[0m [1mapp[0m:[1mtask[0m: [2mfamilyserver_backend::tasks::seed_graph[0m[2m:[0m Adding node for *** Tom Mumford [2m[3menvironment[0m[2m=[0mdevelopment[0m [2m[3mtask[0m[2m=[0m"seed_tree"[0m
[2m2026-02-08T13:57:15.146504Z[0m [32m INFO[0m [1mapp[0m:[1mtask[0m: [2mfamilyserver_backend::tasks::seed_graph[0m[2m:[0m Found partner: None [2m[3menvironment[0m[2m=[0mdevelopment[0m [2m[3mtask[0m[2m=[0m"seed_tree"[0m
[2m2026-02-08T13:57:15.146536Z[0m [32m INFO[0m [1mapp[0m:[1mtask[0m: [2mfamilyserver_backend::tasks::seed_graph[0m[2m:[0m Adding node for *** Lise Wistoft f. Mumford [2m[3menvironment[0m[2m=[0mdevelopment[0m [2m[3mtask[0m[2m=[0m"seed_tree"[0m
[2m2026-02-08T13:57:15.146566Z[0m [32m INFO[0m [1mapp[0m:[1mtask[0m: [2mfamilyserver_backend::tasks::seed_graph[0m[2m:[0m Adding node for **** Silke Wistoft Thomsen [2m[3menvironment[0m[2m=[0mdevelopment[0m [2m[3mtask[0m[2m=[0m"seed_tree"[0m
[2m2026-02-08T13:57:15.146597Z[0m [32m INFO[0m [1mapp[0m:[1mtask[0m: [2mfamilyserver_backend::tasks::seed_graph[0m[2m:[0m Found partner: None [2m[3menvironment[0m[2m=[0mdevelopment[0m [2m[3mtask[0m[2m=[0m"seed_tree"[0m
[2m2026-02-08T13:57:15.146627Z[0m [32m INFO[0m [1mapp[0m:[1mtask[0m: [2mfamilyserver_backend::tasks::seed_graph[0m[2m:[0m Adding node for **** Sabine Wistoft Thomsen [2m[3menvironment[0m[2m=[0mdevelopment[0m [2m[3mtask[0m[2m=[0m"seed_tree"[0m
[2m2026-02-08T13:57:15.146659Z[0m [32m INFO[0m [1mapp[0m:[1mtask[0m: [2mfamilyserver_backend::tasks::seed_graph[0m[2m:[0m Found partner: None [2m[3menvironment[0m[2m=[0mdevelopment[0m [2m[3mtask[0m[2m=[0m"seed_tree"[0m
[2m2026-02-08T13:57:15.146692Z[0m [32m INFO[0m [1mapp[0m:[1mtask[0m: [2mfamilyserver_backend::tasks::seed_graph[0m[2m:[0m Found partner: None [2m[3menvironment[0m[2m=[0mdevelopment[0m [2m[3mtask[0m[2m=[0m"seed_tree"[0m
[2m2026-02-08T13:57:15.146721Z[0m [32m INFO[0m [1mapp[0m:[1mtask[0m: [2mfamilyserver_backend::tasks::seed_graph[0m[2m:[0m Adding node for *** Joe Mumford [2m[3menvironment[0m[2m=[0mdevelopment[0m [2m[3mtask[0m[2m=[0m"seed_tree"[0m
[2m2026-02-08T13:57:15.146752Z[0m [32m INFO[0m [1mapp[0m:[1mtask[0m: [2mfamilyserver_backend::tasks::seed_graph[0m[2m:[0m Found partner: None [2m[3menvironment[0m[2m=[0mdevelopment[0m [2m[3mtask[0m[2m=[0m"seed_tree"[0m
[2m2026-02-08T13:57:15.146783Z[0m [32m INFO[0m [1mapp[0m:[1mtask[0m: [2mfamilyserver_backend::tasks::seed_graph[0m[2m:[0m Found partner: Some(Person { generation: 0, name: " ~ Terry", birthdate: "1947-1994", last_name: "Mumford", address: "", city: "", landline: "", mobile_number: "", email: "" }) [2m[3menvironment[0m[2m=[0mdevelopment[0m [2m[3mtask[0m[2m=[0m"seed_tree"[0m
[2m2026-02-08T13:57:15.146822Z[0m [32m INFO[0m [1mapp[0m:[1mtask[0m: [2mfamilyserver_backend::tasks::seed_graph[0m[2m:[0m Adding node for ** Kirsten Wistoft f. Vestergaard [2m[3menvironment[0m[2m=[0mdevelopment[0m [2m[3mtask[0m[2m=[0m"seed_tree"[0m
[2m2026-02-08T13:57:15.146854Z[0m [32m INFO[0m [1mapp[0m:[1mtask[0m: [2mfamilyserver_backend::tasks::seed_graph[0m[2m:[0m Adding node for *** Louise V Schumacher [2m[3menvironment[0m[2m=[0mdevelopment[0m [2m[3mtask[0m[2m=[0m"seed_tree"[0m
[2m2026-02-08T13:57:15.146885Z[0m [32m INFO[0m [1mapp[0m:[1mtask[0m: [2mfamilyserver_backend::tasks::seed_graph[0m[2m:[0m Adding node for **** Christine Schumacher Ottosen [2m[3menvironment[0m[2m=[0mdevelopment[0m [2m[3mtask[0m[2m=[0m"seed_tree"[0m
[2m2026-02-08T13:57:15.146919Z[0m [32m INFO[0m [1mapp[0m:[1mtask[0m: [2mfamilyserver_backend::tasks::seed_graph[0m[2m:[0m Found partner: None [2m[3menvironment[0m[2m=[0mdevelopment[0m [2m[3mtask[0m[2m=[0m"seed_tree"[0m
[2m2026-02-08T13:57:15.146954Z[0m [32m INFO[0m [1mapp[0m:[1mtask[0m: [2mfamilyserver_backend::tasks::seed_graph[0m[2m:[0m Adding node for **** Rasmus Schumacher Ottosen [2m[3menvironment[0m[2m=[0mdevelopment[0m [2m[3mtask[0m[2m=[0m"seed_tree"[0m
[2m2026-02-08T13:57:15.146989Z[0m [32m INFO[0m [1mapp[0m:[1mtask[0m: [2mfamilyserver_backend::tasks::seed_graph[0m[2m:[0m Found partner: None [2m[3menvironment[0m[2m=[0mdevelopment[0m [2m[3mtask[0m[2m=[0m"seed_tree"[0m
[2m2026-02-08T13:57:15.147020Z[0m [32m INFO[0m [1mapp[0m:[1mtask[0m: [2mfamilyserver_backend::tasks::seed_graph[0m[2m:[0m Found partner: Some(Person { generation: 0, name: " ~ Thomas", birthdate: "06.03.1975", last_name: "Ottosen", address: "", city: "          - do -", landline: "", mobile_number: "", email: "" }) [2m[3menvironment[0m[2m=[0mdevelopment[0m [2m[3mtask[0m[2m=[0m"seed_tree"[0m
[2m2026-02-08T13:57:15.147059Z[0m [32m INFO[0m [1mapp[0m:[1mtask[0m: [2mfamilyserver_backend::tasks::seed_graph[0m[2m:[0m Adding node for *** Pernille S V Schumacher [2m[3menvironment[0m[2m=[0mdevelopment[0m [2m[3mtask[0m[2m=[0m"seed_tree"[0m
[2m2026-02-08T13:57:15.147091Z[0m [32m INFO[0m [1mapp[0m:[1mtask[0m: [2mfamilyserver_backend::tasks::seed_graph[0m[2m:[0m Adding node for **** Veronica Wistoft    Erdmann [2m[3menvironment[0m[2m=[0mdevelopment[0m [2m[3mtask[0m[2m=[0m"seed_tree"[0m
[2m2026-02-08T13:57:15.147124Z[0m [32m INFO[0m [1mapp[0m:[1mtask[0m: [2mfamilyserver_backend::tasks::seed_graph[0m[2m:[0m Found partner: None [2m[3menvironment[0m[2m=[0mdevelopment[0m [2m[3mtask[0m[2m=[0m"seed_tree"[0m
[2m2026-02-08T13:57:15.147155Z[0m [32m INFO[0m [1mapp[0m:[1mtask[0m: [2mfamilyserver_backend::tasks::seed_graph[0m[2m:[0m Found partner: None [2m[3menvironment[0m[2m=[0mdevelopment[0m [2m[3mtask[0m[2m=[0m"seed_tree"[0m
[2m2026-02-08T13:57:15.147187Z[0m [32m INFO[0m [1mapp[0m:[1mtask[0m: [2mfamilyserver_backend::tasks::seed_graph[0m[2m:[0m Found partner: Some(Person { generation: 0, name: " ~ Jørgen Peter", birthdate: "1940 - 2020", last_name: "Schumacher", address: "", city: "", landline: "", mobile_number: "", email: "" }) [2m[3menvironment[0m[2m=[0mdevelopment[0m [2m[3mtask[0m[2m=[0m"seed_tree"[0m
[2m2026-02-08T13:57:15.147233Z[0m [32m INFO[0m [1mapp[0m:[1mtask[0m: [2mfamilyserver_backend::tasks::seed_graph[0m[2m:[0m Adding node for ** Margrethe Wistoft f. Vestergaard [2m[3menvironment[0m[2m=[0mdevelopment[0m [2m[3mtask[0m[2m=[0m"seed_tree"[0m
[2m2026-02-08T13:57:15.147264Z[0m [32m INFO[0m [1mapp[0m:[1mtask[0m: [2mfamilyserver_backend::tasks::seed_graph[0m[2m:[0m Adding node for *** Malene Emborg Andersen [2m[3menvironment[0m[2m=[0mdevelopment[0m [2m[3mtask[0m[2m=[0m"seed_tree"[0m
[2m2026-02-08T13:57:15.147298Z[0m [32m INFO[0m [1mapp[0m:[1mtask[0m: [2mfamilyserver_backend::tasks::seed_graph[0m[2m:[0m Adding node for ****Ella Marie Emborg Andersen [2m[3menvironment[0m[2m=[0mdevelopment[0m [2m[3mtask[0m[2m=[0m"seed_tree"[0m
[2m2026-02-08T13:57:15.147328Z[0m [32m INFO[0m [1mapp[0m:[1mtask[0m: [2mfamilyserver_backend::tasks::seed_graph[0m[2m:[0m Found partner: None [2m[3menvironment[0m[2m=[0mdevelopment[0m [2m[3mtask[0m[2m=[0m"seed_tree"[0m
[2m2026-02-08T13:57:15.147368Z[0m [32m INFO[0m [1mapp[0m:[1mtask[0m: [2mfamilyserver_backend::tasks::seed_graph[0m[2m:[0m Adding node for **** Toke Klemen Emborg Andersen [2m[3menvironment[0m[2m=[0mdevelopment[0m [2m[3mtask[0m[2m=[0m"seed_tree"[0m
[2m2026-02-08T13:57:15.147407Z[0m [32m INFO[0m [1mapp[0m:[1mtask[0m: [2mfamilyserver_backend::tasks::seed_graph[0m[2m:[0m Found partner: None [2m[3menvironment[0m[2m=[0mdevelopment[0m [2m[3mtask[0m[2m=[0m"seed_tree"[0m
[2m2026-02-08T13:57:15.147441Z[0m [32m INFO[0m [1mapp[0m:[1mtask[0m: [2mfamilyserver_backend::tasks::seed_graph[0m[2m:[0m Found partner: Some(Person { generation: 0, name: " ~ Michael", birthdate: "30.03.1982", last_name: "Andersen", address: "", city: "", landline: "", mobile_number: "31 24 10 02", email: "" }) [2m[3menvironment[0m[2m=[0mdevelopment[0m [2m[3mtask[0m[2m=[0m"seed_tree"[0m
[2m2026-02-08T13:57:15.147482Z[0m [32m INFO[0m [1mapp[0m:[1mtask[0m: [2mfamilyserver_backend::tasks::seed_graph[0m[2m:[0m Adding node for *** Mette  Emborg Lassen [2m[3menvironment[0m[2m=[0mdevelopment[0m [2m[3mtask[0m[2m=[0m"seed_tree"[0m
[2m2026-02-08T13:57:15.147512Z[0m [32m INFO[0m [1mapp[0m:[1mtask[0m: [2mfamilyserver_backend::tasks::seed_graph[0m[2m:[0m Adding node for **** Ingrid  Emborg Lassen [2m[3menvironment[0m[2m=[0mdevelopment[0m [2m[3mtask[0m[2m=[0m"seed_tree"[0m
[2m2026-02-08T13:57:15.147544Z[0m [32m INFO[0m [1mapp[0m:[1mtask[0m: [2mfamilyserver_backend::tasks::seed_graph[0m[2m:[0m Found partner: None [2m[3menvironment[0m[2m=[0mdevelopment[0m [2m[3mtask[0m[2m=[0m"seed_tree"[0m
[2m2026-02-08T13:57:15.147576Z[0m [32m INFO[0m [1mapp[0m:[1mtask[0m: [2mfamilyserver_backend::tasks::seed_graph[0m[2m:[0m Adding node for **** Daniel Emborg Lassen [2m[3menvironment[0m[2m=[0mdevelopment[0m [2m[3mtask[0m[2m=[0m"seed_tree"[0m
[2m2026-02-08T13:57:15.147607Z[0m [32m INFO[0m [1mapp[0m:[1mtask[0m: [2mfamilyserver_backend::tasks::seed_graph[0m[2m:[0m Found partner: None [2m[3menvironment[0m[2m=[0mdevelopment[0m [2m[3mtask[0m[2m=[0m"seed_tree"[0m
[2m2026-02-08T13:57:15.147639Z[0m [32m INFO[0m [1mapp[0m:[1mtask[0m: [2mfamilyserver_backend::tasks::seed_graph[0m[2m:[0m Found partner: Some(Person { generation: 0, name: " ~ Søren", birthdate: "13.06.1967", last_name: "Lassen", address: "  -do-", city: "", landline: "74 82 00 63", mobile_number: "22 44 29 92", email: "sdlassen@bbsyd.dk" }) [2m[3menvironment[0m[2m=[0mdevelopment[0m [2m[3mtask[0m[2m=[0m"seed_tree"[0m
[2m2026-02-08T13:57:15.147680Z[0m [32m INFO[0m [1mapp[0m:[1mtask[0m: [2mfamilyserver_backend::tasks::seed_graph[0m[2m:[0m Adding node for *** Karin Emborg Andreasen [2m[3menvironment[0m[2m=[0mdevelopment[0m [2m[3mtask[0m[2m=[0m"seed_tree"[0m
[2m2026-02-08T13:57:15.147709Z[0m [32m INFO[0m [1mapp[0m:[1mtask[0m: [2mfamilyserver_backend::tasks::seed_graph[0m[2m:[0m Adding node for **** Philip        Andreasen [2m[3menvironment[0m[2m=[0mdevelopment[0m [2m[3mtask[0m[2m=[0m"seed_tree"[0m
[2m2026-02-08T13:57:15.147738Z[0m [32m INFO[0m [1mapp[0m:[1mtask[0m: [2mfamilyserver_backend::tasks::seed_graph[0m[2m:[0m Found partner: None [2m[3menvironment[0m[2m=[0mdevelopment[0m [2m[3mtask[0m[2m=[0m"seed_tree"[0m
[2m2026-02-08T13:57:15.147772Z[0m [32m INFO[0m [1mapp[0m:[1mtask[0m: [2mfamilyserver_backend::tasks::seed_graph[0m[2m:[0m Adding node for **** Mads        Andreasen [2m[3menvironment[0m[2m=[0mdevelopment[0m [2m[3mtask[0m[2m=[0m"seed_tree"[0m
[2m2026-02-08T13:57:15.147803Z[0m [32m INFO[0m [1mapp[0m:[1mtask[0m: [2mfamilyserver_backend::tasks::seed_graph[0m[2m:[0m Found partner: None [2m[3menvironment[0m[2m=[0mdevelopment[0m [2m[3mtask[0m[2m=[0m"seed_tree"[0m
[2m2026-02-08T13:57:15.147831Z[0m [32m INFO[0m [1mapp[0m:[1mtask[0m: [2mfamilyserver_backend::tasks::seed_graph[0m[2m:[0m Adding node for **** Rebecca     Andreasen [2m[3menvironment[0m[2m=[0mdevelopment[0m [2m[3mtask[0m[2m=[0m"seed_tree"[0m
[2m2026-02-08T13:57:15.147861Z[0m [32m INFO[0m [1mapp[0m:[1mtask[0m: [2mfamilyserver_backend::tasks::seed_graph[0m[2m:[0m Found partner: None [2m[3menvironment[0m[2m=[0mdevelopment[0m [2m[3mtask[0m[2m=[0m"seed_tree"[0m
[2m2026-02-08T13:57:15.147894Z[0m [32m INFO[0m [1mapp[0m:[1mtask[0m: [2mfamilyserver_backend::tasks::seed_graph[0m[2m:[0m Found partner: Some(Person { generation: 0, name: " ~ Klaus", birthdate: "23.06.1966", last_name: "Andreasen", address: "", city: "", landline: "", mobile_number: "", email: "" }) [2m[3menvironment[0m[2m=[0mdevelopment[0m [2m[3mtask[0m[2m=[0m"seed_tree"[0m
[2m2026-02-08T13:57:15.147935Z[0m [32m INFO[0m [1mapp[0m:[1mtask[0m: [2mfamilyserver_backend::tasks::seed_graph[0m[2m:[0m Adding node for *** Klaus  Emborg [2m[3menvironment[0m[2m=[0mdevelopment[0m [2m[3mtask[0m[2m=[0m"seed_tree"[0m
[2m2026-02-08T13:57:15.147967Z[0m [32m INFO[0m [1mapp[0m:[1mtask[0m: [2mfamilyserver_backend::tasks::seed_graph[0m[2m:[0m Adding node for **** Mikkel Emborg [2m[3menvironment[0m[2m=[0mdevelopment[0m [2m[3mtask[0m[2m=[0m"seed_tree"[0m
[2m2026-02-08T13:57:15.147997Z[0m [32m INFO[0m [1mapp[0m:[1mtask[0m: [2mfamilyserver_backend::tasks::seed_graph[0m[2m:[0m Found partner: None [2m[3menvironment[0m[2m=[0mdevelopment[0m [2m[3mtask[0m[2m=[0m"seed_tree"[0m
[2m2026-02-08T13:57:15.148026Z[0m [32m INFO[0m [1mapp[0m:[1mtask[0m: [2mfamilyserver_backend::tasks::seed_graph[0m[2m:[0m Adding node for **** Kasper      Emborg [2m[3menvironment[0m[2m=[0mdevelopment[0m [2m[3mtask[0m[2m=[0m"seed_tree"[0m
[2m2026-02-08T13:57:15.148054Z[0m [32m INFO[0m [1mapp[0m:[1mtask[0m: [2mfamilyserver_backend::tasks::seed_graph[0m[2m:[0m Found partner: None [2m[3menvironment[0m[2m=[0mdevelopment[0m [2m[3mtask[0m[2m=[0m"seed_tree"[0m
[2m2026-02-08T13:57:15.148085Z[0m [32m INFO[0m [1mapp[0m:[1mtask[0m: [2mfamilyserver_backend::tasks::seed_graph[0m[2m:[0m Adding node for **** Kamilla   Emborg [2m[3menvironment[0m[2m=[0mdevelopment[0m [2m[3mtask[0m[2m=[0m"seed_tree"[0m
[2m2026-02-08T13:57:15.148115Z[0m [32m INFO[0m [1mapp[0m:[1mtask[0m: [2mfamilyserver_backend::tasks::seed_graph[0m[2m:[0m Found partner: None [2m[3menvironment[0m[2m=[0mdevelopment[0m [2m[3mtask[0m[2m=[0m"seed_tree"[0m
[2m2026-02-08T13:57:15.148142Z[0m [32m INFO[0m [1mapp[0m:[1mtask[0m: [2mfamilyserver_backend::tasks::seed_graph[0m[2m:[0m Adding node for **** Michael    Emborg [2m[3menvironment[0m[2m=[0mdevelopment[0m [2m[3mtask[0m[2m=[0m"seed_tree"[0m
[2m2026-02-08T13:57:15.148173Z[0m [32m INFO[0m [1mapp[0m:[1mtask[0m: [2mfamilyserver_backend::tasks::seed_graph[0m[2m:[0m Found partner: None [2m[3menvironment[0m[2m=[0mdevelopment[0m [2m[3mtask[0m[2m=[0m"seed_tree"[0m
[2m2026-02-08T13:57:15.148204Z[0m [32m INFO[0m [1mapp[0m:[1mtask[0m: [2mfamilyserver_backend::tasks::seed_graph[0m[2m:[0m Found partner: None [2m[3menvironment[0m[2m=[0mdevelopment[0m [2m[3mtask[0m[2m=[0m"seed_tree"[0m
[2m2026-02-08T13:57:15.148234Z[0m [32m INFO[0m [1mapp[0m:[1mtask[0m: [2mfamilyserver_backend::tasks::seed_graph[0m[2m:[0m Found partner: Some(Person { generation: 0, name: "1. ~ Kaj", birthdate: "1946 - 2023", last_name: "Emborg", address: "", city: "", landline: "", mobile_number: "", email: "" }) [2m[3menvironment[0m[2m=[0mdevelopment[0m [2m[3mtask[0m[2m=[0m"seed_tree"[0m
[2m2026-02-08T13:57:15.148275Z[0m [32m INFO[0m [1mapp[0m:[1mtask[0m: [2mfamilyserver_backend::tasks::seed_graph[0m[2m:[0m Found partner: Some(Person { generation: 0, name: " ~ Ivar", birthdate: "1917-2001", last_name: "Vestergaard", address: "", city: "", landline: "", mobile_number: "", email: "" }) [2m[3menvironment[0m[2m=[0mdevelopment[0m [2m[3mtask[0m[2m=[0m"seed_tree"[0m
[2m2026-02-08T13:57:15.148315Z[0m [32m INFO[0m [1mapp[0m:[1mtask[0m: [2mfamilyserver_backend::tasks::seed_graph[0m[2m:[0m Found partner: Some(Person { generation: 0, name: " ~ Elna Christina", birthdate: "1896-1972", last_name: "f. Ebbesen", address: "", city: "", landline: "", mobile_number: "", email: "" }) [2m[3menvironment[0m[2m=[0mdevelopment[0m [2m[3mtask[0m[2m=[0m"seed_tree"[0m
[2m2026-02-08T13:57:15.148363Z[0m [32m INFO[0m [1mapp[0m:[1mtask[0m: [2mfamilyserver_backend::tasks::seed_graph[0m[2m:[0m Adding node for Laura Mathilde f. Wistoft [2m[3menvironment[0m[2m=[0mdevelopment[0m [2m[3mtask[0m[2m=[0m"seed_tree"[0m
[2m2026-02-08T13:57:15.148402Z[0m [32m INFO[0m [1mapp[0m:[1mtask[0m: [2mfamilyserver_backend::tasks::seed_graph[0m[2m:[0m Adding node for * Karen  Nielsen, f. Iskov [2m[3menvironment[0m[2m=[0mdevelopment[0m [2m[3mtask[0m[2m=[0m"seed_tree"[0m
[2m2026-02-08T13:57:15.148432Z[0m [32m INFO[0m [1mapp[0m:[1mtask[0m: [2mfamilyserver_backend::tasks::seed_graph[0m[2m:[0m Adding node for  ** Anne Mathilde Iskov [2m[3menvironment[0m[2m=[0mdevelopment[0m [2m[3mtask[0m[2m=[0m"seed_tree"[0m
[2m2026-02-08T13:57:15.148461Z[0m [32m INFO[0m [1mapp[0m:[1mtask[0m: [2mfamilyserver_backend::tasks::seed_graph[0m[2m:[0m Found partner: None [2m[3menvironment[0m[2m=[0mdevelopment[0m [2m[3mtask[0m[2m=[0m"seed_tree"[0m
[2m2026-02-08T13:57:15.148491Z[0m [32m INFO[0m [1mapp[0m:[1mtask[0m: [2mfamilyserver_backend::tasks::seed_graph[0m[2m:[0m Found partner: None [2m[3menvironment[0m[2m=[0mdevelopment[0m [2m[3mtask[0m[2m=[0m"seed_tree"[0m
[2m2026-02-08T13:57:15.148522Z[0m [32m INFO[0m [1mapp[0m:[1mtask[0m: [2mfamilyserver_backend::tasks::seed_graph[0m[2m:[0m Adding node for * Jakob Oluf Iskov [2m[3menvironment[0m[2m=[0mdevelopment[0m [2m[3mtask[0m[2m=[0m"seed_tree"[0m
[2m2026-02-08T13:57:15.148552Z[0m [32m INFO[0m [1mapp[0m:[1mtask[0m: [2mfamilyserver_backend::tasks::seed_graph[0m[2m:[0m Adding node for  ** Hans Christian Iskov [2m[3menvironment[0m[2m=[0mdevelopment[0m [2m[3mtask[0m[2m=[0m"seed_tree"[0m
[2m2026-02-08T13:57:15.148584Z[0m [32m INFO[0m [1mapp[0m:[1mtask[0m: [2mfamilyserver_backend::tasks::seed_graph[0m[2m:[0m Adding node for  *** Matias Bang Iskov [2m[3menvironment[0m[2m=[0mdevelopment[0m [2m[3mtask[0m[2m=[0m"seed_tree"[0m
[2m2026-02-08T13:57:15.148616Z[0m [32m INFO[0m [1mapp[0m:[1mtask[0m: [2mfamilyserver_backend::tasks::seed_graph[0m[2m:[0m Adding node for **** Lauge Iskov [2m[3menvironment[0m[2m=[0mdevelopment[0m [2m[3mtask[0m[2m=[0m"seed_tree"[0m
[2m2026-02-08T13:57:15.148646Z[0m [32m INFO[0m [1mapp[0m:[1mtask[0m: [2mfamilyserver_backend::tasks::seed_graph[0m[2m:[0m Found partner: None [2m[3menvironment[0m[2m=[0mdevelopment[0m [2m[3mtask[0m[2m=[0m"seed_tree"[0m
[2m2026-02-08T13:57:15.148674Z[0m [32m INFO[0m [1mapp[0m:[1mtask[0m: [2mfamilyserver_backend::tasks::seed_graph[0m[2m:[0m Found partner: None [2m[3menvironment[0m[2m=[0mdevelopment[0m [2m[3mtask[0m[2m=[0m"seed_tree"[0m
[2m2026-02-08T13:57:15.148703Z[0m [32m INFO[0m [1mapp[0m:[1mtask[0m: [2mfamilyserver_backend::tasks::seed_graph[0m[2m:[0m Adding node for  *** Katrine Bang Iskov [2m[3menvironment[0m[2m=[0mdevelopment[0m [2m[3mtask[0m[2m=[0m"seed_tree"[0m
[2m2026-02-08T13:57:15.148731Z[0m [32m INFO[0m [1mapp[0m:[1mtask[0m: [2mfamilyserver_backend::tasks::seed_graph[0m[2m:[0m Found partner: None [2m[3menvironment[0m[2m=[0mdevelopment[0m [2m[3mtask[0m[2m=[0m"seed_tree"[0m
[2m2026-02-08T13:57:15.148762Z[0m [32m INFO[0m [1mapp[0m:[1mtask[0m: [2mfamilyserver_backend::tasks::seed_graph[0m[2m:[0m Found partner: Some(Person { generation: 0, name: " ~ Tove Bang", birthdate: "16.02.1968", last_name: "Iskov", address: "            do", city: "", landline: "", mobile_number: "21 65 19 63", email: "tove@iskov.eu" }) [2m[3menvironment[0m[2m=[0mdevelopment[0m [2m[3mtask[0m[2m=[0m"seed_tree"[0m
[2m2026-02-08T13:57:15.148803Z[0m [32m INFO[0m [1mapp[0m:[1mtask[0m: [2mfamilyserver_backend::tasks::seed_graph[0m[2m:[0m Adding node for  ** Anne Birgitte Iskov [2m[3menvironment[0m[2m=[0mdevelopment[0m [2m[3mtask[0m[2m=[0m"seed_tree"[0m
[2m2026-02-08T13:57:15.148837Z[0m [32m INFO[0m [1mapp[0m:[1mtask[0m: [2mfamilyserver_backend::tasks::seed_graph[0m[2m:[0m Found partner: None [2m[3menvironment[0m[2m=[0mdevelopment[0m [2m[3mtask[0m[2m=[0m"seed_tree"[0m
[2m2026-02-08T13:57:15.148873Z[0m [32m INFO[0m [1mapp[0m:[1mtask[0m: [2mfamilyserver_backend::tasks::seed_graph[0m[2m:[0m Found partner: Some(Person { generation: 0, name: " ~ Ulla Margrethe", birthdate: "1937 - 1984", last_name: "f. Koch", address: "", city: "", landline: "", mobile_number: "", email: "" }) [2m[3menvironment[0m[2m=[0mdevelopment[0m [2m[3mtask[0m[2m=[0m"seed_tree"[0m
[2m2026-02-08T13:57:15.148913Z[0m [32m INFO[0m [1mapp[0m:[1mtask[0m: [2mfamilyserver_backend::tasks::seed_graph[0m[2m:[0m Adding node for * Erik Iskov [2m[3menvironment[0m[2m=[0mdevelopment[0m [2m[3mtask[0m[2m=[0m"seed_tree"[0m
[2m2026-02-08T13:57:15.148944Z[0m [32m INFO[0m [1mapp[0m:[1mtask[0m: [2mfamilyserver_backend::tasks::seed_graph[0m[2m:[0m Adding node for  ** Jakob Christian Iskov [2m[3menvironment[0m[2m=[0mdevelopment[0m [2m[3mtask[0m[2m=[0m"seed_tree"[0m
[2m2026-02-08T13:57:15.148976Z[0m [32m INFO[0m [1mapp[0m:[1mtask[0m: [2mfamilyserver_backend::tasks::seed_graph[0m[2m:[0m Found partner: None [2m[3menvironment[0m[2m=[0mdevelopment[0m [2m[3mtask[0m[2m=[0m"seed_tree"[0m
[2m2026-02-08T13:57:15.149007Z[0m [32m INFO[0m [1mapp[0m:[1mtask[0m: [2mfamilyserver_backend::tasks::seed_graph[0m[2m:[0m Found partner: Some(Person { generation: 0, name: " ~ Birgit?", birthdate: "?", last_name: "", address: "", city: "", landline: "", mobile_number: "", email: "" }) [2m[3menvironment[0m[2m=[0mdevelopment[0m [2m[3mtask[0m[2m=[0m"seed_tree"[0m
[2m2026-02-08T13:57:15.149046Z[0m [32m INFO[0m [1mapp[0m:[1mtask[0m: [2mfamilyserver_backend::tasks::seed_graph[0m[2m:[0m Found partner: Some(Person { generation: 0, name: " ~ Hans Christian O.", birthdate: "1896 - 1959", last_name: "Iskov", address: "", city: "", landline: "", mobile_number: "", email: "" }) [2m[3menvironment[0m[2m=[0mdevelopment[0m [2m[3mtask[0m[2m=[0m"seed_tree"[0m
[2m2026-02-08T13:57:15.149087Z[0m [32m INFO[0m [1mapp[0m:[1mtask[0m: [2mfamilyserver_backend::tasks::seed_graph[0m[2m:[0m Found partner: Some(Person { generation: -1, name: "Jacobine f. Øvlesen", birthdate: "1865-1922", last_name: "", address: "", city: "", landline: "", mobile_number: "", email: "" }) [2m[3menvironment[0m[2m=[0mdevelopment[0m [2m[3mtask[0m[2m=[0m"seed_tree"[0m
[2m2026-02-08T13:57:15.149131Z[0m [32m INFO[0m [1mapp[0m:[1mtask[0m: [2mfamilyserver_backend::tasks::seed_graph[0m[2m:[0m Adding node for  - Klaus Elian [2m[3menvironment[0m[2m=[0mdevelopment[0m [2m[3mtask[0m[2m=[0m"seed_tree"[0m
[2m2026-02-08T13:57:15.149161Z[0m [32m INFO[0m [1mapp[0m:[1mtask[0m: [2mfamilyserver_backend::tasks::seed_graph[0m[2m:[0m Found partner: None [2m[3menvironment[0m[2m=[0mdevelopment[0m [2m[3mtask[0m[2m=[0m"seed_tree"[0m
[2m2026-02-08T13:57:15.149190Z[0m [32m INFO[0m [1mapp[0m:[1mtask[0m: [2mfamilyserver_backend::tasks::seed_graph[0m[2m:[0m Adding node for  - Louise Damgaard [2m[3menvironment[0m[2m=[0mdevelopment[0m [2m[3mtask[0m[2m=[0m"seed_tree"[0m
[2m2026-02-08T13:57:15.149220Z[0m [32m INFO[0m [1mapp[0m:[1mtask[0m: [2mfamilyserver_backend::tasks::seed_graph[0m[2m:[0m Found partner: None [2m[3menvironment[0m[2m=[0mdevelopment[0m [2m[3mtask[0m[2m=[0m"seed_tree"[0m
[2m2026-02-08T13:57:15.149251Z[0m [32m INFO[0m [1mapp[0m:[1mtask[0m: [2mfamilyserver_backend::tasks::seed_graph[0m[2m:[0m Adding node for 2. -Willy Holm [2m[3menvironment[0m[2m=[0mdevelopment[0m [2m[3mtask[0m[2m=[0m"seed_tree"[0m
[2m2026-02-08T13:57:15.149280Z[0m [32m INFO[0m [1mapp[0m:[1mtask[0m: [2mfamilyserver_backend::tasks::seed_graph[0m[2m:[0m Found partner: None [2m[3menvironment[0m[2m=[0mdevelopment[0m [2m[3mtask[0m[2m=[0m"seed_tree"[0m
[2m2026-02-08T13:57:15.149314Z[0m [32m INFO[0m [1mapp[0m:[1mtask[0m: [2mfamilyserver_backend::tasks::seed_graph[0m[2m:[0m Adding node for 1. -/- Marianne  [2m[3menvironment[0m[2m=[0mdevelopment[0m [2m[3mtask[0m[2m=[0m"seed_tree"[0m
[2m2026-02-08T13:57:15.149348Z[0m [32m INFO[0m [1mapp[0m:[1mtask[0m: [2mfamilyserver_backend::tasks::seed_graph[0m[2m:[0m Found partner: None [2m[3menvironment[0m[2m=[0mdevelopment[0m [2m[3mtask[0m[2m=[0m"seed_tree"[0m
[2m2026-02-08T13:57:15.149394Z[0m [32m INFO[0m [1mapp[0m:[1mtask[0m: [2mfamilyserver_backend::tasks::seed_graph[0m[2m:[0m Adding node for 2. -/- Irina f. Malakhova [2m[3menvironment[0m[2m=[0mdevelopment[0m [2m[3mtask[0m[2m=[0m"seed_tree"[0m
[2m2026-02-08T13:57:15.149426Z[0m [32m INFO[0m [1mapp[0m:[1mtask[0m: [2mfamilyserver_backend::tasks::seed_graph[0m[2m:[0m Found partner: None [2m[3menvironment[0m[2m=[0mdevelopment[0m [2m[3mtask[0m[2m=[0m"seed_tree"[0m
[2m2026-02-08T13:57:15.149456Z[0m [32m INFO[0m [1mapp[0m:[1mtask[0m: [2mfamilyserver_backend::tasks::seed_graph[0m[2m:[0m Adding node for  - Teis  [2m[3menvironment[0m[2m=[0mdevelopment[0m [2m[3mtask[0m[2m=[0m"seed_tree"[0m
[2m2026-02-08T13:57:15.149485Z[0m [32m INFO[0m [1mapp[0m:[1mtask[0m: [2mfamilyserver_backend::tasks::seed_graph[0m[2m:[0m Found partner: None [2m[3menvironment[0m[2m=[0mdevelopment[0m [2m[3mtask[0m[2m=[0m"seed_tree"[0m
[2m2026-02-08T13:57:15.149516Z[0m [32m INFO[0m [1mapp[0m:[1mtask[0m: [2mfamilyserver_backend::tasks::seed_graph[0m[2m:[0m Adding node for  - - Oliver Lassen [2m[3menvironment[0m[2m=[0mdevelopment[0m [2m[3mtask[0m[2m=[0m"seed_tree"[0m
[2m2026-02-08T13:57:15.149546Z[0m [32m INFO[0m [1mapp[0m:[1mtask[0m: [2mfamilyserver_backend::tasks::seed_graph[0m[2m:[0m Found partner: None [2m[3menvironment[0m[2m=[0mdevelopment[0m [2m[3mtask[0m[2m=[0m"seed_tree"[0m
[2m2026-02-08T13:57:15.149577Z[0m [32m INFO[0m [1mapp[0m:[1mtask[0m: [2mfamilyserver_backend::tasks::seed_graph[0m[2m:[0m Adding node for  - Freja Ottosen [2m[3menvironment[0m[2m=[0mdevelopment[0m [2m[3mtask[0m[2m=[0m"seed_tree"[0m
[2m2026-02-08T13:57:15.149609Z[0m [32m INFO[0m [1mapp[0m:[1mtask[0m: [2mfamilyserver_backend::tasks::seed_graph[0m[2m:[0m Found partner: None [2m[3menvironment[0m[2m=[0mdevelopment[0m [2m[3mtask[0m[2m=[0m"seed_tree"[0m
[2m2026-02-08T13:57:15.149641Z[0m [32m INFO[0m [1mapp[0m:[1mtask[0m: [2mfamilyserver_backend::tasks::seed_graph[0m[2m:[0m Adding node for .-/- Christian Briey Thomsen [2m[3menvironment[0m[2m=[0mdevelopment[0m [2m[3mtask[0m[2m=[0m"seed_tree"[0m
[2m2026-02-08T13:57:15.149672Z[0m [32m INFO[0m [1mapp[0m:[1mtask[0m: [2mfamilyserver_backend::tasks::seed_graph[0m[2m:[0m Found partner: None [2m[3menvironment[0m[2m=[0mdevelopment[0m [2m[3mtask[0m[2m=[0m"seed_tree"[0m
[2m2026-02-08T13:57:15.149703Z[0m [32m INFO[0m [1mapp[0m:[1mtask[0m: [2mfamilyserver_backend::tasks::seed_graph[0m[2m:[0m Adding node for .-/- Klaus Ibsen [2m[3menvironment[0m[2m=[0mdevelopment[0m [2m[3mtask[0m[2m=[0m"seed_tree"[0m
[2m2026-02-08T13:57:15.149732Z[0m [32m INFO[0m [1mapp[0m:[1mtask[0m: [2mfamilyserver_backend::tasks::seed_graph[0m[2m:[0m Found partner: None [2m[3menvironment[0m[2m=[0mdevelopment[0m [2m[3mtask[0m[2m=[0m"seed_tree"[0m
[2m2026-02-08T13:57:15.149764Z[0m [32m INFO[0m [1mapp[0m:[1mtask[0m: [2mfamilyserver_backend::tasks::seed_graph[0m[2m:[0m Adding node for .-/- Karina f. [2m[3menvironment[0m[2m=[0mdevelopment[0m [2m[3mtask[0m[2m=[0m"seed_tree"[0m
[2m2026-02-08T13:57:15.149795Z[0m [32m INFO[0m [1mapp[0m:[1mtask[0m: [2mfamilyserver_backend::tasks::seed_graph[0m[2m:[0m Found partner: None [2m[3menvironment[0m[2m=[0mdevelopment[0m [2m[3mtask[0m[2m=[0m"seed_tree"[0m
[2m2026-02-08T13:57:15.149830Z[0m [32m INFO[0m [1mapp[0m:[1mtask[0m: [2mfamilyserver_backend::tasks::seed_graph[0m[2m:[0m Adding node for .-/- Allan Hamann Christensen [2m[3menvironment[0m[2m=[0mdevelopment[0m [2m[3mtask[0m[2m=[0m"seed_tree"[0m
[2m2026-02-08T13:57:15.149863Z[0m [32m INFO[0m [1mapp[0m:[1mtask[0m: [2mfamilyserver_backend::tasks::seed_graph[0m[2m:[0m Found partner: None [2m[3menvironment[0m[2m=[0mdevelopment[0m [2m[3mtask[0m[2m=[0m"seed_tree"[0m
[2m2026-02-08T13:57:15.149893Z[0m [32m INFO[0m [1mapp[0m:[1mtask[0m: [2mfamilyserver_backend::tasks::seed_graph[0m[2m:[0m Adding node for .-/- Viggo Larsen [2m[3menvironment[0m[2m=[0mdevelopment[0m [2m[3mtask[0m[2m=[0m"seed_tree"[0m
[2m2026-02-08T13:57:15.149921Z[0m [32m INFO[0m [1mapp[0m:[1mtask[0m: [2mfamilyserver_backend::tasks::seed_graph[0m[2m:[0m Found partner: None [2m[3menvironment[0m[2m=[0mdevelopment[0m [2m[3mtask[0m[2m=[0m"seed_tree"[0m
[2m2026-02-08T13:57:15.149951Z[0m [32m INFO[0m [1mapp[0m:[1mtask[0m: [2mfamilyserver_backend::tasks::seed_graph[0m[2m:[0m Adding node for .-/- Britza f. Skjold Christiansen [2m[3menvironment[0m[2m=[0mdevelopment[0m [2m[3mtask[0m[2m=[0m"seed_tree"[0m
[2m2026-02-08T13:57:15.149983Z[0m [32m INFO[0m [1mapp[0m:[1mtask[0m: [2mfamilyserver_backend::tasks::seed_graph[0m[2m:[0m Found partner: None [2m[3menvironment[0m[2m=[0mdevelopment[0m [2m[3mtask[0m[2m=[0m"seed_tree"[0m
[2m2026-02-08T13:57:15.150018Z[0m [32m INFO[0m [1mapp[0m:[1mtask[0m: [2mfamilyserver_backend::tasks::seed_graph[0m[2m:[0m Adding node for  - Mikkel Bayer Næstved [2m[3menvironment[0m[2m=[0mdevelopment[0m [2m[3mtask[0m[2m=[0m"seed_tree"[0m
[2m2026-02-08T13:57:15.150047Z[0m [32m INFO[0m [1mapp[0m:[1mtask[0m: [2mfamilyserver_backend::tasks::seed_graph[0m[2m:[0m Found partner: None [2m[3menvironment[0m[2m=[0mdevelopment[0m [2m[3mtask[0m[2m=[0m"seed_tree"[0m
[2m2026-02-08T13:57:15.150080Z[0m [32m INFO[0m [1mapp[0m:[1mtask[0m: [2mfamilyserver_backend::tasks::seed_graph[0m[2m:[0m Adding node for  - Andreas Willer Jørgensen [2m[3menvironment[0m[2m=[0mdevelopment[0m [2m[3mtask[0m[2m=[0m"seed_tree"[0m
[2m2026-02-08T13:57:15.150112Z[0m [32m INFO[0m [1mapp[0m:[1mtask[0m: [2mfamilyserver_backend::tasks::seed_graph[0m[2m:[0m Found partner: None [2m[3menvironment[0m[2m=[0mdevelopment[0m [2m[3mtask[0m[2m=[0m"seed_tree"[0m
[2m2026-02-08T13:57:15.150144Z[0m [32m INFO[0m [1mapp[0m:[1mtask[0m: [2mfamilyserver_backend::tasks::seed_graph[0m[2m:[0m Adding node for 1.-/- Karen F. Christoffersen [2m[3menvironment[0m[2m=[0mdevelopment[0m [2m[3mtask[0m[2m=[0m"seed_tree"[0m
[2m2026-02-08T13:57:15.150176Z[0m [32m INFO[0m [1mapp[0m:[1mtask[0m: [2mfamilyserver_backend::tasks::seed_graph[0m[2m:[0m Found partner: None [2m[3menvironment[0m[2m=[0mdevelopment[0m [2m[3mtask[0m[2m=[0m"seed_tree"[0m
[2m2026-02-08T13:57:15.150211Z[0m [32m INFO[0m [1mapp[0m:[1mtask[0m: [2mfamilyserver_backend::tasks::seed_graph[0m[2m:[0m Adding node for .-/- Line Vanggård [2m[3menvironment[0m[2m=[0mdevelopment[0m [2m[3mtask[0m[2m=[0m"seed_tree"[0m
[2m2026-02-08T13:57:15.150245Z[0m [32m INFO[0m [1mapp[0m:[1mtask[0m: [2mfamilyserver_backend::tasks::seed_graph[0m[2m:[0m Found partner: None [2m[3menvironment[0m[2m=[0mdevelopment[0m [2m[3mtask[0m[2m=[0m"seed_tree"[0m
[2m2026-02-08T13:57:15.150277Z[0m [32m INFO[0m [1mapp[0m:[1mtask[0m: [2mfamilyserver_backend::tasks::seed_graph[0m[2m:[0m Adding node for .-/-  Claus Nielsen [2m[3menvironment[0m[2m=[0mdevelopment[0m [2m[3mtask[0m[2m=[0m"seed_tree"[0m
[2m2026-02-08T13:57:15.150305Z[0m [32m INFO[0m [1mapp[0m:[1mtask[0m: [2mfamilyserver_backend::tasks::seed_graph[0m[2m:[0m Found partner: None [2m[3menvironment[0m[2m=[0mdevelopment[0m [2m[3mtask[0m[2m=[0m"seed_tree"[0m
[2m2026-02-08T13:57:15.150342Z[0m [32m INFO[0m [1mapp[0m:[1mtask[0m: [2mfamilyserver_backend::tasks::seed_graph[0m[2m:[0m 

Generated D3 Tree: [D3Node { person: Person { generation: -1, name: "Jens Peter Wistoft", birthdate: "1863-1950", last_name: "", address: "", city: "", landline: "", mobile_number: "", email: "" }, partner: Some(Person { generation: -1, name: "Jacobine f. Øvlesen", birthdate: "1865-1922", last_name: "", address: "", city: "", landline: "", mobile_number: "", email: "" }), children: [D3Node { person: Person { generation: 0, name: "Julius Sevald", birthdate: "1898 -1969", last_name: "Wistoft", address: "", city: "", landline: "", mobile_number: "", email: "" }, partner: Some(Person { generation: 0, name: " ~ Inge", birthdate: "1929 - 2002", last_name: "f. Nielsen", address: "", city: "", landline: "", mobile_number: "", email: "" }), children: [D3Node { person: Person { generation: 1, name: "*Jens ", birthdate: "10.11.1959", last_name: "Wistoft", address: "Aabenraavej 22A, Kiskelund", city: "6340 Kruså", landline: "74 67 14 34", mobile_number: "20 13 36 99", email: "jens@mulsmark.dk" }, partner: None, children: [] }] }, D3Node { person: Person { generation: 0, name: "Karen", birthdate: "1896 - 1992", last_name: "Wistoft", address: "", city: "", landline: "", mobile_number: "", email: "" }, partner: None, children: [] }, D3Node { person: Person { generation: 0, name: "Jenny Nikoline Kr.", birthdate: "1893 - 1976", last_name: "f. Wistoft", address: "", city: "", landline: "", mobile_number: "", email: "" }, partner: Some(Person { generation: 0, name: " ~ Jens Marinus ", birthdate: "1880 - 1963", last_name: "Larsen", address: "", city: "", landline: "", mobile_number: "", email: "" }), children: [D3Node { person: Person { generation: 1, name: "* Knud", birthdate: "1934 - 2019", last_name: "Wistoft Larsen", address: "", city: "", landline: "", mobile_number: "", email: "" }, partner: Some(Person { generation: 0, name: " ~Anne-Grethe", birthdate: "20.09.1945", last_name: "f. Jørgensen", address: "Krokusvænget 9", city: "5450 Otterup", landline: "", mobile_number: "30 70 01 58", email: "agwl@mail.dk" }), children: [D3Node { person: Person { generation: 2, name: "** Charlotte", birthdate: "11.11.1967", last_name: "Wistoft ", address: "Lærkevej 9", city: "5450 Otterup", landline: "", mobile_number: "26 23 17 50", email: "cw5450@hotmail.dk" }, partner: None, children: [D3Node { person: Person { generation: 3, name: "*** Frederik", birthdate: "02.10.2003", last_name: "Wistoft Nielsen", address: "", city: "", landline: "", mobile_number: "", email: "" }, partner: None, children: [] }, D3Node { person: Person { generation: 3, name: "*** Nicoline", birthdate: "10.06.2000", last_name: "Wistoft Nielsen", address: "", city: "", landline: "", mobile_number: "", email: "" }, partner: None, children: [] }] }, D3Node { person: Person { generation: 2, name: "** Jens Peter ", birthdate: "18.06.1971", last_name: "Wistoft Larsen", address: "Lindøvej 40 til 24, Lindø", city: "5450 Otterup", landline: "64 87 29 28", mobile_number: "51 22 52 62", email: "wistoft.larsen@smilemail.dk " }, partner: None, children: [D3Node { person: Person { generation: 3, name: "*** Mads", birthdate: "12.11.2007", last_name: "Vanggård Wistoft Larsen", address: "Lindøvej 40 til 24, Lindø", city: "5450 Otterup", landline: "", mobile_number: "", email: "" }, partner: None, children: [] }, D3Node { person: Person { generation: 3, name: "*** Emma", birthdate: "22.07.2005", last_name: "Vanggård Wistoft Larsen", address: "Nørrevænget ", city: "5450 Otterup", landline: "", mobile_number: "21 72 70 30", email: "" }, partner: None, children: [] }, D3Node { person: Person { generation: 3, name: "*** Emil", birthdate: "11.10.2002", last_name: "Vanggård Wistoft Larsen", address: "             - do -", city: "5450 Otterup", landline: "", mobile_number: "", email: "" }, partner: None, children: [] }] }] }, D3Node { person: Person { generation: 1, name: "* Agnethe ", birthdate: "16.08.1932", last_name: "Wistoft Larsen", address: "Erantisvej 12", city: "4900 Nakskov", landline: "54 92 32 14", mobile_number: "", email: "" }, partner: None, children: [] }, D3Node { person: Person { generation: 1, name: "* Jens Anker", birthdate: "1929 - 2023", last_name: "Wistoft Larsen", address: "", city: "", landline: "", mobile_number: "", email: "" }, partner: Some(Person { generation: 0, name: " ~ Agnethe (Nethe)", birthdate: "11.03.1934", last_name: "f. Nielsen", address: "Brockdorff Allé 42 ", city: "5390 Martofte", landline: "", mobile_number: "", email: "agnetewl@mail.dk" }), children: [D3Node { person: Person { generation: 2, name: "** Morten", birthdate: "06.08.1962", last_name: "Wistoft Larsen", address: "Søvertorpvej 4, Søvertorp", city: "5900 Rudkøbing", landline: "62 50 11 64", mobile_number: "", email: "" }, partner: Some(Person { generation: 0, name: " ~ Lene", birthdate: "", last_name: "f. Særkjær", address: "", city: "", landline: "", mobile_number: "", email: "" }), children: [D3Node { person: Person { generation: 3, name: "*** Peter", birthdate: "22.04.2003", last_name: "Wistoft Larsen", address: "", city: "", landline: "", mobile_number: "", email: "" }, partner: None, children: [] }, D3Node { person: Person { generation: 3, name: "*** Laura", birthdate: "27.06.2001", last_name: "Wistoft Larsen", address: "", city: "Aarhus", landline: "", mobile_number: "", email: "" }, partner: None, children: [] }] }, D3Node { person: Person { generation: 2, name: "** Claus ", birthdate: "12.07.1959", last_name: "Wistoft ", address: "Ørnevænget 10", city: "8560 Kolind", landline: "65 34 11 92", mobile_number: "86 39 14 14", email: "" }, partner: None, children: [D3Node { person: Person { generation: 3, name: "*** Caroline", birthdate: "27.01.1992", last_name: "Wistoft", address: "", city: "", landline: "", mobile_number: "", email: "" }, partner: Some(Person { generation: 0, name: "2. ~ Karin", birthdate: "", last_name: "f. Plagberg", address: "", city: "", landline: "", mobile_number: "", email: "" }), children: [] }, D3Node { person: Person { generation: 3, name: "*** Mathilde", birthdate: "07.09.1990", last_name: "Wistoft", address: "", city: "", landline: "", mobile_number: "", email: "" }, partner: None, children: [] }] }, D3Node { person: Person { generation: 2, name: "** Søren ", birthdate: "02.12.1957", last_name: "Wistoft Larsen", address: "Brockdorff Allé 44", city: "5390 Martofte", landline: "", mobile_number: "65 34 11 66", email: "" }, partner: None, children: [] }] }] }, D3Node { person: Person { generation: 0, name: "Anton Christian ", birthdate: "1891-1959", last_name: "Wistoft", address: "", city: "", landline: "", mobile_number: "", email: "" }, partner: Some(Person { generation: 0, name: " ~ Elna Christina", birthdate: "1896-1972", last_name: "f. Ebbesen", address: "", city: "", landline: "", mobile_number: "", email: "" }), children: [D3Node { person: Person { generation: 1, name: "* Hans Christian", birthdate: "1934 - 2022", last_name: "Wistoft", address: "", city: "", landline: "", mobile_number: "", email: "" }, partner: None, children: [D3Node { person: Person { generation: 2, name: "** Annette", birthdate: "27.12.1956", last_name: "Wistoft", address: "Gl. Køge Landevej 725,A", city: "2660 Brøndby strand", landline: "", mobile_number: "22 86 36 01", email: "thola@mail.com" }, partner: Some(Person { generation: 0, name: " ~ Thorkil", birthdate: "26.07.1944", last_name: "Langgaard", address: "              - do -", city: "", landline: "", mobile_number: "", email: "thola@mail.com" }), children: [D3Node { person: Person { generation: 3, name: "*** Siri", birthdate: "03.01.1993", last_name: "Wistoft", address: "Theklavej 41, 3-42", city: "2400 Kbh NV", landline: "", mobile_number: "31 66 36 01", email: "siri_wistoft@hotmail.com" }, partner: None, children: [] }, D3Node { person: Person { generation: 3, name: "*** Freja", birthdate: "26.02.1990", last_name: "Langgaard", address: "Plejlstien 12", city: "4030 Tune", landline: "", mobile_number: "27 58 36 01", email: "frejalanggaard@hotmail.com" }, partner: None, children: [D3Node { person: Person { generation: 4, name: "****Wilton", birthdate: "17.09.2021", last_name: "Bayer Langgaard", address: "", city: "", landline: "", mobile_number: "", email: "" }, partner: None, children: [] }, D3Node { person: Person { generation: 4, name: "****Melvin", birthdate: "13.09.2018", last_name: "Bayer Langgaard", address: "", city: "", landline: "", mobile_number: "", email: "" }, partner: None, children: [] }] }, D3Node { person: Person { generation: 3, name: "*** Sverre", birthdate: "30.04.1985", last_name: "Langgaard", address: "Skoleparken 17", city: "3600 Frederikssund", landline: "", mobile_number: "61 79 36 01", email: "langgaardsverre@hotmail.com" }, partner: Some(Person { generation: 0, name: " ~ Claudia", birthdate: "10.10.1984", last_name: "f. Augsburg", address: "              - do -", city: "", landline: "", mobile_number: "", email: "" }), children: [D3Node { person: Person { generation: 4, name: "****Livia Augsburg", birthdate: "21.02.2022", last_name: "Langgaard", address: "", city: "", landline: "", mobile_number: "", email: "" }, partner: None, children: [] }, D3Node { person: Person { generation: 4, name: "****Elia Augsburg", birthdate: "10.02.2018", last_name: "Langgaard", address: "", city: "", landline: "", mobile_number: "", email: "" }, partner: None, children: [] }, D3Node { person: Person { generation: 4, name: "****Norr Augsburg", birthdate: "22.12.2014", last_name: "Langgaard", address: "", city: "", landline: "", mobile_number: "", email: "" }, partner: None, children: [] }, D3Node { person: Person { generation: 4, name: "**** Pilou Augsburg", birthdate: "16.11.2011", last_name: "Langgaard", address: "", city: "", landline: "", mobile_number: "", email: "" }, partner: None, children: [] }] }, D3Node { person: Person { generation: 3, name: "*** Thoke", birthdate: "28.02.1982", last_name: "Wistoft", address: "Elmedalen 17", city: "3540 Lynge", landline: "", mobile_number: "22 42 36 01", email: "thokew@gmail.com" }, partner: Some(Person { generation: 0, name: " ~ Trine ", birthdate: "08.01.1982", last_name: "f. Apitz", address: "              - do -", city: "", landline: "", mobile_number: "", email: "" }), children: [D3Node { person: Person { generation: 4, name: "**** Mikkel", birthdate: "19.04.2012", last_name: "Wistoft", address: "", city: "", landline: "", mobile_number: "", email: "" }, partner: None, children: [] }, D3Node { person: Person { generation: 4, name: "**** Rune", birthdate: "05.04.2009", last_name: "Wistoft", address: "", city: "", landline: "", mobile_number: "", email: "" }, partner: None, children: [] }] }] }] }, D3Node { person: Person { generation: 1, name: "* Karen Margrethe", birthdate: "1925-2023", last_name: "f. Wistoft", address: "", city: "", landline: "", mobile_number: "", email: "" }, partner: Some(Person { generation: 0, name: " ~ Ivar", birthdate: "1917-2001", last_name: "Vestergaard", address: "", city: "", landline: "", mobile_number: "", email: "" }), children: [D3Node { person: Person { generation: 2, name: "** Bodil Wistoft", birthdate: "07.10.1960", last_name: "Vestergaard", address: "Drammelstrupvej 126, Balle", city: "8300 Odder", landline: "86 54 37 22", mobile_number: "22 49 24 60 ", email: "bw.vestergaard@gmail.com" }, partner: Some(Person { generation: 0, name: " ~ Olí ", birthdate: "01.06.1963", last_name: "Thorgeirson", address: "", city: "", landline: "", mobile_number: "40 94 37 22", email: "olidram@gmail.com" }), children: [D3Node { person: Person { generation: 3, name: "***Jakob Vestergaard    ", birthdate: "28.02.2003", last_name: "Olason", address: "Helsingforsgade 19 1. L3", city: "8200 Aarhus N", landline: "", mobile_number: "23 64 31 73", email: "jakobolason@gmail.com" }, partner: None, children: [] }, D3Node { person: Person { generation: 3, name: "*** Anna Vestergaard       ", birthdate: "08.08.1995", last_name: "Oladottir", address: "Nørregade 22A", city: "8300 Odder", landline: "", mobile_number: "91 25 18 02", email: "annavesterstgaard@gmail.com" }, partner: None, children: [] }, D3Node { person: Person { generation: 3, name: "*** Tomas Vestergaard      ", birthdate: "30.03.1992", last_name: "Olason", address: "Tanderup Hovedgade 19", city: "Tanderup, 8305 Samsø", landline: "", mobile_number: "91 82 63 62", email: "iserkoldt@gmail.com" }, partner: None, children: [] }] }, D3Node { person: Person { generation: 2, name: "** Ulla Wistoft", birthdate: "19.11.1957", last_name: "Vestergaard", address: "postadr. Drammelstrupvej 126", city: "8300 Odder", landline: "", mobile_number: "29 66 22 91", email: "ullawisve@hotmail.com" }, partner: None, children: [D3Node { person: Person { generation: 3, name: "*** Christoffer", birthdate: "24.04.1988", last_name: "Vestergaard - Larsen", address: "Ryvej 63", city: "8752 Østbirk", landline: "", mobile_number: "28 59 85 25", email: "cv_larsen@hotmail.com" }, partner: None, children: [] }] }, D3Node { person: Person { generation: 2, name: "** Inge Wistoft", birthdate: "07.01.1954", last_name: "Vestergaard", address: "Hasselvej 8, Salten", city: "8653 Them", landline: "98 92 01 74", mobile_number: "40 43 32 87", email: "in.wi.gaard@gmail.com" }, partner: None, children: [D3Node { person: Person { generation: 3, name: "*** Bitten ", birthdate: "16.03.1985", last_name: "Wistoft - Ibsen", address: "Røllikevej 5B", city: "8654 Them", landline: "", mobile_number: "42 77 76 97", email: "bitten@wistoft-ibsen.dk" }, partner: None, children: [D3Node { person: Person { generation: 4, name: "**** Kaya", birthdate: "10.05.15", last_name: "Wistoft - Christensen", address: "", city: "", landline: "", mobile_number: "", email: "" }, partner: None, children: [] }, D3Node { person: Person { generation: 4, name: "**** Casper", birthdate: "18.10.12", last_name: "Wistoft - Christensen", address: "", city: "", landline: "", mobile_number: "", email: "" }, partner: None, children: [] }] }, D3Node { person: Person { generation: 3, name: "*** Mikael", birthdate: "12.04.1983", last_name: "Wistoft - Ibsen", address: "", city: "Brøndby", landline: "", mobile_number: "60 87 47 32", email: "mikael@wistoft-ibsen.dk" }, partner: None, children: [] }, D3Node { person: Person { generation: 3, name: "*** Morten", birthdate: "21.07.1980", last_name: "Wistoft - Ibsen", address: "Rødkløvervej 12, Kølkær", city: "7400 Herning", landline: "", mobile_number: "20 46 19 46", email: "morten@wistoft-ibsen.dk" }, partner: None, children: [D3Node { person: Person { generation: 4, name: "**** Jonathan", birthdate: "04.04.2013", last_name: "Wistoft - Ibsen", address: "", city: "", landline: "", mobile_number: "", email: "" }, partner: None, children: [] }, D3Node { person: Person { generation: 4, name: "**** Nikolaj", birthdate: "31.10.2010", last_name: "Wistoft - Ibsen", address: "", city: "", landline: "", mobile_number: "", email: "" }, partner: None, children: [] }, D3Node { person: Person { generation: 4, name: "**** Patrick", birthdate: "24.08.2007", last_name: "Wistoft - Ibsen", address: "", city: "", landline: "", mobile_number: "", email: "" }, partner: None, children: [] }] }, D3Node { person: Person { generation: 3, name: "*** Troels ", birthdate: "09.12.1977", last_name: "Wistoft - Ibsen", address: "Tjørnevej 24", city: "8752 Østbirk", landline: "", mobile_number: "99 55 65 78", email: "trowi09@gmail.com" }, partner: Some(Person { generation: 0, name: " ~ Rikke", birthdate: "17.12.1977", last_name: "f.", address: "", city: "", landline: "", mobile_number: "23 80 90 56", email: "" }), children: [D3Node { person: Person { generation: 4, name: "**** William", birthdate: "09.10.2009", last_name: "Wistoft - Ibsen", address: "", city: "", landline: "", mobile_number: "", email: "" }, partner: None, children: [] }, D3Node { person: Person { generation: 4, name: "**** Frederik", birthdate: "25.06.2007", last_name: "Wistoft - Ibsen", address: "", city: "", landline: "", mobile_number: "", email: "" }, partner: None, children: [] }, D3Node { person: Person { generation: 4, name: "**** Christian   ", birthdate: "03.03.2005", last_name: "Wistoft - Ibsen", address: "", city: "", landline: "", mobile_number: "", email: "" }, partner: None, children: [] }] }] }, D3Node { person: Person { generation: 2, name: "** Lisbeth Wistoft", birthdate: "28.01.1951", last_name: "f. Vestergaard", address: "Brahesborgvænget 1", city: "5610 Assens", landline: "", mobile_number: "20 95 60 44", email: "liwimu@gmail.com" }, partner: Some(Person { generation: 0, name: " ~ Terry", birthdate: "1947-1994", last_name: "Mumford", address: "", city: "", landline: "", mobile_number: "", email: "" }), children: [D3Node { person: Person { generation: 3, name: "*** Tom", birthdate: "11.02.1981", last_name: "Mumford", address: "Honningbivænget 3, v.17", city: "5260 Odense S", landline: "", mobile_number: "20 84 37 20", email: "tommumford@jubii.dk" }, partner: None, children: [] }, D3Node { person: Person { generation: 3, name: "*** Lise Wistoft", birthdate: "30.04.1976", last_name: "f. Mumford", address: "Nordvej 29", city: "3000 Helsingør", landline: "", mobile_number: "30 14 27 69", email: "l.briey@gmail.com" }, partner: None, children: [D3Node { person: Person { generation: 4, name: "**** Silke Wistoft", birthdate: "13.03.2008", last_name: "Thomsen", address: "Nordvej 29", city: "3000 Helsingør", landline: "", mobile_number: "60 53 38 21", email: "silkethomsen@gmail.com" }, partner: None, children: [] }, D3Node { person: Person { generation: 4, name: "**** Sabine Wistoft", birthdate: "05.07.2006", last_name: "Thomsen", address: "Nordvej 29", city: "3000 Helsingør", landline: "", mobile_number: "60 53 38 31", email: "sabinewistoft@gmail.com" }, partner: None, children: [] }] }, D3Node { person: Person { generation: 3, name: "*** Joe", birthdate: "05.12.1973", last_name: "Mumford", address: "Nr. Økse Engvej 59", city: "9460 Brovst", landline: "", mobile_number: "22 1021 09", email: "joemumford73@gmail.com" }, partner: None, children: [] }] }, D3Node { person: Person { generation: 2, name: "** Kirsten Wistoft", birthdate: "13.04.1949", last_name: "f. Vestergaard", address: "Frederiksborgvej 30A 1.tv", city: "3520 Farum", landline: "", mobile_number: "29 13 39 18", email: "kiwisch@live.dk" }, partner: Some(Person { generation: 0, name: " ~ Jørgen Peter", birthdate: "1940 - 2020", last_name: "Schumacher", address: "", city: "", landline: "", mobile_number: "", email: "" }), children: [D3Node { person: Person { generation: 3, name: "*** Louise V", birthdate: "16.11.1979", last_name: "Schumacher", address: "", city: "Veracruz Mexico", landline: "", mobile_number: "27 28 36 27", email: "louisesch@hotmail.com" }, partner: Some(Person { generation: 0, name: " ~ Thomas", birthdate: "06.03.1975", last_name: "Ottosen", address: "", city: "          - do -", landline: "", mobile_number: "", email: "" }), children: [D3Node { person: Person { generation: 4, name: "**** Christine", birthdate: "06.07.2016", last_name: "Schumacher Ottosen", address: "", city: "", landline: "", mobile_number: "", email: "" }, partner: None, children: [] }, D3Node { person: Person { generation: 4, name: "**** Rasmus", birthdate: "18.04.2015", last_name: "Schumacher Ottosen", address: "", city: "", landline: "", mobile_number: "", email: "" }, partner: None, children: [] }] }, D3Node { person: Person { generation: 3, name: "*** Pernille S V", birthdate: "12.02.1975", last_name: "Schumacher", address: "Sømosevej 6", city: "4990 Sakskøbing", landline: "", mobile_number: "40 31 64 46", email: "schumacherpernille@gmail.com" }, partner: None, children: [D3Node { person: Person { generation: 4, name: "**** Veronica Wistoft   ", birthdate: "13.07.2002", last_name: "Erdmann", address: "", city: "", landline: "", mobile_number: "20 85 08 26", email: "nalaogkroelle@hotmail.com" }, partner: None, children: [] }] }] }, D3Node { person: Person { generation: 2, name: "** Margrethe Wistoft", birthdate: "26.01.1947", last_name: "f. Vestergaard", address: "Rødding Nørregade 17", city: "6630 Rødding", landline: "", mobile_number: "30 74 06 67", email: "mkemborg@gmail.com" }, partner: Some(Person { generation: 0, name: "1. ~ Kaj", birthdate: "1946 - 2023", last_name: "Emborg", address: "", city: "", landline: "", mobile_number: "", email: "" }), children: [D3Node { person: Person { generation: 3, name: "*** Malene", birthdate: "07.03.1983", last_name: "Emborg Andersen", address: "Kirkevej 25", city: "6623 Vorbasse", landline: "", mobile_number: "30 28 07 30", email: "mea7913@gmail.com" }, partner: Some(Person { generation: 0, name: " ~ Michael", birthdate: "30.03.1982", last_name: "Andersen", address: "", city: "", landline: "", mobile_number: "31 24 10 02", email: "" }), children: [D3Node { person: Person { generation: 4, name: "****Ella Marie", birthdate: "10.05.2016", last_name: "Emborg Andersen", address: "", city: "", landline: "", mobile_number: "", email: "" }, partner: None, children: [] }, D3Node { person: Person { generation: 4, name: "**** Toke Klemen", birthdate: "17.03.2014", last_name: "Emborg Andersen", address: "", city: "", landline: "", mobile_number: "", email: "" }, partner: None, children: [] }] }, D3Node { person: Person { generation: 3, name: "*** Mette ", birthdate: "23.04.1978", last_name: "Emborg Lassen", address: "Klokkehøj 10", city: "6630 Rødding", landline: "", mobile_number: "61 61 44 85", email: "memail@bbsyd.dk" }, partner: Some(Person { generation: 0, name: " ~ Søren", birthdate: "13.06.1967", last_name: "Lassen", address: "  -do-", city: "", landline: "74 82 00 63", mobile_number: "22 44 29 92", email: "sdlassen@bbsyd.dk" }), children: [D3Node { person: Person { generation: 4, name: "**** Ingrid ", birthdate: "05.08.2013", last_name: "Emborg Lassen", address: "", city: "", landline: "", mobile_number: "", email: "" }, partner: None, children: [] }, D3Node { person: Person { generation: 4, name: "**** Daniel", birthdate: "12.07.2009", last_name: "Emborg Lassen", address: "", city: "", landline: "", mobile_number: "", email: "" }, partner: None, children: [] }] }, D3Node { person: Person { generation: 3, name: "*** Karin", birthdate: "13.01.1973", last_name: "Emborg Andreasen", address: "Østergade 45", city: "6630 Rødding", landline: "74 84 26 60 ", mobile_number: "61 61 52 26", email: "karin.e.andreasen@gmail.com" }, partner: Some(Person { generation: 0, name: " ~ Klaus", birthdate: "23.06.1966", last_name: "Andreasen", address: "", city: "", landline: "", mobile_number: "", email: "" }), children: [D3Node { person: Person { generation: 4, name: "**** Philip       ", birthdate: "20.06.2005", last_name: "Andreasen", address: "", city: "", landline: "", mobile_number: "", email: "" }, partner: None, children: [] }, D3Node { person: Person { generation: 4, name: "**** Mads       ", birthdate: "07.08.1999", last_name: "Andreasen", address: "", city: "", landline: "", mobile_number: "", email: "" }, partner: None, children: [] }, D3Node { person: Person { generation: 4, name: "**** Rebecca    ", birthdate: "22.02.1997", last_name: "Andreasen", address: "Brombærvænget 9, Vonsild", city: "6000 Kolding", landline: "", mobile_number: "20 62 65 17", email: "rebecca.ea97@gmail.com" }, partner: None, children: [] }] }, D3Node { person: Person { generation: 3, name: "*** Klaus ", birthdate: "28.02.1971", last_name: "Emborg", address: "Ågade 25, Bredstrup", city: "7000 Frdericia", landline: "", mobile_number: "24 60 20 10", email: "klausemborg@yahoo.dk" }, partner: None, children: [D3Node { person: Person { generation: 4, name: "**** Mikkel", birthdate: "09.10.2006", last_name: "Emborg", address: "", city: "", landline: "", mobile_number: "", email: "" }, partner: None, children: [] }, D3Node { person: Person { generation: 4, name: "**** Kasper     ", birthdate: "07.05.2005", last_name: "Emborg", address: "", city: "", landline: "", mobile_number: "", email: "" }, partner: None, children: [] }, D3Node { person: Person { generation: 4, name: "**** Kamilla  ", birthdate: "14.07.2001", last_name: "Emborg", address: "", city: "", landline: "", mobile_number: "", email: "" }, partner: None, children: [] }, D3Node { person: Person { generation: 4, name: "**** Michael   ", birthdate: "27.11.1998", last_name: "Emborg", address: "", city: "", landline: "", mobile_number: "", email: "" }, partner: None, children: [] }] }] }] }] }, D3Node { person: Person { generation: 0, name: "Laura Mathilde", birthdate: "1890 - 1957", last_name: "f. Wistoft", address: "", city: "", landline: "", mobile_number: "", email: "" }, partner: Some(Person { generation: 0, name: " ~ Hans Christian O.", birthdate: "1896 - 1959", last_name: "Iskov", address: "", city: "", landline: "", mobile_number: "", email: "" }), children: [D3Node { person: Person { generation: 1, name: "* Karen ", birthdate: "1927 - 2018", last_name: "Nielsen, f. Iskov", address: "", city: "", landline: "", mobile_number: "", email: "" }, partner: None, children: [D3Node { person: Person { generation: 2, name: " ** Anne Mathilde", birthdate: "15.01.1967", last_name: "Iskov", address: "\"Tornhøjgård\", Boulevarden 13", city: "9000 Aalborg", landline: "", mobile_number: "", email: "" }, partner: None, children: [] }] }, D3Node { person: Person { generation: 1, name: "* Jakob Oluf", birthdate: "1927 - 2009", last_name: "Iskov", address: "", city: "", landline: "", mobile_number: "", email: "" }, partner: Some(Person { generation: 0, name: " ~ Ulla Margrethe", birthdate: "1937 - 1984", last_name: "f. Koch", address: "", city: "", landline: "", mobile_number: "", email: "" }), children: [D3Node { person: Person { generation: 2, name: " ** Hans Christian", birthdate: "08.05.1964", last_name: "Iskov", address: "Fredmosevej 15, Sædballe", city: "5932 Humble", landline: "", mobile_number: "21 66 17 93", email: "hc@iskov.eu" }, partner: Some(Person { generation: 0, name: " ~ Tove Bang", birthdate: "16.02.1968", last_name: "Iskov", address: "            do", city: "", landline: "", mobile_number: "21 65 19 63", email: "tove@iskov.eu" }), children: [D3Node { person: Person { generation: 3, name: " *** Matias Bang", birthdate: "01.05.1996", last_name: "Iskov", address: "Dragebakken 142", city: "5250 Odense", landline: "", mobile_number: "40 18 11 11", email: "matias-iskov@hotmail.com" }, partner: None, children: [D3Node { person: Person { generation: 4, name: "**** Lauge", birthdate: "10.10.2023", last_name: "Iskov", address: "           do ", city: "", landline: "", mobile_number: "", email: "" }, partner: None, children: [] }] }, D3Node { person: Person { generation: 3, name: " *** Katrine Bang", birthdate: "27.07.1993", last_name: "Iskov", address: "Illebøllevej 27", city: "5900 Rudkøbing", landline: "", mobile_number: "29 78 34 41", email: "katrine-iskov@hotmail.com" }, partner: None, children: [] }] }, D3Node { person: Person { generation: 2, name: " ** Anne Birgitte", birthdate: "20.11.1961", last_name: "Iskov", address: "Jensløvsvej 16, 3. tv", city: "2920 Charlottenlund", landline: "", mobile_number: "21 73 93 02", email: "birgitte-i@hotmail.com" }, partner: None, children: [] }] }, D3Node { person: Person { generation: 1, name: "* Erik", birthdate: "1924 - 2010", last_name: "Iskov", address: "", city: "", landline: "", mobile_number: "", email: "" }, partner: Some(Person { generation: 0, name: " ~ Birgit?", birthdate: "?", last_name: "", address: "", city: "", landline: "", mobile_number: "", email: "" }), children: [D3Node { person: Person { generation: 2, name: " ** Jakob Christian", birthdate: "1966", last_name: "Iskov", address: "?", city: "Australien", landline: "", mobile_number: "?", email: "" }, partner: None, children: [] }] }] }] }, D3Node { person: Person { generation: 0, name: " - Klaus", birthdate: "16.08.1988", last_name: "Elian", address: "            do", city: "", landline: "", mobile_number: "", email: "" }, partner: None, children: [] }, D3Node { person: Person { generation: 0, name: " - Louise", birthdate: "14.07.1995", last_name: "Damgaard", address: "           do ", city: "", landline: "", mobile_number: "", email: "" }, partner: None, children: [] }, D3Node { person: Person { generation: 0, name: "2. -Willy", birthdate: "20.01.1947", last_name: "Holm", address: "Gefionvænget 2", city: "5610 Assens", landline: "", mobile_number: "41 41 37 40", email: "gefion2@mail.tele.dk" }, partner: None, children: [] }, D3Node { person: Person { generation: 0, name: "1. -/- Marianne", birthdate: "", last_name: "", address: "", city: "", landline: "", mobile_number: "", email: "" }, partner: None, children: [] }, D3Node { person: Person { generation: 0, name: "2. -/- Irina", birthdate: "20.06.1972", last_name: "f. Malakhova", address: "", city: "", landline: "", mobile_number: "20 56 46 69", email: "" }, partner: None, children: [] }, D3Node { person: Person { generation: 0, name: " - Teis", birthdate: "", last_name: "", address: "", city: "", landline: "", mobile_number: "", email: "" }, partner: None, children: [] }, D3Node { person: Person { generation: 0, name: " - - Oliver", birthdate: "11.12.2000", last_name: "Lassen", address: "", city: "", landline: "", mobile_number: "", email: "" }, partner: None, children: [] }, D3Node { person: Person { generation: 0, name: " - Freja", birthdate: "08.07.2009", last_name: "Ottosen", address: "", city: "", landline: "", mobile_number: "", email: "" }, partner: None, children: [] }, D3Node { person: Person { generation: 0, name: ".-/- Christian Briey", birthdate: "22.10.1973", last_name: "Thomsen", address: "Bøtterupvej 7, Bøtterup", city: "3100 Hornbæk", landline: "", mobile_number: "20 78 46 23", email: "" }, partner: None, children: [] }, D3Node { person: Person { generation: 0, name: ".-/- Klaus", birthdate: "", last_name: "Ibsen", address: "", city: "", landline: "", mobile_number: "", email: "" }, partner: None, children: [] }, D3Node { person: Person { generation: 0, name: ".-/- Karina", birthdate: "21.10.1981", last_name: "f.", address: "", city: "", landline: "", mobile_number: "", email: "" }, partner: None, children: [] }, D3Node { person: Person { generation: 0, name: ".-/- Allan", birthdate: "14.11.1974", last_name: "Hamann Christensen", address: "", city: "", landline: "", mobile_number: "", email: "" }, partner: None, children: [] }, D3Node { person: Person { generation: 0, name: ".-/- Viggo", birthdate: "", last_name: "Larsen", address: "Ryvej 63", city: "8752 Østbirk", landline: "", mobile_number: "", email: "" }, partner: None, children: [] }, D3Node { person: Person { generation: 0, name: ".-/- Britza", birthdate: "", last_name: "f. Skjold Christiansen", address: "", city: "", landline: "", mobile_number: "", email: "" }, partner: None, children: [] }, D3Node { person: Person { generation: 0, name: " - Mikkel", birthdate: "12.05.1988", last_name: "Bayer Næstved", address: "", city: "", landline: "", mobile_number: "", email: "" }, partner: None, children: [] }, D3Node { person: Person { generation: 0, name: " - Andreas Willer", birthdate: "15.05.1991", last_name: "Jørgensen", address: " - do -", city: "", landline: "", mobile_number: "", email: "" }, partner: None, children: [] }, D3Node { person: Person { generation: 0, name: "1.-/- Karen", birthdate: "", last_name: "F. Christoffersen", address: "", city: "", landline: "", mobile_number: "", email: "" }, partner: None, children: [] }, D3Node { person: Person { generation: 0, name: ".-/- Line", birthdate: "09.11.1972", last_name: "Vanggård", address: "", city: "", landline: "", mobile_number: "", email: "" }, partner: None, children: [] }, D3Node { person: Person { generation: 0, name: ".-/-  Claus", birthdate: "", last_name: "Nielsen", address: "", city: "", landline: "", mobile_number: "", email: "" }, partner: None, children: [] }] [2m[3menvironment[0m[2m=[0mdevelopment[0m [2m[3mtask[0m[2m=[0m"seed_tree"[0m
[2m2026-02-08T13:57:15.156289Z[0m [32m INFO[0m [1mapp[0m:[1mtask[0m: [2msqlx::query[0m[2m:[0m [3msummary[0m[2m=[0m"SELECT \"medlem\".\"id\", \"medlem\".\"pid\", \"medlem\".\"name\", …" [3mdb.statement[0m[2m=[0m"\n\nSELECT \"medlem\".\"id\", \"medlem\".\"pid\", \"medlem\".\"name\", \"medlem\".\"email\", \"medlem\".\"phone_nr\", \"medlem\".\"address\", \"medlem\".\"city\", \"medlem\".\"birthdate\", \"medlem\".\"final_date\", \"medlem\".\"status\", \"medlem\".\"user_pid\", \"medlem\".\"parents_pid\", \"medlem\".\"previous_partners\", \"medlem\".\"children_pid\", \"medlem\".\"partner_pid\", \"medlem\".\"created_at\", \"medlem\".\"updated_at\" FROM \"medlem\" WHERE \"medlem\".\"name\" = $1 LIMIT $2\n" [3mrows_affected[0m[2m=[0m0 [3mrows_returned[0m[2m=[0m0 [3melapsed[0m[2m=[0m3.438647ms [3melapsed_secs[0m[2m=[0m0.003438647 [2m[3menvironment[0m[2m=[0mdevelopment[0m [2m[3mtask[0m[2m=[0m"seed_tree"[0m
[2m2026-02-08T13:57:15.163349Z[0m [32m INFO[0m [1mapp[0m:[1mtask[0m: [2msqlx::query[0m[2m:[0m [3msummary[0m[2m=[0m"INSERT INTO \"medlem\" (\"pid\", …" [3mdb.statement[0m[2m=[0m"\n\nINSERT INTO \"medlem\" (\"pid\", \"name\", \"email\", \"phone_nr\", \"address\", \"city\", \"birthdate\", \"final_date\", \"user_pid\", \"partner_pid\") VALUES ($1, $2, $3, $4, $5, $6, $7, $8, $9, $10) RETURNING \"id\", \"pid\", \"name\", \"email\", \"phone_nr\", \"address\", \"city\", \"birthdate\", \"final_date\", \"status\", \"user_pid\", \"parents_pid\", \"previous_partners\", \"children_pid\", \"partner_pid\", \"created_at\", \"updated_at\"\n" [3mrows_affected[0m[2m=[0m1 [3mrows_returned[0m[2m=[0m1 [3melapsed[0m[2m=[0m6.311265ms [3melapsed_secs[0m[2m=[0m0.006311265 [2m[3menvironment[0m[2m=[0mdevelopment[0m [2m[3mtask[0m[2m=[0m"seed_tree"[0m
[2m2026-02-08T13:57:15.163631Z[0m [32m INFO[0m [1mapp[0m:[1mtask[0m: [2mfamilyserver_backend::tasks::seed_graph[0m[2m:[0m Created medlem entry for Jacobine f. Øvlesen  [2m[3menvironment[0m[2m=[0mdevelopment[0m [2m[3mtask[0m[2m=[0m"seed_tree"[0m
[2m2026-02-08T13:57:15.163704Z[0m [31mERROR[0m [1mapp[0m:[1mtask[0m: [2mfamilyserver_backend::tasks::seed_graph[0m[2m:[0m [WARN] No user created for Jacobine f. Øvlesen , cannot add editor privileges [2m[3menvironment[0m[2m=[0mdevelopment[0m [2m[3mtask[0m[2m=[0m"seed_tree"[0m
[2m2026-02-08T13:57:15.167450Z[0m [32m INFO[0m [1mapp[0m:[1mtask[0m: [2msqlx::query[0m[2m:[0m [3msummary[0m[2m=[0m"SELECT \"medlem\".\"id\", \"medlem\".\"pid\", \"medlem\".\"name\", …" [3mdb.statement[0m[2m=[0m"\n\nSELECT \"medlem\".\"id\", \"medlem\".\"pid\", \"medlem\".\"name\", \"medlem\".\"email\", \"medlem\".\"phone_nr\", \"medlem\".\"address\", \"medlem\".\"city\", \"medlem\".\"birthdate\", \"medlem\".\"final_date\", \"medlem\".\"status\", \"medlem\".\"user_pid\", \"medlem\".\"parents_pid\", \"medlem\".\"previous_partners\", \"medlem\".\"children_pid\", \"medlem\".\"partner_pid\", \"medlem\".\"created_at\", \"medlem\".\"updated_at\" FROM \"medlem\" WHERE \"medlem\".\"name\" = $1 LIMIT $2\n" [3mrows_affected[0m[2m=[0m0 [3mrows_returned[0m[2m=[0m0 [3melapsed[0m[2m=[0m3.269ms [3melapsed_secs[0m[2m=[0m0.003269 [2m[3menvironment[0m[2m=[0mdevelopment[0m [2m[3mtask[0m[2m=[0m"seed_tree"[0m
[2m2026-02-08T13:57:15.172758Z[0m [32m INFO[0m [1mapp[0m:[1mtask[0m: [2msqlx::query[0m[2m:[0m [3msummary[0m[2m=[0m"INSERT INTO \"medlem\" (\"pid\", …" [3mdb.statement[0m[2m=[0m"\n\nINSERT INTO \"medlem\" (\"pid\", \"name\", \"email\", \"phone_nr\", \"address\", \"city\", \"birthdate\", \"final_date\", \"user_pid\", \"partner_pid\") VALUES ($1, $2, $3, $4, $5, $6, $7, $8, $9, $10) RETURNING \"id\", \"pid\", \"name\", \"email\", \"phone_nr\", \"address\", \"city\", \"birthdate\", \"final_date\", \"status\", \"user_pid\", \"parents_pid\", \"previous_partners\", \"children_pid\", \"partner_pid\", \"created_at\", \"updated_at\"\n" [3mrows_affected[0m[2m=[0m1 [3mrows_returned[0m[2m=[0m1 [3melapsed[0m[2m=[0m4.807032ms [3melapsed_secs[0m[2m=[0m0.004807032 [2m[3menvironment[0m[2m=[0mdevelopment[0m [2m[3mtask[0m[2m=[0m"seed_tree"[0m
[2m2026-02-08T13:57:15.172958Z[0m [32m INFO[0m [1mapp[0m:[1mtask[0m: [2mfamilyserver_backend::tasks::seed_graph[0m[2m:[0m Created medlem entry for Jens Peter Wistoft  [2m[3menvironment[0m[2m=[0mdevelopment[0m [2m[3mtask[0m[2m=[0m"seed_tree"[0m
[2m2026-02-08T13:57:15.173007Z[0m [31mERROR[0m [1mapp[0m:[1mtask[0m: [2mfamilyserver_backend::tasks::seed_graph[0m[2m:[0m [WARN] No user created for Jens Peter Wistoft , cannot add editor privileges [2m[3menvironment[0m[2m=[0mdevelopment[0m [2m[3mtask[0m[2m=[0m"seed_tree"[0m
[2m2026-02-08T13:57:15.176848Z[0m [32m INFO[0m [1mapp[0m:[1mtask[0m: [2msqlx::query[0m[2m:[0m [3msummary[0m[2m=[0m"SELECT \"medlem\".\"id\", \"medlem\".\"pid\", \"medlem\".\"name\", …" [3mdb.statement[0m[2m=[0m"\n\nSELECT \"medlem\".\"id\", \"medlem\".\"pid\", \"medlem\".\"name\", \"medlem\".\"email\", \"medlem\".\"phone_nr\", \"medlem\".\"address\", \"medlem\".\"city\", \"medlem\".\"birthdate\", \"medlem\".\"final_date\", \"medlem\".\"status\", \"medlem\".\"user_pid\", \"medlem\".\"parents_pid\", \"medlem\".\"previous_partners\", \"medlem\".\"children_pid\", \"medlem\".\"partner_pid\", \"medlem\".\"created_at\", \"medlem\".\"updated_at\" FROM \"medlem\" WHERE \"medlem\".\"name\" = $1 LIMIT $2\n" [3mrows_affected[0m[2m=[0m0 [3mrows_returned[0m[2m=[0m0 [3melapsed[0m[2m=[0m3.40645ms [3melapsed_secs[0m[2m=[0m0.00340645 [2m[3menvironment[0m[2m=[0mdevelopment[0m [2m[3mtask[0m[2m=[0m"seed_tree"[0m
[2m2026-02-08T13:57:15.181676Z[0m [32m INFO[0m [1mapp[0m:[1mtask[0m: [2msqlx::query[0m[2m:[0m [3msummary[0m[2m=[0m"INSERT INTO \"medlem\" (\"pid\", …" [3mdb.statement[0m[2m=[0m"\n\nINSERT INTO \"medlem\" (\"pid\", \"name\", \"email\", \"phone_nr\", \"address\", \"city\", \"birthdate\", \"final_date\", \"user_pid\", \"partner_pid\") VALUES ($1, $2, $3, $4, $5, $6, $7, $8, $9, $10) RETURNING \"id\", \"pid\", \"name\", \"email\", \"phone_nr\", \"address\", \"city\", \"birthdate\", \"final_date\", \"status\", \"user_pid\", \"parents_pid\", \"previous_partners\", \"children_pid\", \"partner_pid\", \"created_at\", \"updated_at\"\n" [3mrows_affected[0m[2m=[0m1 [3mrows_returned[0m[2m=[0m1 [3melapsed[0m[2m=[0m4.350143ms [3melapsed_secs[0m[2m=[0m0.004350143 [2m[3menvironment[0m[2m=[0mdevelopment[0m [2m[3mtask[0m[2m=[0m"seed_tree"[0m
[2m2026-02-08T13:57:15.181882Z[0m [32m INFO[0m [1mapp[0m:[1mtask[0m: [2mfamilyserver_backend::tasks::seed_graph[0m[2m:[0m Created medlem entry for ~ Inge f. Nielsen [2m[3menvironment[0m[2m=[0mdevelopment[0m [2m[3mtask[0m[2m=[0m"seed_tree"[0m
[2m2026-02-08T13:57:15.181932Z[0m [31mERROR[0m [1mapp[0m:[1mtask[0m: [2mfamilyserver_backend::tasks::seed_graph[0m[2m:[0m [WARN] No user created for ~ Inge f. Nielsen, cannot add editor privileges [2m[3menvironment[0m[2m=[0mdevelopment[0m [2m[3mtask[0m[2m=[0m"seed_tree"[0m
[2m2026-02-08T13:57:15.184966Z[0m [32m INFO[0m [1mapp[0m:[1mtask[0m: [2msqlx::query[0m[2m:[0m [3msummary[0m[2m=[0m"SELECT \"medlem\".\"id\", \"medlem\".\"pid\", \"medlem\".\"name\", …" [3mdb.statement[0m[2m=[0m"\n\nSELECT \"medlem\".\"id\", \"medlem\".\"pid\", \"medlem\".\"name\", \"medlem\".\"email\", \"medlem\".\"phone_nr\", \"medlem\".\"address\", \"medlem\".\"city\", \"medlem\".\"birthdate\", \"medlem\".\"final_date\", \"medlem\".\"status\", \"medlem\".\"user_pid\", \"medlem\".\"parents_pid\", \"medlem\".\"previous_partners\", \"medlem\".\"children_pid\", \"medlem\".\"partner_pid\", \"medlem\".\"created_at\", \"medlem\".\"updated_at\" FROM \"medlem\" WHERE \"medlem\".\"name\" = $1 LIMIT $2\n" [3mrows_affected[0m[2m=[0m0 [3mrows_returned[0m[2m=[0m0 [3melapsed[0m[2m=[0m2.648124ms [3melapsed_secs[0m[2m=[0m0.002648124 [2m[3menvironment[0m[2m=[0mdevelopment[0m [2m[3mtask[0m[2m=[0m"seed_tree"[0m
[2m2026-02-08T13:57:15.189307Z[0m [32m INFO[0m [1mapp[0m:[1mtask[0m: [2msqlx::query[0m[2m:[0m [3msummary[0m[2m=[0m"INSERT INTO \"medlem\" (\"pid\", …" [3mdb.statement[0m[2m=[0m"\n\nINSERT INTO \"medlem\" (\"pid\", \"name\", \"email\", \"phone_nr\", \"address\", \"city\", \"birthdate\", \"final_date\", \"user_pid\", \"partner_pid\") VALUES ($1, $2, $3, $4, $5, $6, $7, $8, $9, $10) RETURNING \"id\", \"pid\", \"name\", \"email\", \"phone_nr\", \"address\", \"city\", \"birthdate\", \"final_date\", \"status\", \"user_pid\", \"parents_pid\", \"previous_partners\", \"children_pid\", \"partner_pid\", \"created_at\", \"updated_at\"\n" [3mrows_affected[0m[2m=[0m1 [3mrows_returned[0m[2m=[0m1 [3melapsed[0m[2m=[0m3.838054ms [3melapsed_secs[0m[2m=[0m0.003838054 [2m[3menvironment[0m[2m=[0mdevelopment[0m [2m[3mtask[0m[2m=[0m"seed_tree"[0m
[2m2026-02-08T13:57:15.189496Z[0m [32m INFO[0m [1mapp[0m:[1mtask[0m: [2mfamilyserver_backend::tasks::seed_graph[0m[2m:[0m Created medlem entry for Julius Sevald Wistoft [2m[3menvironment[0m[2m=[0mdevelopment[0m [2m[3mtask[0m[2m=[0m"seed_tree"[0m
[2m2026-02-08T13:57:15.189553Z[0m [31mERROR[0m [1mapp[0m:[1mtask[0m: [2mfamilyserver_backend::tasks::seed_graph[0m[2m:[0m [WARN] No user created for Julius Sevald Wistoft, cannot add editor privileges [2m[3menvironment[0m[2m=[0mdevelopment[0m [2m[3mtask[0m[2m=[0m"seed_tree"[0m
[2m2026-02-08T13:57:15.193030Z[0m [32m INFO[0m [1mapp[0m:[1mtask[0m: [2msqlx::query[0m[2m:[0m [3msummary[0m[2m=[0m"SELECT \"user\".\"created_at\", \"user\".\"updated_at\", \"user\".\"id\", …" [3mdb.statement[0m[2m=[0m"\n\nSELECT \"user\".\"created_at\", \"user\".\"updated_at\", \"user\".\"id\", \"user\".\"pid\", \"user\".\"email\", \"user\".\"password\", \"user\".\"api_key\", \"user\".\"name\", \"user\".\"reset_token\", \"user\".\"reset_sent_at\", \"user\".\"magic_link_token\", \"user\".\"magic_link_token_expiration\" FROM \"user\" WHERE \"user\".\"name\" = $1 LIMIT $2\n" [3mrows_affected[0m[2m=[0m0 [3mrows_returned[0m[2m=[0m0 [3melapsed[0m[2m=[0m3.076042ms [3melapsed_secs[0m[2m=[0m0.003076042 [2m[3menvironment[0m[2m=[0mdevelopment[0m [2m[3mtask[0m[2m=[0m"seed_tree"[0m
[2m2026-02-08T13:57:15.678122Z[0m [32m INFO[0m [1mapp[0m:[1mtask[0m: [2msqlx::query[0m[2m:[0m [3msummary[0m[2m=[0m"INSERT INTO \"user\" (\"pid\", …" [3mdb.statement[0m[2m=[0m"\n\nINSERT INTO \"user\" (\"pid\", \"email\", \"password\", \"api_key\", \"name\") VALUES ($1, $2, $3, $4, $5) RETURNING \"created_at\", \"updated_at\", \"id\", \"pid\", \"email\", \"password\", \"api_key\", \"name\", \"reset_token\", \"reset_sent_at\", \"magic_link_token\", \"magic_link_token_expiration\"\n" [3mrows_affected[0m[2m=[0m1 [3mrows_returned[0m[2m=[0m1 [3melapsed[0m[2m=[0m5.466918ms [3melapsed_secs[0m[2m=[0m0.005466918 [2m[3menvironment[0m[2m=[0mdevelopment[0m [2m[3mtask[0m[2m=[0m"seed_tree"[0m
[2m2026-02-08T13:57:15.679192Z[0m [32m INFO[0m [1mapp[0m:[1mtask[0m: [2msqlx::query[0m[2m:[0m [3msummary[0m[2m=[0m"SELECT \"medlem\".\"id\", \"medlem\".\"pid\", \"medlem\".\"name\", …" [3mdb.statement[0m[2m=[0m"\n\nSELECT \"medlem\".\"id\", \"medlem\".\"pid\", \"medlem\".\"name\", \"medlem\".\"email\", \"medlem\".\"phone_nr\", \"medlem\".\"address\", \"medlem\".\"city\", \"medlem\".\"birthdate\", \"medlem\".\"final_date\", \"medlem\".\"status\", \"medlem\".\"user_pid\", \"medlem\".\"parents_pid\", \"medlem\".\"previous_partners\", \"medlem\".\"children_pid\", \"medlem\".\"partner_pid\", \"medlem\".\"created_at\", \"medlem\".\"updated_at\" FROM \"medlem\" WHERE \"medlem\".\"name\" = $1 LIMIT $2\n" [3mrows_affected[0m[2m=[0m0 [3mrows_returned[0m[2m=[0m0 [3melapsed[0m[2m=[0m406.069µs [3melapsed_secs[0m[2m=[0m0.000406069 [2m[3menvironment[0m[2m=[0mdevelopment[0m [2m[3mtask[0m[2m=[0m"seed_tree"[0m
[2m2026-02-08T13:57:15.683542Z[0m [32m INFO[0m [1mapp[0m:[1mtask[0m: [2msqlx::query[0m[2m:[0m [3msummary[0m[2m=[0m"INSERT INTO \"medlem\" (\"pid\", …" [3mdb.statement[0m[2m=[0m"\n\nINSERT INTO \"medlem\" (\"pid\", \"name\", \"email\", \"phone_nr\", \"address\", \"city\", \"birthdate\", \"final_date\", \"user_pid\", \"partner_pid\") VALUES ($1, $2, $3, $4, $5, $6, $7, $8, $9, $10) RETURNING \"id\", \"pid\", \"name\", \"email\", \"phone_nr\", \"address\", \"city\", \"birthdate\", \"final_date\", \"status\", \"user_pid\", \"parents_pid\", \"previous_partners\", \"children_pid\", \"partner_pid\", \"created_at\", \"updated_at\"\n" [3mrows_affected[0m[2m=[0m1 [3mrows_returned[0m[2m=[0m1 [3melapsed[0m[2m=[0m3.899523ms [3melapsed_secs[0m[2m=[0m0.003899523 [2m[3menvironment[0m[2m=[0mdevelopment[0m [2m[3mtask[0m[2m=[0m"seed_tree"[0m
[2m2026-02-08T13:57:15.683739Z[0m [32m INFO[0m [1mapp[0m:[1mtask[0m: [2mfamilyserver_backend::tasks::seed_graph[0m[2m:[0m Created medlem entry for Jens Wistoft [2m[3menvironment[0m[2m=[0mdevelopment[0m [2m[3mtask[0m[2m=[0m"seed_tree"[0m
[2m2026-02-08T13:57:15.683797Z[0m [32m INFO[0m [1mapp[0m:[1mtask[0m: [2mfamilyserver_backend::tasks::seed_graph[0m[2m:[0m [INFO] Adding user as editor to medlem [2m[3menvironment[0m[2m=[0mdevelopment[0m [2m[3mtask[0m[2m=[0m"seed_tree"[0m
[2m2026-02-08T13:57:15.688107Z[0m [32m INFO[0m [1mapp[0m:[1mtask[0m: [2msqlx::query[0m[2m:[0m [3msummary[0m[2m=[0m"INSERT INTO \"medlem_editors\" (\"medlem_pid\", …" [3mdb.statement[0m[2m=[0m"\n\nINSERT INTO \"medlem_editors\" (\"medlem_pid\", \"user_pid\", \"role\") VALUES ($1, $2, $3) RETURNING \"id\", \"medlem_pid\", \"user_pid\", \"role\"\n" [3mrows_affected[0m[2m=[0m1 [3mrows_returned[0m[2m=[0m1 [3melapsed[0m[2m=[0m3.900381ms [3melapsed_secs[0m[2m=[0m0.003900381 [2m[3menvironment[0m[2m=[0mdevelopment[0m [2m[3mtask[0m[2m=[0m"seed_tree"[0m
[2m2026-02-08T13:57:15.688263Z[0m [32m INFO[0m [1mapp[0m:[1mtask[0m: [2mfamilyserver_backend::tasks::seed_graph[0m[2m:[0m User was added as editor for medlem [2m[3menvironment[0m[2m=[0mdevelopment[0m [2m[3mtask[0m[2m=[0m"seed_tree"[0m
[2m2026-02-08T13:57:15.689680Z[0m [32m INFO[0m [1mapp[0m:[1mtask[0m: [2msqlx::query[0m[2m:[0m [3msummary[0m[2m=[0m"SELECT \"medlem\".\"id\", \"medlem\".\"pid\", \"medlem\".\"name\", …" [3mdb.statement[0m[2m=[0m"\n\nSELECT \"medlem\".\"id\", \"medlem\".\"pid\", \"medlem\".\"name\", \"medlem\".\"email\", \"medlem\".\"phone_nr\", \"medlem\".\"address\", \"medlem\".\"city\", \"medlem\".\"birthdate\", \"medlem\".\"final_date\", \"medlem\".\"status\", \"medlem\".\"user_pid\", \"medlem\".\"parents_pid\", \"medlem\".\"previous_partners\", \"medlem\".\"children_pid\", \"medlem\".\"partner_pid\", \"medlem\".\"created_at\", \"medlem\".\"updated_at\" FROM \"medlem\" WHERE \"medlem\".\"name\" = $1 LIMIT $2\n" [3mrows_affected[0m[2m=[0m0 [3mrows_returned[0m[2m=[0m0 [3melapsed[0m[2m=[0m974.795µs [3melapsed_secs[0m[2m=[0m0.000974795 [2m[3menvironment[0m[2m=[0mdevelopment[0m [2m[3mtask[0m[2m=[0m"seed_tree"[0m
[2m2026-02-08T13:57:15.693787Z[0m [32m INFO[0m [1mapp[0m:[1mtask[0m: [2msqlx::query[0m[2m:[0m [3msummary[0m[2m=[0m"INSERT INTO \"medlem\" (\"pid\", …" [3mdb.statement[0m[2m=[0m"\n\nINSERT INTO \"medlem\" (\"pid\", \"name\", \"email\", \"phone_nr\", \"address\", \"city\", \"birthdate\", \"final_date\", \"user_pid\", \"partner_pid\") VALUES ($1, $2, $3, $4, $5, $6, $7, $8, $9, $10) RETURNING \"id\", \"pid\", \"name\", \"email\", \"phone_nr\", \"address\", \"city\", \"birthdate\", \"final_date\", \"status\", \"user_pid\", \"parents_pid\", \"previous_partners\", \"children_pid\", \"partner_pid\", \"created_at\", \"updated_at\"\n" [3mrows_affected[0m[2m=[0m1 [3mrows_returned[0m[2m=[0m1 [3melapsed[0m[2m=[0m3.589274ms [3melapsed_secs[0m[2m=[0m0.003589274 [2m[3menvironment[0m[2m=[0mdevelopment[0m [2m[3mtask[0m[2m=[0m"seed_tree"[0m
[2m2026-02-08T13:57:15.693988Z[0m [32m INFO[0m [1mapp[0m:[1mtask[0m: [2mfamilyserver_backend::tasks::seed_graph[0m[2m:[0m Created medlem entry for Karen Wistoft [2m[3menvironment[0m[2m=[0mdevelopment[0m [2m[3mtask[0m[2m=[0m"seed_tree"[0m
[2m2026-02-08T13:57:15.694033Z[0m [31mERROR[0m [1mapp[0m:[1mtask[0m: [2mfamilyserver_backend::tasks::seed_graph[0m[2m:[0m [WARN] No user created for Karen Wistoft, cannot add editor privileges [2m[3menvironment[0m[2m=[0mdevelopment[0m [2m[3mtask[0m[2m=[0m"seed_tree"[0m
[2m2026-02-08T13:57:15.694816Z[0m [32m INFO[0m [1mapp[0m:[1mtask[0m: [2msqlx::query[0m[2m:[0m [3msummary[0m[2m=[0m"SELECT \"medlem\".\"id\", \"medlem\".\"pid\", \"medlem\".\"name\", …" [3mdb.statement[0m[2m=[0m"\n\nSELECT \"medlem\".\"id\", \"medlem\".\"pid\", \"medlem\".\"name\", \"medlem\".\"email\", \"medlem\".\"phone_nr\", \"medlem\".\"address\", \"medlem\".\"city\", \"medlem\".\"birthdate\", \"medlem\".\"final_date\", \"medlem\".\"status\", \"medlem\".\"user_pid\", \"medlem\".\"parents_pid\", \"medlem\".\"previous_partners\", \"medlem\".\"children_pid\", \"medlem\".\"partner_pid\", \"medlem\".\"created_at\", \"medlem\".\"updated_at\" FROM \"medlem\" WHERE \"medlem\".\"name\" = $1 LIMIT $2\n" [3mrows_affected[0m[2m=[0m0 [3mrows_returned[0m[2m=[0m0 [3melapsed[0m[2m=[0m396.962µs [3melapsed_secs[0m[2m=[0m0.000396962 [2m[3menvironment[0m[2m=[0mdevelopment[0m [2m[3mtask[0m[2m=[0m"seed_tree"[0m
[2m2026-02-08T13:57:15.698326Z[0m [32m INFO[0m [1mapp[0m:[1mtask[0m: [2msqlx::query[0m[2m:[0m [3msummary[0m[2m=[0m"INSERT INTO \"medlem\" (\"pid\", …" [3mdb.statement[0m[2m=[0m"\n\nINSERT INTO \"medlem\" (\"pid\", \"name\", \"email\", \"phone_nr\", \"address\", \"city\", \"birthdate\", \"final_date\", \"user_pid\", \"partner_pid\") VALUES ($1, $2, $3, $4, $5, $6, $7, $8, $9, $10) RETURNING \"id\", \"pid\", \"name\", \"email\", \"phone_nr\", \"address\", \"city\", \"birthdate\", \"final_date\", \"status\", \"user_pid\", \"parents_pid\", \"previous_partners\", \"children_pid\", \"partner_pid\", \"created_at\", \"updated_at\"\n" [3mrows_affected[0m[2m=[0m1 [3mrows_returned[0m[2m=[0m1 [3melapsed[0m[2m=[0m3.070532ms [3melapsed_secs[0m[2m=[0m0.003070532 [2m[3menvironment[0m[2m=[0mdevelopment[0m [2m[3mtask[0m[2m=[0m"seed_tree"[0m
[2m2026-02-08T13:57:15.698514Z[0m [32m INFO[0m [1mapp[0m:[1mtask[0m: [2mfamilyserver_backend::tasks::seed_graph[0m[2m:[0m Created medlem entry for ~ Jens Marinus Larsen [2m[3menvironment[0m[2m=[0mdevelopment[0m [2m[3mtask[0m[2m=[0m"seed_tree"[0m
[2m2026-02-08T13:57:15.698565Z[0m [31mERROR[0m [1mapp[0m:[1mtask[0m: [2mfamilyserver_backend::tasks::seed_graph[0m[2m:[0m [WARN] No user created for ~ Jens Marinus Larsen, cannot add editor privileges [2m[3menvironment[0m[2m=[0mdevelopment[0m [2m[3mtask[0m[2m=[0m"seed_tree"[0m
[2m2026-02-08T13:57:15.699269Z[0m [32m INFO[0m [1mapp[0m:[1mtask[0m: [2msqlx::query[0m[2m:[0m [3msummary[0m[2m=[0m"SELECT \"medlem\".\"id\", \"medlem\".\"pid\", \"medlem\".\"name\", …" [3mdb.statement[0m[2m=[0m"\n\nSELECT \"medlem\".\"id\", \"medlem\".\"pid\", \"medlem\".\"name\", \"medlem\".\"email\", \"medlem\".\"phone_nr\", \"medlem\".\"address\", \"medlem\".\"city\", \"medlem\".\"birthdate\", \"medlem\".\"final_date\", \"medlem\".\"status\", \"medlem\".\"user_pid\", \"medlem\".\"parents_pid\", \"medlem\".\"previous_partners\", \"medlem\".\"children_pid\", \"medlem\".\"partner_pid\", \"medlem\".\"created_at\", \"medlem\".\"updated_at\" FROM \"medlem\" WHERE \"medlem\".\"name\" = $1 LIMIT $2\n" [3mrows_affected[0m[2m=[0m0 [3mrows_returned[0m[2m=[0m0 [3melapsed[0m[2m=[0m309.578µs [3melapsed_secs[0m[2m=[0m0.000309578 [2m[3menvironment[0m[2m=[0mdevelopment[0m [2m[3mtask[0m[2m=[0m"seed_tree"[0m
[2m2026-02-08T13:57:15.702781Z[0m [32m INFO[0m [1mapp[0m:[1mtask[0m: [2msqlx::query[0m[2m:[0m [3msummary[0m[2m=[0m"INSERT INTO \"medlem\" (\"pid\", …" [3mdb.statement[0m[2m=[0m"\n\nINSERT INTO \"medlem\" (\"pid\", \"name\", \"email\", \"phone_nr\", \"address\", \"city\", \"birthdate\", \"final_date\", \"user_pid\", \"partner_pid\") VALUES ($1, $2, $3, $4, $5, $6, $7, $8, $9, $10) RETURNING \"id\", \"pid\", \"name\", \"email\", \"phone_nr\", \"address\", \"city\", \"birthdate\", \"final_date\", \"status\", \"user_pid\", \"parents_pid\", \"previous_partners\", \"children_pid\", \"partner_pid\", \"created_at\", \"updated_at\"\n" [3mrows_affected[0m[2m=[0m1 [3mrows_returned[0m[2m=[0m1 [3melapsed[0m[2m=[0m3.057882ms [3melapsed_secs[0m[2m=[0m0.003057882 [2m[3menvironment[0m[2m=[0mdevelopment[0m [2m[3mtask[0m[2m=[0m"seed_tree"[0m
[2m2026-02-08T13:57:15.702939Z[0m [32m INFO[0m [1mapp[0m:[1mtask[0m: [2mfamilyserver_backend::tasks::seed_graph[0m[2m:[0m Created medlem entry for Jenny Nikoline Kr. f. Wistoft [2m[3menvironment[0m[2m=[0mdevelopment[0m [2m[3mtask[0m[2m=[0m"seed_tree"[0m
[2m2026-02-08T13:57:15.702995Z[0m [31mERROR[0m [1mapp[0m:[1mtask[0m: [2mfamilyserver_backend::tasks::seed_graph[0m[2m:[0m [WARN] No user created for Jenny Nikoline Kr. f. Wistoft, cannot add editor privileges [2m[3menvironment[0m[2m=[0mdevelopment[0m [2m[3mtask[0m[2m=[0m"seed_tree"[0m
[2m2026-02-08T13:57:15.704192Z[0m [32m INFO[0m [1mapp[0m:[1mtask[0m: [2msqlx::query[0m[2m:[0m [3msummary[0m[2m=[0m"SELECT \"user\".\"created_at\", \"user\".\"updated_at\", \"user\".\"id\", …" [3mdb.statement[0m[2m=[0m"\n\nSELECT \"user\".\"created_at\", \"user\".\"updated_at\", \"user\".\"id\", \"user\".\"pid\", \"user\".\"email\", \"user\".\"password\", \"user\".\"api_key\", \"user\".\"name\", \"user\".\"reset_token\", \"user\".\"reset_sent_at\", \"user\".\"magic_link_token\", \"user\".\"magic_link_token_expiration\" FROM \"user\" WHERE \"user\".\"name\" = $1 LIMIT $2\n" [3mrows_affected[0m[2m=[0m0 [3mrows_returned[0m[2m=[0m0 [3melapsed[0m[2m=[0m816.117µs [3melapsed_secs[0m[2m=[0m0.000816117 [2m[3menvironment[0m[2m=[0mdevelopment[0m [2m[3mtask[0m[2m=[0m"seed_tree"[0m
[2m2026-02-08T13:57:16.189267Z[0m [32m INFO[0m [1mapp[0m:[1mtask[0m: [2msqlx::query[0m[2m:[0m [3msummary[0m[2m=[0m"INSERT INTO \"user\" (\"pid\", …" [3mdb.statement[0m[2m=[0m"\n\nINSERT INTO \"user\" (\"pid\", \"email\", \"password\", \"api_key\", \"name\") VALUES ($1, $2, $3, $4, $5) RETURNING \"created_at\", \"updated_at\", \"id\", \"pid\", \"email\", \"password\", \"api_key\", \"name\", \"reset_token\", \"reset_sent_at\", \"magic_link_token\", \"magic_link_token_expiration\"\n" [3mrows_affected[0m[2m=[0m1 [3mrows_returned[0m[2m=[0m1 [3melapsed[0m[2m=[0m4.199638ms [3melapsed_secs[0m[2m=[0m0.004199638 [2m[3menvironment[0m[2m=[0mdevelopment[0m [2m[3mtask[0m[2m=[0m"seed_tree"[0m
[2m2026-02-08T13:57:16.190295Z[0m [32m INFO[0m [1mapp[0m:[1mtask[0m: [2msqlx::query[0m[2m:[0m [3msummary[0m[2m=[0m"SELECT \"medlem\".\"id\", \"medlem\".\"pid\", \"medlem\".\"name\", …" [3mdb.statement[0m[2m=[0m"\n\nSELECT \"medlem\".\"id\", \"medlem\".\"pid\", \"medlem\".\"name\", \"medlem\".\"email\", \"medlem\".\"phone_nr\", \"medlem\".\"address\", \"medlem\".\"city\", \"medlem\".\"birthdate\", \"medlem\".\"final_date\", \"medlem\".\"status\", \"medlem\".\"user_pid\", \"medlem\".\"parents_pid\", \"medlem\".\"previous_partners\", \"medlem\".\"children_pid\", \"medlem\".\"partner_pid\", \"medlem\".\"created_at\", \"medlem\".\"updated_at\" FROM \"medlem\" WHERE \"medlem\".\"name\" = $1 LIMIT $2\n" [3mrows_affected[0m[2m=[0m0 [3mrows_returned[0m[2m=[0m0 [3melapsed[0m[2m=[0m369.221µs [3melapsed_secs[0m[2m=[0m0.000369221 [2m[3menvironment[0m[2m=[0mdevelopment[0m [2m[3mtask[0m[2m=[0m"seed_tree"[0m
[2m2026-02-08T13:57:16.194820Z[0m [32m INFO[0m [1mapp[0m:[1mtask[0m: [2msqlx::query[0m[2m:[0m [3msummary[0m[2m=[0m"INSERT INTO \"medlem\" (\"pid\", …" [3mdb.statement[0m[2m=[0m"\n\nINSERT INTO \"medlem\" (\"pid\", \"name\", \"email\", \"phone_nr\", \"address\", \"city\", \"birthdate\", \"final_date\", \"user_pid\", \"partner_pid\") VALUES ($1, $2, $3, $4, $5, $6, $7, $8, $9, $10) RETURNING \"id\", \"pid\", \"name\", \"email\", \"phone_nr\", \"address\", \"city\", \"birthdate\", \"final_date\", \"status\", \"user_pid\", \"parents_pid\", \"previous_partners\", \"children_pid\", \"partner_pid\", \"created_at\", \"updated_at\"\n" [3mrows_affected[0m[2m=[0m1 [3mrows_returned[0m[2m=[0m1 [3melapsed[0m[2m=[0m4.055657ms [3melapsed_secs[0m[2m=[0m0.004055657 [2m[3menvironment[0m[2m=[0mdevelopment[0m [2m[3mtask[0m[2m=[0m"seed_tree"[0m
[2m2026-02-08T13:57:16.195007Z[0m [32m INFO[0m [1mapp[0m:[1mtask[0m: [2mfamilyserver_backend::tasks::seed_graph[0m[2m:[0m Created medlem entry for ~Anne-Grethe f. Jørgensen [2m[3menvironment[0m[2m=[0mdevelopment[0m [2m[3mtask[0m[2m=[0m"seed_tree"[0m
[2m2026-02-08T13:57:16.195089Z[0m [32m INFO[0m [1mapp[0m:[1mtask[0m: [2mfamilyserver_backend::tasks::seed_graph[0m[2m:[0m [INFO] Adding user as editor to medlem [2m[3menvironment[0m[2m=[0mdevelopment[0m [2m[3mtask[0m[2m=[0m"seed_tree"[0m
[2m2026-02-08T13:57:16.199405Z[0m [32m INFO[0m [1mapp[0m:[1mtask[0m: [2msqlx::query[0m[2m:[0m [3msummary[0m[2m=[0m"INSERT INTO \"medlem_editors\" (\"medlem_pid\", …" [3mdb.statement[0m[2m=[0m"\n\nINSERT INTO \"medlem_editors\" (\"medlem_pid\", \"user_pid\", \"role\") VALUES ($1, $2, $3) RETURNING \"id\", \"medlem_pid\", \"user_pid\", \"role\"\n" [3mrows_affected[0m[2m=[0m1 [3mrows_returned[0m[2m=[0m1 [3melapsed[0m[2m=[0m3.940809ms [3melapsed_secs[0m[2m=[0m0.003940809 [2m[3menvironment[0m[2m=[0mdevelopment[0m [2m[3mtask[0m[2m=[0m"seed_tree"[0m
[2m2026-02-08T13:57:16.199565Z[0m [32m INFO[0m [1mapp[0m:[1mtask[0m: [2mfamilyserver_backend::tasks::seed_graph[0m[2m:[0m User was added as editor for medlem [2m[3menvironment[0m[2m=[0mdevelopment[0m [2m[3mtask[0m[2m=[0m"seed_tree"[0m
[2m2026-02-08T13:57:16.200479Z[0m [32m INFO[0m [1mapp[0m:[1mtask[0m: [2msqlx::query[0m[2m:[0m [3msummary[0m[2m=[0m"SELECT \"medlem\".\"id\", \"medlem\".\"pid\", \"medlem\".\"name\", …" [3mdb.statement[0m[2m=[0m"\n\nSELECT \"medlem\".\"id\", \"medlem\".\"pid\", \"medlem\".\"name\", \"medlem\".\"email\", \"medlem\".\"phone_nr\", \"medlem\".\"address\", \"medlem\".\"city\", \"medlem\".\"birthdate\", \"medlem\".\"final_date\", \"medlem\".\"status\", \"medlem\".\"user_pid\", \"medlem\".\"parents_pid\", \"medlem\".\"previous_partners\", \"medlem\".\"children_pid\", \"medlem\".\"partner_pid\", \"medlem\".\"created_at\", \"medlem\".\"updated_at\" FROM \"medlem\" WHERE \"medlem\".\"name\" = $1 LIMIT $2\n" [3mrows_affected[0m[2m=[0m0 [3mrows_returned[0m[2m=[0m0 [3melapsed[0m[2m=[0m373.024µs [3melapsed_secs[0m[2m=[0m0.000373024 [2m[3menvironment[0m[2m=[0mdevelopment[0m [2m[3mtask[0m[2m=[0m"seed_tree"[0m
[2m2026-02-08T13:57:16.204161Z[0m [32m INFO[0m [1mapp[0m:[1mtask[0m: [2msqlx::query[0m[2m:[0m [3msummary[0m[2m=[0m"INSERT INTO \"medlem\" (\"pid\", …" [3mdb.statement[0m[2m=[0m"\n\nINSERT INTO \"medlem\" (\"pid\", \"name\", \"email\", \"phone_nr\", \"address\", \"city\", \"birthdate\", \"final_date\", \"user_pid\", \"partner_pid\") VALUES ($1, $2, $3, $4, $5, $6, $7, $8, $9, $10) RETURNING \"id\", \"pid\", \"name\", \"email\", \"phone_nr\", \"address\", \"city\", \"birthdate\", \"final_date\", \"status\", \"user_pid\", \"parents_pid\", \"previous_partners\", \"children_pid\", \"partner_pid\", \"created_at\", \"updated_at\"\n" [3mrows_affected[0m[2m=[0m1 [3mrows_returned[0m[2m=[0m1 [3melapsed[0m[2m=[0m3.190198ms [3melapsed_secs[0m[2m=[0m0.003190198 [2m[3menvironment[0m[2m=[0mdevelopment[0m [2m[3mtask[0m[2m=[0m"seed_tree"[0m
[2m2026-02-08T13:57:16.204334Z[0m [32m INFO[0m [1mapp[0m:[1mtask[0m: [2mfamilyserver_backend::tasks::seed_graph[0m[2m:[0m Created medlem entry for Knud Wistoft Larsen [2m[3menvironment[0m[2m=[0mdevelopment[0m [2m[3mtask[0m[2m=[0m"seed_tree"[0m
[2m2026-02-08T13:57:16.204407Z[0m [31mERROR[0m [1mapp[0m:[1mtask[0m: [2mfamilyserver_backend::tasks::seed_graph[0m[2m:[0m [WARN] No user created for Knud Wistoft Larsen, cannot add editor privileges [2m[3menvironment[0m[2m=[0mdevelopment[0m [2m[3mtask[0m[2m=[0m"seed_tree"[0m
[2m2026-02-08T13:57:16.205546Z[0m [32m INFO[0m [1mapp[0m:[1mtask[0m: [2msqlx::query[0m[2m:[0m [3msummary[0m[2m=[0m"SELECT \"user\".\"created_at\", \"user\".\"updated_at\", \"user\".\"id\", …" [3mdb.statement[0m[2m=[0m"\n\nSELECT \"user\".\"created_at\", \"user\".\"updated_at\", \"user\".\"id\", \"user\".\"pid\", \"user\".\"email\", \"user\".\"password\", \"user\".\"api_key\", \"user\".\"name\", \"user\".\"reset_token\", \"user\".\"reset_sent_at\", \"user\".\"magic_link_token\", \"user\".\"magic_link_token_expiration\" FROM \"user\" WHERE \"user\".\"name\" = $1 LIMIT $2\n" [3mrows_affected[0m[2m=[0m0 [3mrows_returned[0m[2m=[0m0 [3melapsed[0m[2m=[0m719.757µs [3melapsed_secs[0m[2m=[0m0.000719757 [2m[3menvironment[0m[2m=[0mdevelopment[0m [2m[3mtask[0m[2m=[0m"seed_tree"[0m
[2m2026-02-08T13:57:16.905018Z[0m [32m INFO[0m [1mapp[0m:[1mtask[0m: [2msqlx::query[0m[2m:[0m [3msummary[0m[2m=[0m"INSERT INTO \"user\" (\"pid\", …" [3mdb.statement[0m[2m=[0m"\n\nINSERT INTO \"user\" (\"pid\", \"email\", \"password\", \"api_key\", \"name\") VALUES ($1, $2, $3, $4, $5) RETURNING \"created_at\", \"updated_at\", \"id\", \"pid\", \"email\", \"password\", \"api_key\", \"name\", \"reset_token\", \"reset_sent_at\", \"magic_link_token\", \"magic_link_token_expiration\"\n" [3mrows_affected[0m[2m=[0m1 [3mrows_returned[0m[2m=[0m1 [3melapsed[0m[2m=[0m3.891734ms [3melapsed_secs[0m[2m=[0m0.003891734 [2m[3menvironment[0m[2m=[0mdevelopment[0m [2m[3mtask[0m[2m=[0m"seed_tree"[0m
[2m2026-02-08T13:57:16.906119Z[0m [32m INFO[0m [1mapp[0m:[1mtask[0m: [2msqlx::query[0m[2m:[0m [3msummary[0m[2m=[0m"SELECT \"medlem\".\"id\", \"medlem\".\"pid\", \"medlem\".\"name\", …" [3mdb.statement[0m[2m=[0m"\n\nSELECT \"medlem\".\"id\", \"medlem\".\"pid\", \"medlem\".\"name\", \"medlem\".\"email\", \"medlem\".\"phone_nr\", \"medlem\".\"address\", \"medlem\".\"city\", \"medlem\".\"birthdate\", \"medlem\".\"final_date\", \"medlem\".\"status\", \"medlem\".\"user_pid\", \"medlem\".\"parents_pid\", \"medlem\".\"previous_partners\", \"medlem\".\"children_pid\", \"medlem\".\"partner_pid\", \"medlem\".\"created_at\", \"medlem\".\"updated_at\" FROM \"medlem\" WHERE \"medlem\".\"name\" = $1 LIMIT $2\n" [3mrows_affected[0m[2m=[0m0 [3mrows_returned[0m[2m=[0m0 [3melapsed[0m[2m=[0m433.196µs [3melapsed_secs[0m[2m=[0m0.000433196 [2m[3menvironment[0m[2m=[0mdevelopment[0m [2m[3mtask[0m[2m=[0m"seed_tree"[0m
[2m2026-02-08T13:57:16.910202Z[0m [32m INFO[0m [1mapp[0m:[1mtask[0m: [2msqlx::query[0m[2m:[0m [3msummary[0m[2m=[0m"INSERT INTO \"medlem\" (\"pid\", …" [3mdb.statement[0m[2m=[0m"\n\nINSERT INTO \"medlem\" (\"pid\", \"name\", \"email\", \"phone_nr\", \"address\", \"city\", \"birthdate\", \"final_date\", \"user_pid\", \"partner_pid\") VALUES ($1, $2, $3, $4, $5, $6, $7, $8, $9, $10) RETURNING \"id\", \"pid\", \"name\", \"email\", \"phone_nr\", \"address\", \"city\", \"birthdate\", \"final_date\", \"status\", \"user_pid\", \"parents_pid\", \"previous_partners\", \"children_pid\", \"partner_pid\", \"created_at\", \"updated_at\"\n" [3mrows_affected[0m[2m=[0m1 [3mrows_returned[0m[2m=[0m1 [3melapsed[0m[2m=[0m3.446729ms [3melapsed_secs[0m[2m=[0m0.003446729 [2m[3menvironment[0m[2m=[0mdevelopment[0m [2m[3mtask[0m[2m=[0m"seed_tree"[0m
[2m2026-02-08T13:57:16.910405Z[0m [32m INFO[0m [1mapp[0m:[1mtask[0m: [2mfamilyserver_backend::tasks::seed_graph[0m[2m:[0m Created medlem entry for Charlotte Wistoft  [2m[3menvironment[0m[2m=[0mdevelopment[0m [2m[3mtask[0m[2m=[0m"seed_tree"[0m
[2m2026-02-08T13:57:16.910474Z[0m [32m INFO[0m [1mapp[0m:[1mtask[0m: [2mfamilyserver_backend::tasks::seed_graph[0m[2m:[0m [INFO] Adding user as editor to medlem [2m[3menvironment[0m[2m=[0mdevelopment[0m [2m[3mtask[0m[2m=[0m"seed_tree"[0m
[2m2026-02-08T13:57:16.914665Z[0m [32m INFO[0m [1mapp[0m:[1mtask[0m: [2msqlx::query[0m[2m:[0m [3msummary[0m[2m=[0m"INSERT INTO \"medlem_editors\" (\"medlem_pid\", …" [3mdb.statement[0m[2m=[0m"\n\nINSERT INTO \"medlem_editors\" (\"medlem_pid\", \"user_pid\", \"role\") VALUES ($1, $2, $3) RETURNING \"id\", \"medlem_pid\", \"user_pid\", \"role\"\n" [3mrows_affected[0m[2m=[0m1 [3mrows_returned[0m[2m=[0m1 [3melapsed[0m[2m=[0m3.709831ms [3melapsed_secs[0m[2m=[0m0.003709831 [2m[3menvironment[0m[2m=[0mdevelopment[0m [2m[3mtask[0m[2m=[0m"seed_tree"[0m
[2m2026-02-08T13:57:16.914826Z[0m [32m INFO[0m [1mapp[0m:[1mtask[0m: [2mfamilyserver_backend::tasks::seed_graph[0m[2m:[0m User was added as editor for medlem [2m[3menvironment[0m[2m=[0mdevelopment[0m [2m[3mtask[0m[2m=[0m"seed_tree"[0m
[2m2026-02-08T13:57:16.915645Z[0m [32m INFO[0m [1mapp[0m:[1mtask[0m: [2msqlx::query[0m[2m:[0m [3msummary[0m[2m=[0m"SELECT \"medlem\".\"id\", \"medlem\".\"pid\", \"medlem\".\"name\", …" [3mdb.statement[0m[2m=[0m"\n\nSELECT \"medlem\".\"id\", \"medlem\".\"pid\", \"medlem\".\"name\", \"medlem\".\"email\", \"medlem\".\"phone_nr\", \"medlem\".\"address\", \"medlem\".\"city\", \"medlem\".\"birthdate\", \"medlem\".\"final_date\", \"medlem\".\"status\", \"medlem\".\"user_pid\", \"medlem\".\"parents_pid\", \"medlem\".\"previous_partners\", \"medlem\".\"children_pid\", \"medlem\".\"partner_pid\", \"medlem\".\"created_at\", \"medlem\".\"updated_at\" FROM \"medlem\" WHERE \"medlem\".\"name\" = $1 LIMIT $2\n" [3mrows_affected[0m[2m=[0m0 [3mrows_returned[0m[2m=[0m0 [3melapsed[0m[2m=[0m348.967µs [3melapsed_secs[0m[2m=[0m0.000348967 [2m[3menvironment[0m[2m=[0mdevelopment[0m [2m[3mtask[0m[2m=[0m"seed_tree"[0m
[2m2026-02-08T13:57:16.919290Z[0m [32m INFO[0m [1mapp[0m:[1mtask[0m: [2msqlx::query[0m[2m:[0m [3msummary[0m[2m=[0m"INSERT INTO \"medlem\" (\"pid\", …" [3mdb.statement[0m[2m=[0m"\n\nINSERT INTO \"medlem\" (\"pid\", \"name\", \"email\", \"phone_nr\", \"address\", \"city\", \"birthdate\", \"final_date\", \"user_pid\", \"partner_pid\") VALUES ($1, $2, $3, $4, $5, $6, $7, $8, $9, $10) RETURNING \"id\", \"pid\", \"name\", \"email\", \"phone_nr\", \"address\", \"city\", \"birthdate\", \"final_date\", \"status\", \"user_pid\", \"parents_pid\", \"previous_partners\", \"children_pid\", \"partner_pid\", \"created_at\", \"updated_at\"\n" [3mrows_affected[0m[2m=[0m1 [3mrows_returned[0m[2m=[0m1 [3melapsed[0m[2m=[0m3.14168ms [3melapsed_secs[0m[2m=[0m0.00314168 [2m[3menvironment[0m[2m=[0mdevelopment[0m [2m[3mtask[0m[2m=[0m"seed_tree"[0m
[2m2026-02-08T13:57:16.919490Z[0m [32m INFO[0m [1mapp[0m:[1mtask[0m: [2mfamilyserver_backend::tasks::seed_graph[0m[2m:[0m Created medlem entry for Frederik Wistoft Nielsen [2m[3menvironment[0m[2m=[0mdevelopment[0m [2m[3mtask[0m[2m=[0m"seed_tree"[0m
[2m2026-02-08T13:57:16.919559Z[0m [31mERROR[0m [1mapp[0m:[1mtask[0m: [2mfamilyserver_backend::tasks::seed_graph[0m[2m:[0m [WARN] No user created for Frederik Wistoft Nielsen, cannot add editor privileges [2m[3menvironment[0m[2m=[0mdevelopment[0m [2m[3mtask[0m[2m=[0m"seed_tree"[0m
[2m2026-02-08T13:57:16.920403Z[0m [32m INFO[0m [1mapp[0m:[1mtask[0m: [2msqlx::query[0m[2m:[0m [3msummary[0m[2m=[0m"SELECT \"medlem\".\"id\", \"medlem\".\"pid\", \"medlem\".\"name\", …" [3mdb.statement[0m[2m=[0m"\n\nSELECT \"medlem\".\"id\", \"medlem\".\"pid\", \"medlem\".\"name\", \"medlem\".\"email\", \"medlem\".\"phone_nr\", \"medlem\".\"address\", \"medlem\".\"city\", \"medlem\".\"birthdate\", \"medlem\".\"final_date\", \"medlem\".\"status\", \"medlem\".\"user_pid\", \"medlem\".\"parents_pid\", \"medlem\".\"previous_partners\", \"medlem\".\"children_pid\", \"medlem\".\"partner_pid\", \"medlem\".\"created_at\", \"medlem\".\"updated_at\" FROM \"medlem\" WHERE \"medlem\".\"name\" = $1 LIMIT $2\n" [3mrows_affected[0m[2m=[0m0 [3mrows_returned[0m[2m=[0m0 [3melapsed[0m[2m=[0m336.405µs [3melapsed_secs[0m[2m=[0m0.000336405 [2m[3menvironment[0m[2m=[0mdevelopment[0m [2m[3mtask[0m[2m=[0m"seed_tree"[0m
[2m2026-02-08T13:57:16.923941Z[0m [32m INFO[0m [1mapp[0m:[1mtask[0m: [2msqlx::query[0m[2m:[0m [3msummary[0m[2m=[0m"INSERT INTO \"medlem\" (\"pid\", …" [3mdb.statement[0m[2m=[0m"\n\nINSERT INTO \"medlem\" (\"pid\", \"name\", \"email\", \"phone_nr\", \"address\", \"city\", \"birthdate\", \"final_date\", \"user_pid\", \"partner_pid\") VALUES ($1, $2, $3, $4, $5, $6, $7, $8, $9, $10) RETURNING \"id\", \"pid\", \"name\", \"email\", \"phone_nr\", \"address\", \"city\", \"birthdate\", \"final_date\", \"status\", \"user_pid\", \"parents_pid\", \"previous_partners\", \"children_pid\", \"partner_pid\", \"created_at\", \"updated_at\"\n" [3mrows_affected[0m[2m=[0m1 [3mrows_returned[0m[2m=[0m1 [3melapsed[0m[2m=[0m3.087533ms [3melapsed_secs[0m[2m=[0m0.003087533 [2m[3menvironment[0m[2m=[0mdevelopment[0m [2m[3mtask[0m[2m=[0m"seed_tree"[0m
[2m2026-02-08T13:57:16.924107Z[0m [32m INFO[0m [1mapp[0m:[1mtask[0m: [2mfamilyserver_backend::tasks::seed_graph[0m[2m:[0m Created medlem entry for Nicoline Wistoft Nielsen [2m[3menvironment[0m[2m=[0mdevelopment[0m [2m[3mtask[0m[2m=[0m"seed_tree"[0m
[2m2026-02-08T13:57:16.924166Z[0m [31mERROR[0m [1mapp[0m:[1mtask[0m: [2mfamilyserver_backend::tasks::seed_graph[0m[2m:[0m [WARN] No user created for Nicoline Wistoft Nielsen, cannot add editor privileges [2m[3menvironment[0m[2m=[0mdevelopment[0m [2m[3mtask[0m[2m=[0m"seed_tree"[0m
[2m2026-02-08T13:57:16.925504Z[0m [32m INFO[0m [1mapp[0m:[1mtask[0m: [2msqlx::query[0m[2m:[0m [3msummary[0m[2m=[0m"SELECT \"user\".\"created_at\", \"user\".\"updated_at\", \"user\".\"id\", …" [3mdb.statement[0m[2m=[0m"\n\nSELECT \"user\".\"created_at\", \"user\".\"updated_at\", \"user\".\"id\", \"user\".\"pid\", \"user\".\"email\", \"user\".\"password\", \"user\".\"api_key\", \"user\".\"name\", \"user\".\"reset_token\", \"user\".\"reset_sent_at\", \"user\".\"magic_link_token\", \"user\".\"magic_link_token_expiration\" FROM \"user\" WHERE \"user\".\"name\" = $1 LIMIT $2\n" [3mrows_affected[0m[2m=[0m0 [3mrows_returned[0m[2m=[0m0 [3melapsed[0m[2m=[0m938.781µs [3melapsed_secs[0m[2m=[0m0.000938781 [2m[3menvironment[0m[2m=[0mdevelopment[0m [2m[3mtask[0m[2m=[0m"seed_tree"[0m
[2m2026-02-08T13:57:17.411521Z[0m [32m INFO[0m [1mapp[0m:[1mtask[0m: [2msqlx::query[0m[2m:[0m [3msummary[0m[2m=[0m"INSERT INTO \"user\" (\"pid\", …" [3mdb.statement[0m[2m=[0m"\n\nINSERT INTO \"user\" (\"pid\", \"email\", \"password\", \"api_key\", \"name\") VALUES ($1, $2, $3, $4, $5) RETURNING \"created_at\", \"updated_at\", \"id\", \"pid\", \"email\", \"password\", \"api_key\", \"name\", \"reset_token\", \"reset_sent_at\", \"magic_link_token\", \"magic_link_token_expiration\"\n" [3mrows_affected[0m[2m=[0m1 [3mrows_returned[0m[2m=[0m1 [3melapsed[0m[2m=[0m7.157299ms [3melapsed_secs[0m[2m=[0m0.007157299 [2m[3menvironment[0m[2m=[0mdevelopment[0m [2m[3mtask[0m[2m=[0m"seed_tree"[0m
[2m2026-02-08T13:57:17.412627Z[0m [32m INFO[0m [1mapp[0m:[1mtask[0m: [2msqlx::query[0m[2m:[0m [3msummary[0m[2m=[0m"SELECT \"medlem\".\"id\", \"medlem\".\"pid\", \"medlem\".\"name\", …" [3mdb.statement[0m[2m=[0m"\n\nSELECT \"medlem\".\"id\", \"medlem\".\"pid\", \"medlem\".\"name\", \"medlem\".\"email\", \"medlem\".\"phone_nr\", \"medlem\".\"address\", \"medlem\".\"city\", \"medlem\".\"birthdate\", \"medlem\".\"final_date\", \"medlem\".\"status\", \"medlem\".\"user_pid\", \"medlem\".\"parents_pid\", \"medlem\".\"previous_partners\", \"medlem\".\"children_pid\", \"medlem\".\"partner_pid\", \"medlem\".\"created_at\", \"medlem\".\"updated_at\" FROM \"medlem\" WHERE \"medlem\".\"name\" = $1 LIMIT $2\n" [3mrows_affected[0m[2m=[0m0 [3mrows_returned[0m[2m=[0m0 [3melapsed[0m[2m=[0m424.545µs [3melapsed_secs[0m[2m=[0m0.000424545 [2m[3menvironment[0m[2m=[0mdevelopment[0m [2m[3mtask[0m[2m=[0m"seed_tree"[0m
[2m2026-02-08T13:57:17.416438Z[0m [32m INFO[0m [1mapp[0m:[1mtask[0m: [2msqlx::query[0m[2m:[0m [3msummary[0m[2m=[0m"INSERT INTO \"medlem\" (\"pid\", …" [3mdb.statement[0m[2m=[0m"\n\nINSERT INTO \"medlem\" (\"pid\", \"name\", \"email\", \"phone_nr\", \"address\", \"city\", \"birthdate\", \"final_date\", \"user_pid\", \"partner_pid\") VALUES ($1, $2, $3, $4, $5, $6, $7, $8, $9, $10) RETURNING \"id\", \"pid\", \"name\", \"email\", \"phone_nr\", \"address\", \"city\", \"birthdate\", \"final_date\", \"status\", \"user_pid\", \"parents_pid\", \"previous_partners\", \"children_pid\", \"partner_pid\", \"created_at\", \"updated_at\"\n" [3mrows_affected[0m[2m=[0m1 [3mrows_returned[0m[2m=[0m1 [3melapsed[0m[2m=[0m3.371892ms [3melapsed_secs[0m[2m=[0m0.003371892 [2m[3menvironment[0m[2m=[0mdevelopment[0m [2m[3mtask[0m[2m=[0m"seed_tree"[0m
[2m2026-02-08T13:57:17.416653Z[0m [32m INFO[0m [1mapp[0m:[1mtask[0m: [2mfamilyserver_backend::tasks::seed_graph[0m[2m:[0m Created medlem entry for Jens Peter Wistoft Larsen [2m[3menvironment[0m[2m=[0mdevelopment[0m [2m[3mtask[0m[2m=[0m"seed_tree"[0m
[2m2026-02-08T13:57:17.416756Z[0m [32m INFO[0m [1mapp[0m:[1mtask[0m: [2mfamilyserver_backend::tasks::seed_graph[0m[2m:[0m [INFO] Adding user as editor to medlem [2m[3menvironment[0m[2m=[0mdevelopment[0m [2m[3mtask[0m[2m=[0m"seed_tree"[0m
[2m2026-02-08T13:57:17.421226Z[0m [32m INFO[0m [1mapp[0m:[1mtask[0m: [2msqlx::query[0m[2m:[0m [3msummary[0m[2m=[0m"INSERT INTO \"medlem_editors\" (\"medlem_pid\", …" [3mdb.statement[0m[2m=[0m"\n\nINSERT INTO \"medlem_editors\" (\"medlem_pid\", \"user_pid\", \"role\") VALUES ($1, $2, $3) RETURNING \"id\", \"medlem_pid\", \"user_pid\", \"role\"\n" [3mrows_affected[0m[2m=[0m1 [3mrows_returned[0m[2m=[0m1 [3melapsed[0m[2m=[0m4.043565ms [3melapsed_secs[0m[2m=[0m0.004043565 [2m[3menvironment[0m[2m=[0mdevelopment[0m [2m[3mtask[0m[2m=[0m"seed_tree"[0m
[2m2026-02-08T13:57:17.421397Z[0m [32m INFO[0m [1mapp[0m:[1mtask[0m: [2mfamilyserver_backend::tasks::seed_graph[0m[2m:[0m User was added as editor for medlem [2m[3menvironment[0m[2m=[0mdevelopment[0m [2m[3mtask[0m[2m=[0m"seed_tree"[0m
[2m2026-02-08T13:57:17.422298Z[0m [32m INFO[0m [1mapp[0m:[1mtask[0m: [2msqlx::query[0m[2m:[0m [3msummary[0m[2m=[0m"SELECT \"medlem\".\"id\", \"medlem\".\"pid\", \"medlem\".\"name\", …" [3mdb.statement[0m[2m=[0m"\n\nSELECT \"medlem\".\"id\", \"medlem\".\"pid\", \"medlem\".\"name\", \"medlem\".\"email\", \"medlem\".\"phone_nr\", \"medlem\".\"address\", \"medlem\".\"city\", \"medlem\".\"birthdate\", \"medlem\".\"final_date\", \"medlem\".\"status\", \"medlem\".\"user_pid\", \"medlem\".\"parents_pid\", \"medlem\".\"previous_partners\", \"medlem\".\"children_pid\", \"medlem\".\"partner_pid\", \"medlem\".\"created_at\", \"medlem\".\"updated_at\" FROM \"medlem\" WHERE \"medlem\".\"name\" = $1 LIMIT $2\n" [3mrows_affected[0m[2m=[0m0 [3mrows_returned[0m[2m=[0m0 [3melapsed[0m[2m=[0m377.132µs [3melapsed_secs[0m[2m=[0m0.000377132 [2m[3menvironment[0m[2m=[0mdevelopment[0m [2m[3mtask[0m[2m=[0m"seed_tree"[0m
[2m2026-02-08T13:57:17.425795Z[0m [32m INFO[0m [1mapp[0m:[1mtask[0m: [2msqlx::query[0m[2m:[0m [3msummary[0m[2m=[0m"INSERT INTO \"medlem\" (\"pid\", …" [3mdb.statement[0m[2m=[0m"\n\nINSERT INTO \"medlem\" (\"pid\", \"name\", \"email\", \"phone_nr\", \"address\", \"city\", \"birthdate\", \"final_date\", \"user_pid\", \"partner_pid\") VALUES ($1, $2, $3, $4, $5, $6, $7, $8, $9, $10) RETURNING \"id\", \"pid\", \"name\", \"email\", \"phone_nr\", \"address\", \"city\", \"birthdate\", \"final_date\", \"status\", \"user_pid\", \"parents_pid\", \"previous_partners\", \"children_pid\", \"partner_pid\", \"created_at\", \"updated_at\"\n" [3mrows_affected[0m[2m=[0m1 [3mrows_returned[0m[2m=[0m1 [3melapsed[0m[2m=[0m3.035106ms [3melapsed_secs[0m[2m=[0m0.003035106 [2m[3menvironment[0m[2m=[0mdevelopment[0m [2m[3mtask[0m[2m=[0m"seed_tree"[0m
[2m2026-02-08T13:57:17.426002Z[0m [32m INFO[0m [1mapp[0m:[1mtask[0m: [2mfamilyserver_backend::tasks::seed_graph[0m[2m:[0m Created medlem entry for Mads Vanggård Wistoft Larsen [2m[3menvironment[0m[2m=[0mdevelopment[0m [2m[3mtask[0m[2m=[0m"seed_tree"[0m
[2m2026-02-08T13:57:17.426052Z[0m [31mERROR[0m [1mapp[0m:[1mtask[0m: [2mfamilyserver_backend::tasks::seed_graph[0m[2m:[0m [WARN] No user created for Mads Vanggård Wistoft Larsen, cannot add editor privileges [2m[3menvironment[0m[2m=[0mdevelopment[0m [2m[3mtask[0m[2m=[0m"seed_tree"[0m
[2m2026-02-08T13:57:17.426837Z[0m [32m INFO[0m [1mapp[0m:[1mtask[0m: [2msqlx::query[0m[2m:[0m [3msummary[0m[2m=[0m"SELECT \"medlem\".\"id\", \"medlem\".\"pid\", \"medlem\".\"name\", …" [3mdb.statement[0m[2m=[0m"\n\nSELECT \"medlem\".\"id\", \"medlem\".\"pid\", \"medlem\".\"name\", \"medlem\".\"email\", \"medlem\".\"phone_nr\", \"medlem\".\"address\", \"medlem\".\"city\", \"medlem\".\"birthdate\", \"medlem\".\"final_date\", \"medlem\".\"status\", \"medlem\".\"user_pid\", \"medlem\".\"parents_pid\", \"medlem\".\"previous_partners\", \"medlem\".\"children_pid\", \"medlem\".\"partner_pid\", \"medlem\".\"created_at\", \"medlem\".\"updated_at\" FROM \"medlem\" WHERE \"medlem\".\"name\" = $1 LIMIT $2\n" [3mrows_affected[0m[2m=[0m0 [3mrows_returned[0m[2m=[0m0 [3melapsed[0m[2m=[0m400.722µs [3melapsed_secs[0m[2m=[0m0.000400722 [2m[3menvironment[0m[2m=[0mdevelopment[0m [2m[3mtask[0m[2m=[0m"seed_tree"[0m
[2m2026-02-08T13:57:17.430811Z[0m [32m INFO[0m [1mapp[0m:[1mtask[0m: [2msqlx::query[0m[2m:[0m [3msummary[0m[2m=[0m"INSERT INTO \"medlem\" (\"pid\", …" [3mdb.statement[0m[2m=[0m"\n\nINSERT INTO \"medlem\" (\"pid\", \"name\", \"email\", \"phone_nr\", \"address\", \"city\", \"birthdate\", \"final_date\", \"user_pid\", \"partner_pid\") VALUES ($1, $2, $3, $4, $5, $6, $7, $8, $9, $10) RETURNING \"id\", \"pid\", \"name\", \"email\", \"phone_nr\", \"address\", \"city\", \"birthdate\", \"final_date\", \"status\", \"user_pid\", \"parents_pid\", \"previous_partners\", \"children_pid\", \"partner_pid\", \"created_at\", \"updated_at\"\n" [3mrows_affected[0m[2m=[0m1 [3mrows_returned[0m[2m=[0m1 [3melapsed[0m[2m=[0m3.511018ms [3melapsed_secs[0m[2m=[0m0.003511018 [2m[3menvironment[0m[2m=[0mdevelopment[0m [2m[3mtask[0m[2m=[0m"seed_tree"[0m
[2m2026-02-08T13:57:17.431010Z[0m [32m INFO[0m [1mapp[0m:[1mtask[0m: [2mfamilyserver_backend::tasks::seed_graph[0m[2m:[0m Created medlem entry for Emma Vanggård Wistoft Larsen [2m[3menvironment[0m[2m=[0mdevelopment[0m [2m[3mtask[0m[2m=[0m"seed_tree"[0m
[2m2026-02-08T13:57:17.431070Z[0m [31mERROR[0m [1mapp[0m:[1mtask[0m: [2mfamilyserver_backend::tasks::seed_graph[0m[2m:[0m [WARN] No user created for Emma Vanggård Wistoft Larsen, cannot add editor privileges [2m[3menvironment[0m[2m=[0mdevelopment[0m [2m[3mtask[0m[2m=[0m"seed_tree"[0m
[2m2026-02-08T13:57:17.431942Z[0m [32m INFO[0m [1mapp[0m:[1mtask[0m: [2msqlx::query[0m[2m:[0m [3msummary[0m[2m=[0m"SELECT \"medlem\".\"id\", \"medlem\".\"pid\", \"medlem\".\"name\", …" [3mdb.statement[0m[2m=[0m"\n\nSELECT \"medlem\".\"id\", \"medlem\".\"pid\", \"medlem\".\"name\", \"medlem\".\"email\", \"medlem\".\"phone_nr\", \"medlem\".\"address\", \"medlem\".\"city\", \"medlem\".\"birthdate\", \"medlem\".\"final_date\", \"medlem\".\"status\", \"medlem\".\"user_pid\", \"medlem\".\"parents_pid\", \"medlem\".\"previous_partners\", \"medlem\".\"children_pid\", \"medlem\".\"partner_pid\", \"medlem\".\"created_at\", \"medlem\".\"updated_at\" FROM \"medlem\" WHERE \"medlem\".\"name\" = $1 LIMIT $2\n" [3mrows_affected[0m[2m=[0m0 [3mrows_returned[0m[2m=[0m0 [3melapsed[0m[2m=[0m392.374µs [3melapsed_secs[0m[2m=[0m0.000392374 [2m[3menvironment[0m[2m=[0mdevelopment[0m [2m[3mtask[0m[2m=[0m"seed_tree"[0m
[2m2026-02-08T13:57:17.435503Z[0m [32m INFO[0m [1mapp[0m:[1mtask[0m: [2msqlx::query[0m[2m:[0m [3msummary[0m[2m=[0m"INSERT INTO \"medlem\" (\"pid\", …" [3mdb.statement[0m[2m=[0m"\n\nINSERT INTO \"medlem\" (\"pid\", \"name\", \"email\", \"phone_nr\", \"address\", \"city\", \"birthdate\", \"final_date\", \"user_pid\", \"partner_pid\") VALUES ($1, $2, $3, $4, $5, $6, $7, $8, $9, $10) RETURNING \"id\", \"pid\", \"name\", \"email\", \"phone_nr\", \"address\", \"city\", \"birthdate\", \"final_date\", \"status\", \"user_pid\", \"parents_pid\", \"previous_partners\", \"children_pid\", \"partner_pid\", \"created_at\", \"updated_at\"\n" [3mrows_affected[0m[2m=[0m1 [3mrows_returned[0m[2m=[0m1 [3melapsed[0m[2m=[0m3.079681ms [3melapsed_secs[0m[2m=[0m0.003079681 [2m[3menvironment[0m[2m=[0mdevelopment[0m [2m[3mtask[0m[2m=[0m"seed_tree"[0m
[2m2026-02-08T13:57:17.435684Z[0m [32m INFO[0m [1mapp[0m:[1mtask[0m: [2mfamilyserver_backend::tasks::seed_graph[0m[2m:[0m Created medlem entry for Emil Vanggård Wistoft Larsen [2m[3menvironment[0m[2m=[0mdevelopment[0m [2m[3mtask[0m[2m=[0m"seed_tree"[0m
[2m2026-02-08T13:57:17.435738Z[0m [31mERROR[0m [1mapp[0m:[1mtask[0m: [2mfamilyserver_backend::tasks::seed_graph[0m[2m:[0m [WARN] No user created for Emil Vanggård Wistoft Larsen, cannot add editor privileges [2m[3menvironment[0m[2m=[0mdevelopment[0m [2m[3mtask[0m[2m=[0m"seed_tree"[0m
[2m2026-02-08T13:57:17.436522Z[0m [32m INFO[0m [1mapp[0m:[1mtask[0m: [2msqlx::query[0m[2m:[0m [3msummary[0m[2m=[0m"SELECT \"medlem\".\"id\", \"medlem\".\"pid\", \"medlem\".\"name\", …" [3mdb.statement[0m[2m=[0m"\n\nSELECT \"medlem\".\"id\", \"medlem\".\"pid\", \"medlem\".\"name\", \"medlem\".\"email\", \"medlem\".\"phone_nr\", \"medlem\".\"address\", \"medlem\".\"city\", \"medlem\".\"birthdate\", \"medlem\".\"final_date\", \"medlem\".\"status\", \"medlem\".\"user_pid\", \"medlem\".\"parents_pid\", \"medlem\".\"previous_partners\", \"medlem\".\"children_pid\", \"medlem\".\"partner_pid\", \"medlem\".\"created_at\", \"medlem\".\"updated_at\" FROM \"medlem\" WHERE \"medlem\".\"name\" = $1 LIMIT $2\n" [3mrows_affected[0m[2m=[0m0 [3mrows_returned[0m[2m=[0m0 [3melapsed[0m[2m=[0m322.381µs [3melapsed_secs[0m[2m=[0m0.000322381 [2m[3menvironment[0m[2m=[0mdevelopment[0m [2m[3mtask[0m[2m=[0m"seed_tree"[0m
[2m2026-02-08T13:57:17.439939Z[0m [32m INFO[0m [1mapp[0m:[1mtask[0m: [2msqlx::query[0m[2m:[0m [3msummary[0m[2m=[0m"INSERT INTO \"medlem\" (\"pid\", …" [3mdb.statement[0m[2m=[0m"\n\nINSERT INTO \"medlem\" (\"pid\", \"name\", \"email\", \"phone_nr\", \"address\", \"city\", \"birthdate\", \"final_date\", \"user_pid\", \"partner_pid\") VALUES ($1, $2, $3, $4, $5, $6, $7, $8, $9, $10) RETURNING \"id\", \"pid\", \"name\", \"email\", \"phone_nr\", \"address\", \"city\", \"birthdate\", \"final_date\", \"status\", \"user_pid\", \"parents_pid\", \"previous_partners\", \"children_pid\", \"partner_pid\", \"created_at\", \"updated_at\"\n" [3mrows_affected[0m[2m=[0m1 [3mrows_returned[0m[2m=[0m1 [3melapsed[0m[2m=[0m3.00015ms [3melapsed_secs[0m[2m=[0m0.00300015 [2m[3menvironment[0m[2m=[0mdevelopment[0m [2m[3mtask[0m[2m=[0m"seed_tree"[0m
[2m2026-02-08T13:57:17.440129Z[0m [32m INFO[0m [1mapp[0m:[1mtask[0m: [2mfamilyserver_backend::tasks::seed_graph[0m[2m:[0m Created medlem entry for Agnethe Wistoft Larsen [2m[3menvironment[0m[2m=[0mdevelopment[0m [2m[3mtask[0m[2m=[0m"seed_tree"[0m
[2m2026-02-08T13:57:17.440181Z[0m [31mERROR[0m [1mapp[0m:[1mtask[0m: [2mfamilyserver_backend::tasks::seed_graph[0m[2m:[0m [WARN] No user created for Agnethe Wistoft Larsen, cannot add editor privileges [2m[3menvironment[0m[2m=[0mdevelopment[0m [2m[3mtask[0m[2m=[0m"seed_tree"[0m
[2m2026-02-08T13:57:17.440931Z[0m [32m INFO[0m [1mapp[0m:[1mtask[0m: [2msqlx::query[0m[2m:[0m [3msummary[0m[2m=[0m"SELECT \"medlem\".\"id\", \"medlem\".\"pid\", \"medlem\".\"name\", …" [3mdb.statement[0m[2m=[0m"\n\nSELECT \"medlem\".\"id\", \"medlem\".\"pid\", \"medlem\".\"name\", \"medlem\".\"email\", \"medlem\".\"phone_nr\", \"medlem\".\"address\", \"medlem\".\"city\", \"medlem\".\"birthdate\", \"medlem\".\"final_date\", \"medlem\".\"status\", \"medlem\".\"user_pid\", \"medlem\".\"parents_pid\", \"medlem\".\"previous_partners\", \"medlem\".\"children_pid\", \"medlem\".\"partner_pid\", \"medlem\".\"created_at\", \"medlem\".\"updated_at\" FROM \"medlem\" WHERE \"medlem\".\"name\" = $1 LIMIT $2\n" [3mrows_affected[0m[2m=[0m0 [3mrows_returned[0m[2m=[0m0 [3melapsed[0m[2m=[0m322.597µs [3melapsed_secs[0m[2m=[0m0.000322597 [2m[3menvironment[0m[2m=[0mdevelopment[0m [2m[3mtask[0m[2m=[0m"seed_tree"[0m
[2m2026-02-08T13:57:17.444332Z[0m [32m INFO[0m [1mapp[0m:[1mtask[0m: [2msqlx::query[0m[2m:[0m [3msummary[0m[2m=[0m"INSERT INTO \"medlem\" (\"pid\", …" [3mdb.statement[0m[2m=[0m"\n\nINSERT INTO \"medlem\" (\"pid\", \"name\", \"email\", \"phone_nr\", \"address\", \"city\", \"birthdate\", \"final_date\", \"user_pid\", \"partner_pid\") VALUES ($1, $2, $3, $4, $5, $6, $7, $8, $9, $10) RETURNING \"id\", \"pid\", \"name\", \"email\", \"phone_nr\", \"address\", \"city\", \"birthdate\", \"final_date\", \"status\", \"user_pid\", \"parents_pid\", \"previous_partners\", \"children_pid\", \"partner_pid\", \"created_at\", \"updated_at\"\n" [3mrows_affected[0m[2m=[0m1 [3mrows_returned[0m[2m=[0m1 [3melapsed[0m[2m=[0m2.957486ms [3melapsed_secs[0m[2m=[0m0.002957486 [2m[3menvironment[0m[2m=[0mdevelopment[0m [2m[3mtask[0m[2m=[0m"seed_tree"[0m
[2m2026-02-08T13:57:17.444554Z[0m [32m INFO[0m [1mapp[0m:[1mtask[0m: [2mfamilyserver_backend::tasks::seed_graph[0m[2m:[0m Created medlem entry for ~ Agnethe (Nethe) f. Nielsen [2m[3menvironment[0m[2m=[0mdevelopment[0m [2m[3mtask[0m[2m=[0m"seed_tree"[0m
[2m2026-02-08T13:57:17.444619Z[0m [31mERROR[0m [1mapp[0m:[1mtask[0m: [2mfamilyserver_backend::tasks::seed_graph[0m[2m:[0m [WARN] No user created for ~ Agnethe (Nethe) f. Nielsen, cannot add editor privileges [2m[3menvironment[0m[2m=[0mdevelopment[0m [2m[3mtask[0m[2m=[0m"seed_tree"[0m
[2m2026-02-08T13:57:17.445313Z[0m [32m INFO[0m [1mapp[0m:[1mtask[0m: [2msqlx::query[0m[2m:[0m [3msummary[0m[2m=[0m"SELECT \"medlem\".\"id\", \"medlem\".\"pid\", \"medlem\".\"name\", …" [3mdb.statement[0m[2m=[0m"\n\nSELECT \"medlem\".\"id\", \"medlem\".\"pid\", \"medlem\".\"name\", \"medlem\".\"email\", \"medlem\".\"phone_nr\", \"medlem\".\"address\", \"medlem\".\"city\", \"medlem\".\"birthdate\", \"medlem\".\"final_date\", \"medlem\".\"status\", \"medlem\".\"user_pid\", \"medlem\".\"parents_pid\", \"medlem\".\"previous_partners\", \"medlem\".\"children_pid\", \"medlem\".\"partner_pid\", \"medlem\".\"created_at\", \"medlem\".\"updated_at\" FROM \"medlem\" WHERE \"medlem\".\"name\" = $1 LIMIT $2\n" [3mrows_affected[0m[2m=[0m0 [3mrows_returned[0m[2m=[0m0 [3melapsed[0m[2m=[0m306.109µs [3melapsed_secs[0m[2m=[0m0.000306109 [2m[3menvironment[0m[2m=[0mdevelopment[0m [2m[3mtask[0m[2m=[0m"seed_tree"[0m
[2m2026-02-08T13:57:17.448831Z[0m [32m INFO[0m [1mapp[0m:[1mtask[0m: [2msqlx::query[0m[2m:[0m [3msummary[0m[2m=[0m"INSERT INTO \"medlem\" (\"pid\", …" [3mdb.statement[0m[2m=[0m"\n\nINSERT INTO \"medlem\" (\"pid\", \"name\", \"email\", \"phone_nr\", \"address\", \"city\", \"birthdate\", \"final_date\", \"user_pid\", \"partner_pid\") VALUES ($1, $2, $3, $4, $5, $6, $7, $8, $9, $10) RETURNING \"id\", \"pid\", \"name\", \"email\", \"phone_nr\", \"address\", \"city\", \"birthdate\", \"final_date\", \"status\", \"user_pid\", \"parents_pid\", \"previous_partners\", \"children_pid\", \"partner_pid\", \"created_at\", \"updated_at\"\n" [3mrows_affected[0m[2m=[0m1 [3mrows_returned[0m[2m=[0m1 [3melapsed[0m[2m=[0m2.955416ms [3melapsed_secs[0m[2m=[0m0.002955416 [2m[3menvironment[0m[2m=[0mdevelopment[0m [2m[3mtask[0m[2m=[0m"seed_tree"[0m
[2m2026-02-08T13:57:17.449012Z[0m [32m INFO[0m [1mapp[0m:[1mtask[0m: [2mfamilyserver_backend::tasks::seed_graph[0m[2m:[0m Created medlem entry for Jens Anker Wistoft Larsen [2m[3menvironment[0m[2m=[0mdevelopment[0m [2m[3mtask[0m[2m=[0m"seed_tree"[0m
[2m2026-02-08T13:57:17.449061Z[0m [31mERROR[0m [1mapp[0m:[1mtask[0m: [2mfamilyserver_backend::tasks::seed_graph[0m[2m:[0m [WARN] No user created for Jens Anker Wistoft Larsen, cannot add editor privileges [2m[3menvironment[0m[2m=[0mdevelopment[0m [2m[3mtask[0m[2m=[0m"seed_tree"[0m
[2m2026-02-08T13:57:17.449850Z[0m [32m INFO[0m [1mapp[0m:[1mtask[0m: [2msqlx::query[0m[2m:[0m [3msummary[0m[2m=[0m"SELECT \"medlem\".\"id\", \"medlem\".\"pid\", \"medlem\".\"name\", …" [3mdb.statement[0m[2m=[0m"\n\nSELECT \"medlem\".\"id\", \"medlem\".\"pid\", \"medlem\".\"name\", \"medlem\".\"email\", \"medlem\".\"phone_nr\", \"medlem\".\"address\", \"medlem\".\"city\", \"medlem\".\"birthdate\", \"medlem\".\"final_date\", \"medlem\".\"status\", \"medlem\".\"user_pid\", \"medlem\".\"parents_pid\", \"medlem\".\"previous_partners\", \"medlem\".\"children_pid\", \"medlem\".\"partner_pid\", \"medlem\".\"created_at\", \"medlem\".\"updated_at\" FROM \"medlem\" WHERE \"medlem\".\"name\" = $1 LIMIT $2\n" [3mrows_affected[0m[2m=[0m0 [3mrows_returned[0m[2m=[0m0 [3melapsed[0m[2m=[0m406.213µs [3melapsed_secs[0m[2m=[0m0.000406213 [2m[3menvironment[0m[2m=[0mdevelopment[0m [2m[3mtask[0m[2m=[0m"seed_tree"[0m
[2m2026-02-08T13:57:17.453253Z[0m [32m INFO[0m [1mapp[0m:[1mtask[0m: [2msqlx::query[0m[2m:[0m [3msummary[0m[2m=[0m"INSERT INTO \"medlem\" (\"pid\", …" [3mdb.statement[0m[2m=[0m"\n\nINSERT INTO \"medlem\" (\"pid\", \"name\", \"email\", \"phone_nr\", \"address\", \"city\", \"birthdate\", \"final_date\", \"user_pid\", \"partner_pid\") VALUES ($1, $2, $3, $4, $5, $6, $7, $8, $9, $10) RETURNING \"id\", \"pid\", \"name\", \"email\", \"phone_nr\", \"address\", \"city\", \"birthdate\", \"final_date\", \"status\", \"user_pid\", \"parents_pid\", \"previous_partners\", \"children_pid\", \"partner_pid\", \"created_at\", \"updated_at\"\n" [3mrows_affected[0m[2m=[0m1 [3mrows_returned[0m[2m=[0m1 [3melapsed[0m[2m=[0m2.981582ms [3melapsed_secs[0m[2m=[0m0.002981582 [2m[3menvironment[0m[2m=[0mdevelopment[0m [2m[3mtask[0m[2m=[0m"seed_tree"[0m
[2m2026-02-08T13:57:17.453451Z[0m [32m INFO[0m [1mapp[0m:[1mtask[0m: [2mfamilyserver_backend::tasks::seed_graph[0m[2m:[0m Created medlem entry for ~ Lene f. Særkjær [2m[3menvironment[0m[2m=[0mdevelopment[0m [2m[3mtask[0m[2m=[0m"seed_tree"[0m
[2m2026-02-08T13:57:17.453507Z[0m [31mERROR[0m [1mapp[0m:[1mtask[0m: [2mfamilyserver_backend::tasks::seed_graph[0m[2m:[0m [WARN] No user created for ~ Lene f. Særkjær, cannot add editor privileges [2m[3menvironment[0m[2m=[0mdevelopment[0m [2m[3mtask[0m[2m=[0m"seed_tree"[0m
[2m2026-02-08T13:57:17.454339Z[0m [32m INFO[0m [1mapp[0m:[1mtask[0m: [2msqlx::query[0m[2m:[0m [3msummary[0m[2m=[0m"SELECT \"medlem\".\"id\", \"medlem\".\"pid\", \"medlem\".\"name\", …" [3mdb.statement[0m[2m=[0m"\n\nSELECT \"medlem\".\"id\", \"medlem\".\"pid\", \"medlem\".\"name\", \"medlem\".\"email\", \"medlem\".\"phone_nr\", \"medlem\".\"address\", \"medlem\".\"city\", \"medlem\".\"birthdate\", \"medlem\".\"final_date\", \"medlem\".\"status\", \"medlem\".\"user_pid\", \"medlem\".\"parents_pid\", \"medlem\".\"previous_partners\", \"medlem\".\"children_pid\", \"medlem\".\"partner_pid\", \"medlem\".\"created_at\", \"medlem\".\"updated_at\" FROM \"medlem\" WHERE \"medlem\".\"name\" = $1 LIMIT $2\n" [3mrows_affected[0m[2m=[0m0 [3mrows_returned[0m[2m=[0m0 [3melapsed[0m[2m=[0m384.024µs [3melapsed_secs[0m[2m=[0m0.000384024 [2m[3menvironment[0m[2m=[0mdevelopment[0m [2m[3mtask[0m[2m=[0m"seed_tree"[0m
[2m2026-02-08T13:57:17.457916Z[0m [32m INFO[0m [1mapp[0m:[1mtask[0m: [2msqlx::query[0m[2m:[0m [3msummary[0m[2m=[0m"INSERT INTO \"medlem\" (\"pid\", …" [3mdb.statement[0m[2m=[0m"\n\nINSERT INTO \"medlem\" (\"pid\", \"name\", \"email\", \"phone_nr\", \"address\", \"city\", \"birthdate\", \"final_date\", \"user_pid\", \"partner_pid\") VALUES ($1, $2, $3, $4, $5, $6, $7, $8, $9, $10) RETURNING \"id\", \"pid\", \"name\", \"email\", \"phone_nr\", \"address\", \"city\", \"birthdate\", \"final_date\", \"status\", \"user_pid\", \"parents_pid\", \"previous_partners\", \"children_pid\", \"partner_pid\", \"created_at\", \"updated_at\"\n" [3mrows_affected[0m[2m=[0m1 [3mrows_returned[0m[2m=[0m1 [3melapsed[0m[2m=[0m3.08893ms [3melapsed_secs[0m[2m=[0m0.00308893 [2m[3menvironment[0m[2m=[0mdevelopment[0m [2m[3mtask[0m[2m=[0m"seed_tree"[0m
[2m2026-02-08T13:57:17.458100Z[0m [32m INFO[0m [1mapp[0m:[1mtask[0m: [2mfamilyserver_backend::tasks::seed_graph[0m[2m:[0m Created medlem entry for Morten Wistoft Larsen [2m[3menvironment[0m[2m=[0mdevelopment[0m [2m[3mtask[0m[2m=[0m"seed_tree"[0m
[2m2026-02-08T13:57:17.458163Z[0m [31mERROR[0m [1mapp[0m:[1mtask[0m: [2mfamilyserver_backend::tasks::seed_graph[0m[2m:[0m [WARN] No user created for Morten Wistoft Larsen, cannot add editor privileges [2m[3menvironment[0m[2m=[0mdevelopment[0m [2m[3mtask[0m[2m=[0m"seed_tree"[0m
[2m2026-02-08T13:57:17.458938Z[0m [32m INFO[0m [1mapp[0m:[1mtask[0m: [2msqlx::query[0m[2m:[0m [3msummary[0m[2m=[0m"SELECT \"medlem\".\"id\", \"medlem\".\"pid\", \"medlem\".\"name\", …" [3mdb.statement[0m[2m=[0m"\n\nSELECT \"medlem\".\"id\", \"medlem\".\"pid\", \"medlem\".\"name\", \"medlem\".\"email\", \"medlem\".\"phone_nr\", \"medlem\".\"address\", \"medlem\".\"city\", \"medlem\".\"birthdate\", \"medlem\".\"final_date\", \"medlem\".\"status\", \"medlem\".\"user_pid\", \"medlem\".\"parents_pid\", \"medlem\".\"previous_partners\", \"medlem\".\"children_pid\", \"medlem\".\"partner_pid\", \"medlem\".\"created_at\", \"medlem\".\"updated_at\" FROM \"medlem\" WHERE \"medlem\".\"name\" = $1 LIMIT $2\n" [3mrows_affected[0m[2m=[0m0 [3mrows_returned[0m[2m=[0m0 [3melapsed[0m[2m=[0m364.632µs [3melapsed_secs[0m[2m=[0m0.000364632 [2m[3menvironment[0m[2m=[0mdevelopment[0m [2m[3mtask[0m[2m=[0m"seed_tree"[0m
[2m2026-02-08T13:57:17.462384Z[0m [32m INFO[0m [1mapp[0m:[1mtask[0m: [2msqlx::query[0m[2m:[0m [3msummary[0m[2m=[0m"INSERT INTO \"medlem\" (\"pid\", …" [3mdb.statement[0m[2m=[0m"\n\nINSERT INTO \"medlem\" (\"pid\", \"name\", \"email\", \"phone_nr\", \"address\", \"city\", \"birthdate\", \"final_date\", \"user_pid\", \"partner_pid\") VALUES ($1, $2, $3, $4, $5, $6, $7, $8, $9, $10) RETURNING \"id\", \"pid\", \"name\", \"email\", \"phone_nr\", \"address\", \"city\", \"birthdate\", \"final_date\", \"status\", \"user_pid\", \"parents_pid\", \"previous_partners\", \"children_pid\", \"partner_pid\", \"created_at\", \"updated_at\"\n" [3mrows_affected[0m[2m=[0m1 [3mrows_returned[0m[2m=[0m1 [3melapsed[0m[2m=[0m2.969989ms [3melapsed_secs[0m[2m=[0m0.002969989 [2m[3menvironment[0m[2m=[0mdevelopment[0m [2m[3mtask[0m[2m=[0m"seed_tree"[0m
[2m2026-02-08T13:57:17.462585Z[0m [32m INFO[0m [1mapp[0m:[1mtask[0m: [2mfamilyserver_backend::tasks::seed_graph[0m[2m:[0m Created medlem entry for Peter Wistoft Larsen [2m[3menvironment[0m[2m=[0mdevelopment[0m [2m[3mtask[0m[2m=[0m"seed_tree"[0m
[2m2026-02-08T13:57:17.462633Z[0m [31mERROR[0m [1mapp[0m:[1mtask[0m: [2mfamilyserver_backend::tasks::seed_graph[0m[2m:[0m [WARN] No user created for Peter Wistoft Larsen, cannot add editor privileges [2m[3menvironment[0m[2m=[0mdevelopment[0m [2m[3mtask[0m[2m=[0m"seed_tree"[0m
[2m2026-02-08T13:57:17.463343Z[0m [32m INFO[0m [1mapp[0m:[1mtask[0m: [2msqlx::query[0m[2m:[0m [3msummary[0m[2m=[0m"SELECT \"medlem\".\"id\", \"medlem\".\"pid\", \"medlem\".\"name\", …" [3mdb.statement[0m[2m=[0m"\n\nSELECT \"medlem\".\"id\", \"medlem\".\"pid\", \"medlem\".\"name\", \"medlem\".\"email\", \"medlem\".\"phone_nr\", \"medlem\".\"address\", \"medlem\".\"city\", \"medlem\".\"birthdate\", \"medlem\".\"final_date\", \"medlem\".\"status\", \"medlem\".\"user_pid\", \"medlem\".\"parents_pid\", \"medlem\".\"previous_partners\", \"medlem\".\"children_pid\", \"medlem\".\"partner_pid\", \"medlem\".\"created_at\", \"medlem\".\"updated_at\" FROM \"medlem\" WHERE \"medlem\".\"name\" = $1 LIMIT $2\n" [3mrows_affected[0m[2m=[0m0 [3mrows_returned[0m[2m=[0m0 [3melapsed[0m[2m=[0m311.353µs [3melapsed_secs[0m[2m=[0m0.000311353 [2m[3menvironment[0m[2m=[0mdevelopment[0m [2m[3mtask[0m[2m=[0m"seed_tree"[0m
[2m2026-02-08T13:57:17.466877Z[0m [32m INFO[0m [1mapp[0m:[1mtask[0m: [2msqlx::query[0m[2m:[0m [3msummary[0m[2m=[0m"INSERT INTO \"medlem\" (\"pid\", …" [3mdb.statement[0m[2m=[0m"\n\nINSERT INTO \"medlem\" (\"pid\", \"name\", \"email\", \"phone_nr\", \"address\", \"city\", \"birthdate\", \"final_date\", \"user_pid\", \"partner_pid\") VALUES ($1, $2, $3, $4, $5, $6, $7, $8, $9, $10) RETURNING \"id\", \"pid\", \"name\", \"email\", \"phone_nr\", \"address\", \"city\", \"birthdate\", \"final_date\", \"status\", \"user_pid\", \"parents_pid\", \"previous_partners\", \"children_pid\", \"partner_pid\", \"created_at\", \"updated_at\"\n" [3mrows_affected[0m[2m=[0m1 [3mrows_returned[0m[2m=[0m1 [3melapsed[0m[2m=[0m3.050705ms [3melapsed_secs[0m[2m=[0m0.003050705 [2m[3menvironment[0m[2m=[0mdevelopment[0m [2m[3mtask[0m[2m=[0m"seed_tree"[0m
[2m2026-02-08T13:57:17.467068Z[0m [32m INFO[0m [1mapp[0m:[1mtask[0m: [2mfamilyserver_backend::tasks::seed_graph[0m[2m:[0m Created medlem entry for Laura Wistoft Larsen [2m[3menvironment[0m[2m=[0mdevelopment[0m [2m[3mtask[0m[2m=[0m"seed_tree"[0m
[2m2026-02-08T13:57:17.467122Z[0m [31mERROR[0m [1mapp[0m:[1mtask[0m: [2mfamilyserver_backend::tasks::seed_graph[0m[2m:[0m [WARN] No user created for Laura Wistoft Larsen, cannot add editor privileges [2m[3menvironment[0m[2m=[0mdevelopment[0m [2m[3mtask[0m[2m=[0m"seed_tree"[0m
[2m2026-02-08T13:57:17.467925Z[0m [32m INFO[0m [1mapp[0m:[1mtask[0m: [2msqlx::query[0m[2m:[0m [3msummary[0m[2m=[0m"SELECT \"medlem\".\"id\", \"medlem\".\"pid\", \"medlem\".\"name\", …" [3mdb.statement[0m[2m=[0m"\n\nSELECT \"medlem\".\"id\", \"medlem\".\"pid\", \"medlem\".\"name\", \"medlem\".\"email\", \"medlem\".\"phone_nr\", \"medlem\".\"address\", \"medlem\".\"city\", \"medlem\".\"birthdate\", \"medlem\".\"final_date\", \"medlem\".\"status\", \"medlem\".\"user_pid\", \"medlem\".\"parents_pid\", \"medlem\".\"previous_partners\", \"medlem\".\"children_pid\", \"medlem\".\"partner_pid\", \"medlem\".\"created_at\", \"medlem\".\"updated_at\" FROM \"medlem\" WHERE \"medlem\".\"name\" = $1 LIMIT $2\n" [3mrows_affected[0m[2m=[0m0 [3mrows_returned[0m[2m=[0m0 [3melapsed[0m[2m=[0m405.03µs [3melapsed_secs[0m[2m=[0m0.00040503 [2m[3menvironment[0m[2m=[0mdevelopment[0m [2m[3mtask[0m[2m=[0m"seed_tree"[0m
[2m2026-02-08T13:57:17.471233Z[0m [32m INFO[0m [1mapp[0m:[1mtask[0m: [2msqlx::query[0m[2m:[0m [3msummary[0m[2m=[0m"INSERT INTO \"medlem\" (\"pid\", …" [3mdb.statement[0m[2m=[0m"\n\nINSERT INTO \"medlem\" (\"pid\", \"name\", \"email\", \"phone_nr\", \"address\", \"city\", \"birthdate\", \"final_date\", \"user_pid\", \"partner_pid\") VALUES ($1, $2, $3, $4, $5, $6, $7, $8, $9, $10) RETURNING \"id\", \"pid\", \"name\", \"email\", \"phone_nr\", \"address\", \"city\", \"birthdate\", \"final_date\", \"status\", \"user_pid\", \"parents_pid\", \"previous_partners\", \"children_pid\", \"partner_pid\", \"created_at\", \"updated_at\"\n" [3mrows_affected[0m[2m=[0m1 [3mrows_returned[0m[2m=[0m1 [3melapsed[0m[2m=[0m2.90266ms [3melapsed_secs[0m[2m=[0m0.00290266 [2m[3menvironment[0m[2m=[0mdevelopment[0m [2m[3mtask[0m[2m=[0m"seed_tree"[0m
[2m2026-02-08T13:57:17.471412Z[0m [32m INFO[0m [1mapp[0m:[1mtask[0m: [2mfamilyserver_backend::tasks::seed_graph[0m[2m:[0m Created medlem entry for Claus Wistoft  [2m[3menvironment[0m[2m=[0mdevelopment[0m [2m[3mtask[0m[2m=[0m"seed_tree"[0m
[2m2026-02-08T13:57:17.471464Z[0m [31mERROR[0m [1mapp[0m:[1mtask[0m: [2mfamilyserver_backend::tasks::seed_graph[0m[2m:[0m [WARN] No user created for Claus Wistoft , cannot add editor privileges [2m[3menvironment[0m[2m=[0mdevelopment[0m [2m[3mtask[0m[2m=[0m"seed_tree"[0m
[2m2026-02-08T13:57:17.472284Z[0m [32m INFO[0m [1mapp[0m:[1mtask[0m: [2msqlx::query[0m[2m:[0m [3msummary[0m[2m=[0m"SELECT \"medlem\".\"id\", \"medlem\".\"pid\", \"medlem\".\"name\", …" [3mdb.statement[0m[2m=[0m"\n\nSELECT \"medlem\".\"id\", \"medlem\".\"pid\", \"medlem\".\"name\", \"medlem\".\"email\", \"medlem\".\"phone_nr\", \"medlem\".\"address\", \"medlem\".\"city\", \"medlem\".\"birthdate\", \"medlem\".\"final_date\", \"medlem\".\"status\", \"medlem\".\"user_pid\", \"medlem\".\"parents_pid\", \"medlem\".\"previous_partners\", \"medlem\".\"children_pid\", \"medlem\".\"partner_pid\", \"medlem\".\"created_at\", \"medlem\".\"updated_at\" FROM \"medlem\" WHERE \"medlem\".\"name\" = $1 LIMIT $2\n" [3mrows_affected[0m[2m=[0m0 [3mrows_returned[0m[2m=[0m0 [3melapsed[0m[2m=[0m376.568µs [3melapsed_secs[0m[2m=[0m0.000376568 [2m[3menvironment[0m[2m=[0mdevelopment[0m [2m[3mtask[0m[2m=[0m"seed_tree"[0m
[2m2026-02-08T13:57:17.475640Z[0m [32m INFO[0m [1mapp[0m:[1mtask[0m: [2msqlx::query[0m[2m:[0m [3msummary[0m[2m=[0m"INSERT INTO \"medlem\" (\"pid\", …" [3mdb.statement[0m[2m=[0m"\n\nINSERT INTO \"medlem\" (\"pid\", \"name\", \"email\", \"phone_nr\", \"address\", \"city\", \"birthdate\", \"final_date\", \"user_pid\", \"partner_pid\") VALUES ($1, $2, $3, $4, $5, $6, $7, $8, $9, $10) RETURNING \"id\", \"pid\", \"name\", \"email\", \"phone_nr\", \"address\", \"city\", \"birthdate\", \"final_date\", \"status\", \"user_pid\", \"parents_pid\", \"previous_partners\", \"children_pid\", \"partner_pid\", \"created_at\", \"updated_at\"\n" [3mrows_affected[0m[2m=[0m1 [3mrows_returned[0m[2m=[0m1 [3melapsed[0m[2m=[0m2.869465ms [3melapsed_secs[0m[2m=[0m0.002869465 [2m[3menvironment[0m[2m=[0mdevelopment[0m [2m[3mtask[0m[2m=[0m"seed_tree"[0m
[2m2026-02-08T13:57:17.475917Z[0m [32m INFO[0m [1mapp[0m:[1mtask[0m: [2mfamilyserver_backend::tasks::seed_graph[0m[2m:[0m Created medlem entry for 2. ~ Karin f. Plagberg [2m[3menvironment[0m[2m=[0mdevelopment[0m [2m[3mtask[0m[2m=[0m"seed_tree"[0m
[2m2026-02-08T13:57:17.475968Z[0m [31mERROR[0m [1mapp[0m:[1mtask[0m: [2mfamilyserver_backend::tasks::seed_graph[0m[2m:[0m [WARN] No user created for 2. ~ Karin f. Plagberg, cannot add editor privileges [2m[3menvironment[0m[2m=[0mdevelopment[0m [2m[3mtask[0m[2m=[0m"seed_tree"[0m
[2m2026-02-08T13:57:17.476606Z[0m [32m INFO[0m [1mapp[0m:[1mtask[0m: [2msqlx::query[0m[2m:[0m [3msummary[0m[2m=[0m"SELECT \"medlem\".\"id\", \"medlem\".\"pid\", \"medlem\".\"name\", …" [3mdb.statement[0m[2m=[0m"\n\nSELECT \"medlem\".\"id\", \"medlem\".\"pid\", \"medlem\".\"name\", \"medlem\".\"email\", \"medlem\".\"phone_nr\", \"medlem\".\"address\", \"medlem\".\"city\", \"medlem\".\"birthdate\", \"medlem\".\"final_date\", \"medlem\".\"status\", \"medlem\".\"user_pid\", \"medlem\".\"parents_pid\", \"medlem\".\"previous_partners\", \"medlem\".\"children_pid\", \"medlem\".\"partner_pid\", \"medlem\".\"created_at\", \"medlem\".\"updated_at\" FROM \"medlem\" WHERE \"medlem\".\"name\" = $1 LIMIT $2\n" [3mrows_affected[0m[2m=[0m0 [3mrows_returned[0m[2m=[0m0 [3melapsed[0m[2m=[0m306.432µs [3melapsed_secs[0m[2m=[0m0.000306432 [2m[3menvironment[0m[2m=[0mdevelopment[0m [2m[3mtask[0m[2m=[0m"seed_tree"[0m
[2m2026-02-08T13:57:17.479972Z[0m [32m INFO[0m [1mapp[0m:[1mtask[0m: [2msqlx::query[0m[2m:[0m [3msummary[0m[2m=[0m"INSERT INTO \"medlem\" (\"pid\", …" [3mdb.statement[0m[2m=[0m"\n\nINSERT INTO \"medlem\" (\"pid\", \"name\", \"email\", \"phone_nr\", \"address\", \"city\", \"birthdate\", \"final_date\", \"user_pid\", \"partner_pid\") VALUES ($1, $2, $3, $4, $5, $6, $7, $8, $9, $10) RETURNING \"id\", \"pid\", \"name\", \"email\", \"phone_nr\", \"address\", \"city\", \"birthdate\", \"final_date\", \"status\", \"user_pid\", \"parents_pid\", \"previous_partners\", \"children_pid\", \"partner_pid\", \"created_at\", \"updated_at\"\n" [3mrows_affected[0m[2m=[0m1 [3mrows_returned[0m[2m=[0m1 [3melapsed[0m[2m=[0m2.905394ms [3melapsed_secs[0m[2m=[0m0.002905394 [2m[3menvironment[0m[2m=[0mdevelopment[0m [2m[3mtask[0m[2m=[0m"seed_tree"[0m
[2m2026-02-08T13:57:17.480155Z[0m [32m INFO[0m [1mapp[0m:[1mtask[0m: [2mfamilyserver_backend::tasks::seed_graph[0m[2m:[0m Created medlem entry for Caroline Wistoft [2m[3menvironment[0m[2m=[0mdevelopment[0m [2m[3mtask[0m[2m=[0m"seed_tree"[0m
[2m2026-02-08T13:57:17.480204Z[0m [31mERROR[0m [1mapp[0m:[1mtask[0m: [2mfamilyserver_backend::tasks::seed_graph[0m[2m:[0m [WARN] No user created for Caroline Wistoft, cannot add editor privileges [2m[3menvironment[0m[2m=[0mdevelopment[0m [2m[3mtask[0m[2m=[0m"seed_tree"[0m
[2m2026-02-08T13:57:17.480957Z[0m [32m INFO[0m [1mapp[0m:[1mtask[0m: [2msqlx::query[0m[2m:[0m [3msummary[0m[2m=[0m"SELECT \"medlem\".\"id\", \"medlem\".\"pid\", \"medlem\".\"name\", …" [3mdb.statement[0m[2m=[0m"\n\nSELECT \"medlem\".\"id\", \"medlem\".\"pid\", \"medlem\".\"name\", \"medlem\".\"email\", \"medlem\".\"phone_nr\", \"medlem\".\"address\", \"medlem\".\"city\", \"medlem\".\"birthdate\", \"medlem\".\"final_date\", \"medlem\".\"status\", \"medlem\".\"user_pid\", \"medlem\".\"parents_pid\", \"medlem\".\"previous_partners\", \"medlem\".\"children_pid\", \"medlem\".\"partner_pid\", \"medlem\".\"created_at\", \"medlem\".\"updated_at\" FROM \"medlem\" WHERE \"medlem\".\"name\" = $1 LIMIT $2\n" [3mrows_affected[0m[2m=[0m0 [3mrows_returned[0m[2m=[0m0 [3melapsed[0m[2m=[0m307.369µs [3melapsed_secs[0m[2m=[0m0.000307369 [2m[3menvironment[0m[2m=[0mdevelopment[0m [2m[3mtask[0m[2m=[0m"seed_tree"[0m
[2m2026-02-08T13:57:17.484354Z[0m [32m INFO[0m [1mapp[0m:[1mtask[0m: [2msqlx::query[0m[2m:[0m [3msummary[0m[2m=[0m"INSERT INTO \"medlem\" (\"pid\", …" [3mdb.statement[0m[2m=[0m"\n\nINSERT INTO \"medlem\" (\"pid\", \"name\", \"email\", \"phone_nr\", \"address\", \"city\", \"birthdate\", \"final_date\", \"user_pid\", \"partner_pid\") VALUES ($1, $2, $3, $4, $5, $6, $7, $8, $9, $10) RETURNING \"id\", \"pid\", \"name\", \"email\", \"phone_nr\", \"address\", \"city\", \"birthdate\", \"final_date\", \"status\", \"user_pid\", \"parents_pid\", \"previous_partners\", \"children_pid\", \"partner_pid\", \"created_at\", \"updated_at\"\n" [3mrows_affected[0m[2m=[0m1 [3mrows_returned[0m[2m=[0m1 [3melapsed[0m[2m=[0m2.965643ms [3melapsed_secs[0m[2m=[0m0.002965643 [2m[3menvironment[0m[2m=[0mdevelopment[0m [2m[3mtask[0m[2m=[0m"seed_tree"[0m
[2m2026-02-08T13:57:17.484566Z[0m [32m INFO[0m [1mapp[0m:[1mtask[0m: [2mfamilyserver_backend::tasks::seed_graph[0m[2m:[0m Created medlem entry for Mathilde Wistoft [2m[3menvironment[0m[2m=[0mdevelopment[0m [2m[3mtask[0m[2m=[0m"seed_tree"[0m
[2m2026-02-08T13:57:17.484613Z[0m [31mERROR[0m [1mapp[0m:[1mtask[0m: [2mfamilyserver_backend::tasks::seed_graph[0m[2m:[0m [WARN] No user created for Mathilde Wistoft, cannot add editor privileges [2m[3menvironment[0m[2m=[0mdevelopment[0m [2m[3mtask[0m[2m=[0m"seed_tree"[0m
[2m2026-02-08T13:57:17.485354Z[0m [32m INFO[0m [1mapp[0m:[1mtask[0m: [2msqlx::query[0m[2m:[0m [3msummary[0m[2m=[0m"SELECT \"medlem\".\"id\", \"medlem\".\"pid\", \"medlem\".\"name\", …" [3mdb.statement[0m[2m=[0m"\n\nSELECT \"medlem\".\"id\", \"medlem\".\"pid\", \"medlem\".\"name\", \"medlem\".\"email\", \"medlem\".\"phone_nr\", \"medlem\".\"address\", \"medlem\".\"city\", \"medlem\".\"birthdate\", \"medlem\".\"final_date\", \"medlem\".\"status\", \"medlem\".\"user_pid\", \"medlem\".\"parents_pid\", \"medlem\".\"previous_partners\", \"medlem\".\"children_pid\", \"medlem\".\"partner_pid\", \"medlem\".\"created_at\", \"medlem\".\"updated_at\" FROM \"medlem\" WHERE \"medlem\".\"name\" = $1 LIMIT $2\n" [3mrows_affected[0m[2m=[0m0 [3mrows_returned[0m[2m=[0m0 [3melapsed[0m[2m=[0m309.396µs [3melapsed_secs[0m[2m=[0m0.000309396 [2m[3menvironment[0m[2m=[0mdevelopment[0m [2m[3mtask[0m[2m=[0m"seed_tree"[0m
[2m2026-02-08T13:57:17.488744Z[0m [32m INFO[0m [1mapp[0m:[1mtask[0m: [2msqlx::query[0m[2m:[0m [3msummary[0m[2m=[0m"INSERT INTO \"medlem\" (\"pid\", …" [3mdb.statement[0m[2m=[0m"\n\nINSERT INTO \"medlem\" (\"pid\", \"name\", \"email\", \"phone_nr\", \"address\", \"city\", \"birthdate\", \"final_date\", \"user_pid\", \"partner_pid\") VALUES ($1, $2, $3, $4, $5, $6, $7, $8, $9, $10) RETURNING \"id\", \"pid\", \"name\", \"email\", \"phone_nr\", \"address\", \"city\", \"birthdate\", \"final_date\", \"status\", \"user_pid\", \"parents_pid\", \"previous_partners\", \"children_pid\", \"partner_pid\", \"created_at\", \"updated_at\"\n" [3mrows_affected[0m[2m=[0m1 [3mrows_returned[0m[2m=[0m1 [3melapsed[0m[2m=[0m2.918815ms [3melapsed_secs[0m[2m=[0m0.002918815 [2m[3menvironment[0m[2m=[0mdevelopment[0m [2m[3mtask[0m[2m=[0m"seed_tree"[0m
[2m2026-02-08T13:57:17.489035Z[0m [32m INFO[0m [1mapp[0m:[1mtask[0m: [2mfamilyserver_backend::tasks::seed_graph[0m[2m:[0m Created medlem entry for Søren Wistoft Larsen [2m[3menvironment[0m[2m=[0mdevelopment[0m [2m[3mtask[0m[2m=[0m"seed_tree"[0m
[2m2026-02-08T13:57:17.489211Z[0m [31mERROR[0m [1mapp[0m:[1mtask[0m: [2mfamilyserver_backend::tasks::seed_graph[0m[2m:[0m [WARN] No user created for Søren Wistoft Larsen, cannot add editor privileges [2m[3menvironment[0m[2m=[0mdevelopment[0m [2m[3mtask[0m[2m=[0m"seed_tree"[0m
[2m2026-02-08T13:57:17.489903Z[0m [32m INFO[0m [1mapp[0m:[1mtask[0m: [2msqlx::query[0m[2m:[0m [3msummary[0m[2m=[0m"SELECT \"medlem\".\"id\", \"medlem\".\"pid\", \"medlem\".\"name\", …" [3mdb.statement[0m[2m=[0m"\n\nSELECT \"medlem\".\"id\", \"medlem\".\"pid\", \"medlem\".\"name\", \"medlem\".\"email\", \"medlem\".\"phone_nr\", \"medlem\".\"address\", \"medlem\".\"city\", \"medlem\".\"birthdate\", \"medlem\".\"final_date\", \"medlem\".\"status\", \"medlem\".\"user_pid\", \"medlem\".\"parents_pid\", \"medlem\".\"previous_partners\", \"medlem\".\"children_pid\", \"medlem\".\"partner_pid\", \"medlem\".\"created_at\", \"medlem\".\"updated_at\" FROM \"medlem\" WHERE \"medlem\".\"name\" = $1 LIMIT $2\n" [3mrows_affected[0m[2m=[0m0 [3mrows_returned[0m[2m=[0m0 [3melapsed[0m[2m=[0m263.226µs [3melapsed_secs[0m[2m=[0m0.000263226 [2m[3menvironment[0m[2m=[0mdevelopment[0m [2m[3mtask[0m[2m=[0m"seed_tree"[0m
[2m2026-02-08T13:57:17.493306Z[0m [32m INFO[0m [1mapp[0m:[1mtask[0m: [2msqlx::query[0m[2m:[0m [3msummary[0m[2m=[0m"INSERT INTO \"medlem\" (\"pid\", …" [3mdb.statement[0m[2m=[0m"\n\nINSERT INTO \"medlem\" (\"pid\", \"name\", \"email\", \"phone_nr\", \"address\", \"city\", \"birthdate\", \"final_date\", \"user_pid\", \"partner_pid\") VALUES ($1, $2, $3, $4, $5, $6, $7, $8, $9, $10) RETURNING \"id\", \"pid\", \"name\", \"email\", \"phone_nr\", \"address\", \"city\", \"birthdate\", \"final_date\", \"status\", \"user_pid\", \"parents_pid\", \"previous_partners\", \"children_pid\", \"partner_pid\", \"created_at\", \"updated_at\"\n" [3mrows_affected[0m[2m=[0m1 [3mrows_returned[0m[2m=[0m1 [3melapsed[0m[2m=[0m2.963594ms [3melapsed_secs[0m[2m=[0m0.002963594 [2m[3menvironment[0m[2m=[0mdevelopment[0m [2m[3mtask[0m[2m=[0m"seed_tree"[0m
[2m2026-02-08T13:57:17.493517Z[0m [32m INFO[0m [1mapp[0m:[1mtask[0m: [2mfamilyserver_backend::tasks::seed_graph[0m[2m:[0m Created medlem entry for ~ Elna Christina f. Ebbesen [2m[3menvironment[0m[2m=[0mdevelopment[0m [2m[3mtask[0m[2m=[0m"seed_tree"[0m
[2m2026-02-08T13:57:17.493598Z[0m [31mERROR[0m [1mapp[0m:[1mtask[0m: [2mfamilyserver_backend::tasks::seed_graph[0m[2m:[0m [WARN] No user created for ~ Elna Christina f. Ebbesen, cannot add editor privileges [2m[3menvironment[0m[2m=[0mdevelopment[0m [2m[3mtask[0m[2m=[0m"seed_tree"[0m
[2m2026-02-08T13:57:17.494305Z[0m [32m INFO[0m [1mapp[0m:[1mtask[0m: [2msqlx::query[0m[2m:[0m [3msummary[0m[2m=[0m"SELECT \"medlem\".\"id\", \"medlem\".\"pid\", \"medlem\".\"name\", …" [3mdb.statement[0m[2m=[0m"\n\nSELECT \"medlem\".\"id\", \"medlem\".\"pid\", \"medlem\".\"name\", \"medlem\".\"email\", \"medlem\".\"phone_nr\", \"medlem\".\"address\", \"medlem\".\"city\", \"medlem\".\"birthdate\", \"medlem\".\"final_date\", \"medlem\".\"status\", \"medlem\".\"user_pid\", \"medlem\".\"parents_pid\", \"medlem\".\"previous_partners\", \"medlem\".\"children_pid\", \"medlem\".\"partner_pid\", \"medlem\".\"created_at\", \"medlem\".\"updated_at\" FROM \"medlem\" WHERE \"medlem\".\"name\" = $1 LIMIT $2\n" [3mrows_affected[0m[2m=[0m0 [3mrows_returned[0m[2m=[0m0 [3melapsed[0m[2m=[0m275.154µs [3melapsed_secs[0m[2m=[0m0.000275154 [2m[3menvironment[0m[2m=[0mdevelopment[0m [2m[3mtask[0m[2m=[0m"seed_tree"[0m
[2m2026-02-08T13:57:17.497609Z[0m [32m INFO[0m [1mapp[0m:[1mtask[0m: [2msqlx::query[0m[2m:[0m [3msummary[0m[2m=[0m"INSERT INTO \"medlem\" (\"pid\", …" [3mdb.statement[0m[2m=[0m"\n\nINSERT INTO \"medlem\" (\"pid\", \"name\", \"email\", \"phone_nr\", \"address\", \"city\", \"birthdate\", \"final_date\", \"user_pid\", \"partner_pid\") VALUES ($1, $2, $3, $4, $5, $6, $7, $8, $9, $10) RETURNING \"id\", \"pid\", \"name\", \"email\", \"phone_nr\", \"address\", \"city\", \"birthdate\", \"final_date\", \"status\", \"user_pid\", \"parents_pid\", \"previous_partners\", \"children_pid\", \"partner_pid\", \"created_at\", \"updated_at\"\n" [3mrows_affected[0m[2m=[0m1 [3mrows_returned[0m[2m=[0m1 [3melapsed[0m[2m=[0m2.851643ms [3melapsed_secs[0m[2m=[0m0.002851643 [2m[3menvironment[0m[2m=[0mdevelopment[0m [2m[3mtask[0m[2m=[0m"seed_tree"[0m
[2m2026-02-08T13:57:17.497804Z[0m [32m INFO[0m [1mapp[0m:[1mtask[0m: [2mfamilyserver_backend::tasks::seed_graph[0m[2m:[0m Created medlem entry for Anton Christian Wistoft [2m[3menvironment[0m[2m=[0mdevelopment[0m [2m[3mtask[0m[2m=[0m"seed_tree"[0m
[2m2026-02-08T13:57:17.497852Z[0m [31mERROR[0m [1mapp[0m:[1mtask[0m: [2mfamilyserver_backend::tasks::seed_graph[0m[2m:[0m [WARN] No user created for Anton Christian Wistoft, cannot add editor privileges [2m[3menvironment[0m[2m=[0mdevelopment[0m [2m[3mtask[0m[2m=[0m"seed_tree"[0m
[2m2026-02-08T13:57:17.498626Z[0m [32m INFO[0m [1mapp[0m:[1mtask[0m: [2msqlx::query[0m[2m:[0m [3msummary[0m[2m=[0m"SELECT \"medlem\".\"id\", \"medlem\".\"pid\", \"medlem\".\"name\", …" [3mdb.statement[0m[2m=[0m"\n\nSELECT \"medlem\".\"id\", \"medlem\".\"pid\", \"medlem\".\"name\", \"medlem\".\"email\", \"medlem\".\"phone_nr\", \"medlem\".\"address\", \"medlem\".\"city\", \"medlem\".\"birthdate\", \"medlem\".\"final_date\", \"medlem\".\"status\", \"medlem\".\"user_pid\", \"medlem\".\"parents_pid\", \"medlem\".\"previous_partners\", \"medlem\".\"children_pid\", \"medlem\".\"partner_pid\", \"medlem\".\"created_at\", \"medlem\".\"updated_at\" FROM \"medlem\" WHERE \"medlem\".\"name\" = $1 LIMIT $2\n" [3mrows_affected[0m[2m=[0m0 [3mrows_returned[0m[2m=[0m0 [3melapsed[0m[2m=[0m381.685µs [3melapsed_secs[0m[2m=[0m0.000381685 [2m[3menvironment[0m[2m=[0mdevelopment[0m [2m[3mtask[0m[2m=[0m"seed_tree"[0m
[2m2026-02-08T13:57:17.501867Z[0m [32m INFO[0m [1mapp[0m:[1mtask[0m: [2msqlx::query[0m[2m:[0m [3msummary[0m[2m=[0m"INSERT INTO \"medlem\" (\"pid\", …" [3mdb.statement[0m[2m=[0m"\n\nINSERT INTO \"medlem\" (\"pid\", \"name\", \"email\", \"phone_nr\", \"address\", \"city\", \"birthdate\", \"final_date\", \"user_pid\", \"partner_pid\") VALUES ($1, $2, $3, $4, $5, $6, $7, $8, $9, $10) RETURNING \"id\", \"pid\", \"name\", \"email\", \"phone_nr\", \"address\", \"city\", \"birthdate\", \"final_date\", \"status\", \"user_pid\", \"parents_pid\", \"previous_partners\", \"children_pid\", \"partner_pid\", \"created_at\", \"updated_at\"\n" [3mrows_affected[0m[2m=[0m1 [3mrows_returned[0m[2m=[0m1 [3melapsed[0m[2m=[0m2.861758ms [3melapsed_secs[0m[2m=[0m0.002861758 [2m[3menvironment[0m[2m=[0mdevelopment[0m [2m[3mtask[0m[2m=[0m"seed_tree"[0m
[2m2026-02-08T13:57:17.502075Z[0m [32m INFO[0m [1mapp[0m:[1mtask[0m: [2mfamilyserver_backend::tasks::seed_graph[0m[2m:[0m Created medlem entry for Hans Christian Wistoft [2m[3menvironment[0m[2m=[0mdevelopment[0m [2m[3mtask[0m[2m=[0m"seed_tree"[0m
[2m2026-02-08T13:57:17.502123Z[0m [31mERROR[0m [1mapp[0m:[1mtask[0m: [2mfamilyserver_backend::tasks::seed_graph[0m[2m:[0m [WARN] No user created for Hans Christian Wistoft, cannot add editor privileges [2m[3menvironment[0m[2m=[0mdevelopment[0m [2m[3mtask[0m[2m=[0m"seed_tree"[0m
[2m2026-02-08T13:57:17.502852Z[0m [32m INFO[0m [1mapp[0m:[1mtask[0m: [2msqlx::query[0m[2m:[0m [3msummary[0m[2m=[0m"SELECT \"medlem\".\"id\", \"medlem\".\"pid\", \"medlem\".\"name\", …" [3mdb.statement[0m[2m=[0m"\n\nSELECT \"medlem\".\"id\", \"medlem\".\"pid\", \"medlem\".\"name\", \"medlem\".\"email\", \"medlem\".\"phone_nr\", \"medlem\".\"address\", \"medlem\".\"city\", \"medlem\".\"birthdate\", \"medlem\".\"final_date\", \"medlem\".\"status\", \"medlem\".\"user_pid\", \"medlem\".\"parents_pid\", \"medlem\".\"previous_partners\", \"medlem\".\"children_pid\", \"medlem\".\"partner_pid\", \"medlem\".\"created_at\", \"medlem\".\"updated_at\" FROM \"medlem\" WHERE \"medlem\".\"name\" = $1 LIMIT $2\n" [3mrows_affected[0m[2m=[0m0 [3mrows_returned[0m[2m=[0m0 [3melapsed[0m[2m=[0m269.614µs [3melapsed_secs[0m[2m=[0m0.000269614 [2m[3menvironment[0m[2m=[0mdevelopment[0m [2m[3mtask[0m[2m=[0m"seed_tree"[0m
[2m2026-02-08T13:57:17.506134Z[0m [32m INFO[0m [1mapp[0m:[1mtask[0m: [2msqlx::query[0m[2m:[0m [3msummary[0m[2m=[0m"INSERT INTO \"medlem\" (\"pid\", …" [3mdb.statement[0m[2m=[0m"\n\nINSERT INTO \"medlem\" (\"pid\", \"name\", \"email\", \"phone_nr\", \"address\", \"city\", \"birthdate\", \"final_date\", \"user_pid\", \"partner_pid\") VALUES ($1, $2, $3, $4, $5, $6, $7, $8, $9, $10) RETURNING \"id\", \"pid\", \"name\", \"email\", \"phone_nr\", \"address\", \"city\", \"birthdate\", \"final_date\", \"status\", \"user_pid\", \"parents_pid\", \"previous_partners\", \"children_pid\", \"partner_pid\", \"created_at\", \"updated_at\"\n" [3mrows_affected[0m[2m=[0m1 [3mrows_returned[0m[2m=[0m1 [3melapsed[0m[2m=[0m2.843665ms [3melapsed_secs[0m[2m=[0m0.002843665 [2m[3menvironment[0m[2m=[0mdevelopment[0m [2m[3mtask[0m[2m=[0m"seed_tree"[0m
[2m2026-02-08T13:57:17.506333Z[0m [32m INFO[0m [1mapp[0m:[1mtask[0m: [2mfamilyserver_backend::tasks::seed_graph[0m[2m:[0m Created medlem entry for ~ Thorkil Langgaard [2m[3menvironment[0m[2m=[0mdevelopment[0m [2m[3mtask[0m[2m=[0m"seed_tree"[0m
[2m2026-02-08T13:57:17.506388Z[0m [31mERROR[0m [1mapp[0m:[1mtask[0m: [2mfamilyserver_backend::tasks::seed_graph[0m[2m:[0m [WARN] No user created for ~ Thorkil Langgaard, cannot add editor privileges [2m[3menvironment[0m[2m=[0mdevelopment[0m [2m[3mtask[0m[2m=[0m"seed_tree"[0m
[2m2026-02-08T13:57:17.507042Z[0m [32m INFO[0m [1mapp[0m:[1mtask[0m: [2msqlx::query[0m[2m:[0m [3msummary[0m[2m=[0m"SELECT \"user\".\"created_at\", \"user\".\"updated_at\", \"user\".\"id\", …" [3mdb.statement[0m[2m=[0m"\n\nSELECT \"user\".\"created_at\", \"user\".\"updated_at\", \"user\".\"id\", \"user\".\"pid\", \"user\".\"email\", \"user\".\"password\", \"user\".\"api_key\", \"user\".\"name\", \"user\".\"reset_token\", \"user\".\"reset_sent_at\", \"user\".\"magic_link_token\", \"user\".\"magic_link_token_expiration\" FROM \"user\" WHERE \"user\".\"name\" = $1 LIMIT $2\n" [3mrows_affected[0m[2m=[0m0 [3mrows_returned[0m[2m=[0m0 [3melapsed[0m[2m=[0m283.344µs [3melapsed_secs[0m[2m=[0m0.000283344 [2m[3menvironment[0m[2m=[0mdevelopment[0m [2m[3mtask[0m[2m=[0m"seed_tree"[0m
[2m2026-02-08T13:57:17.987597Z[0m [32m INFO[0m [1mapp[0m:[1mtask[0m: [2msqlx::query[0m[2m:[0m [3msummary[0m[2m=[0m"INSERT INTO \"user\" (\"pid\", …" [3mdb.statement[0m[2m=[0m"\n\nINSERT INTO \"user\" (\"pid\", \"email\", \"password\", \"api_key\", \"name\") VALUES ($1, $2, $3, $4, $5) RETURNING \"created_at\", \"updated_at\", \"id\", \"pid\", \"email\", \"password\", \"api_key\", \"name\", \"reset_token\", \"reset_sent_at\", \"magic_link_token\", \"magic_link_token_expiration\"\n" [3mrows_affected[0m[2m=[0m1 [3mrows_returned[0m[2m=[0m1 [3melapsed[0m[2m=[0m6.682189ms [3melapsed_secs[0m[2m=[0m0.006682189 [2m[3menvironment[0m[2m=[0mdevelopment[0m [2m[3mtask[0m[2m=[0m"seed_tree"[0m
[2m2026-02-08T13:57:17.988493Z[0m [32m INFO[0m [1mapp[0m:[1mtask[0m: [2msqlx::query[0m[2m:[0m [3msummary[0m[2m=[0m"SELECT \"medlem\".\"id\", \"medlem\".\"pid\", \"medlem\".\"name\", …" [3mdb.statement[0m[2m=[0m"\n\nSELECT \"medlem\".\"id\", \"medlem\".\"pid\", \"medlem\".\"name\", \"medlem\".\"email\", \"medlem\".\"phone_nr\", \"medlem\".\"address\", \"medlem\".\"city\", \"medlem\".\"birthdate\", \"medlem\".\"final_date\", \"medlem\".\"status\", \"medlem\".\"user_pid\", \"medlem\".\"parents_pid\", \"medlem\".\"previous_partners\", \"medlem\".\"children_pid\", \"medlem\".\"partner_pid\", \"medlem\".\"created_at\", \"medlem\".\"updated_at\" FROM \"medlem\" WHERE \"medlem\".\"name\" = $1 LIMIT $2\n" [3mrows_affected[0m[2m=[0m0 [3mrows_returned[0m[2m=[0m0 [3melapsed[0m[2m=[0m248.756µs [3melapsed_secs[0m[2m=[0m0.000248756 [2m[3menvironment[0m[2m=[0mdevelopment[0m [2m[3mtask[0m[2m=[0m"seed_tree"[0m
[2m2026-02-08T13:57:17.992222Z[0m [32m INFO[0m [1mapp[0m:[1mtask[0m: [2msqlx::query[0m[2m:[0m [3msummary[0m[2m=[0m"INSERT INTO \"medlem\" (\"pid\", …" [3mdb.statement[0m[2m=[0m"\n\nINSERT INTO \"medlem\" (\"pid\", \"name\", \"email\", \"phone_nr\", \"address\", \"city\", \"birthdate\", \"final_date\", \"user_pid\", \"partner_pid\") VALUES ($1, $2, $3, $4, $5, $6, $7, $8, $9, $10) RETURNING \"id\", \"pid\", \"name\", \"email\", \"phone_nr\", \"address\", \"city\", \"birthdate\", \"final_date\", \"status\", \"user_pid\", \"parents_pid\", \"previous_partners\", \"children_pid\", \"partner_pid\", \"created_at\", \"updated_at\"\n" [3mrows_affected[0m[2m=[0m1 [3mrows_returned[0m[2m=[0m1 [3melapsed[0m[2m=[0m3.222169ms [3melapsed_secs[0m[2m=[0m0.003222169 [2m[3menvironment[0m[2m=[0mdevelopment[0m [2m[3mtask[0m[2m=[0m"seed_tree"[0m
[2m2026-02-08T13:57:17.992432Z[0m [32m INFO[0m [1mapp[0m:[1mtask[0m: [2mfamilyserver_backend::tasks::seed_graph[0m[2m:[0m Created medlem entry for Annette Wistoft [2m[3menvironment[0m[2m=[0mdevelopment[0m [2m[3mtask[0m[2m=[0m"seed_tree"[0m
[2m2026-02-08T13:57:17.992500Z[0m [32m INFO[0m [1mapp[0m:[1mtask[0m: [2mfamilyserver_backend::tasks::seed_graph[0m[2m:[0m [INFO] Adding user as editor to medlem [2m[3menvironment[0m[2m=[0mdevelopment[0m [2m[3mtask[0m[2m=[0m"seed_tree"[0m
[2m2026-02-08T13:57:17.995795Z[0m [32m INFO[0m [1mapp[0m:[1mtask[0m: [2msqlx::query[0m[2m:[0m [3msummary[0m[2m=[0m"INSERT INTO \"medlem_editors\" (\"medlem_pid\", …" [3mdb.statement[0m[2m=[0m"\n\nINSERT INTO \"medlem_editors\" (\"medlem_pid\", \"user_pid\", \"role\") VALUES ($1, $2, $3) RETURNING \"id\", \"medlem_pid\", \"user_pid\", \"role\"\n" [3mrows_affected[0m[2m=[0m1 [3mrows_returned[0m[2m=[0m1 [3melapsed[0m[2m=[0m2.98403ms [3melapsed_secs[0m[2m=[0m0.00298403 [2m[3menvironment[0m[2m=[0mdevelopment[0m [2m[3mtask[0m[2m=[0m"seed_tree"[0m
[2m2026-02-08T13:57:17.995945Z[0m [32m INFO[0m [1mapp[0m:[1mtask[0m: [2mfamilyserver_backend::tasks::seed_graph[0m[2m:[0m User was added as editor for medlem [2m[3menvironment[0m[2m=[0mdevelopment[0m [2m[3mtask[0m[2m=[0m"seed_tree"[0m
[2m2026-02-08T13:57:17.996621Z[0m [32m INFO[0m [1mapp[0m:[1mtask[0m: [2msqlx::query[0m[2m:[0m [3msummary[0m[2m=[0m"SELECT \"user\".\"created_at\", \"user\".\"updated_at\", \"user\".\"id\", …" [3mdb.statement[0m[2m=[0m"\n\nSELECT \"user\".\"created_at\", \"user\".\"updated_at\", \"user\".\"id\", \"user\".\"pid\", \"user\".\"email\", \"user\".\"password\", \"user\".\"api_key\", \"user\".\"name\", \"user\".\"reset_token\", \"user\".\"reset_sent_at\", \"user\".\"magic_link_token\", \"user\".\"magic_link_token_expiration\" FROM \"user\" WHERE \"user\".\"name\" = $1 LIMIT $2\n" [3mrows_affected[0m[2m=[0m0 [3mrows_returned[0m[2m=[0m0 [3melapsed[0m[2m=[0m292.06µs [3melapsed_secs[0m[2m=[0m0.00029206 [2m[3menvironment[0m[2m=[0mdevelopment[0m [2m[3mtask[0m[2m=[0m"seed_tree"[0m
[2m2026-02-08T13:57:18.477587Z[0m [32m INFO[0m [1mapp[0m:[1mtask[0m: [2msqlx::query[0m[2m:[0m [3msummary[0m[2m=[0m"INSERT INTO \"user\" (\"pid\", …" [3mdb.statement[0m[2m=[0m"\n\nINSERT INTO \"user\" (\"pid\", \"email\", \"password\", \"api_key\", \"name\") VALUES ($1, $2, $3, $4, $5) RETURNING \"created_at\", \"updated_at\", \"id\", \"pid\", \"email\", \"password\", \"api_key\", \"name\", \"reset_token\", \"reset_sent_at\", \"magic_link_token\", \"magic_link_token_expiration\"\n" [3mrows_affected[0m[2m=[0m1 [3mrows_returned[0m[2m=[0m1 [3melapsed[0m[2m=[0m4.954698ms [3melapsed_secs[0m[2m=[0m0.004954698 [2m[3menvironment[0m[2m=[0mdevelopment[0m [2m[3mtask[0m[2m=[0m"seed_tree"[0m
[2m2026-02-08T13:57:18.478426Z[0m [32m INFO[0m [1mapp[0m:[1mtask[0m: [2msqlx::query[0m[2m:[0m [3msummary[0m[2m=[0m"SELECT \"medlem\".\"id\", \"medlem\".\"pid\", \"medlem\".\"name\", …" [3mdb.statement[0m[2m=[0m"\n\nSELECT \"medlem\".\"id\", \"medlem\".\"pid\", \"medlem\".\"name\", \"medlem\".\"email\", \"medlem\".\"phone_nr\", \"medlem\".\"address\", \"medlem\".\"city\", \"medlem\".\"birthdate\", \"medlem\".\"final_date\", \"medlem\".\"status\", \"medlem\".\"user_pid\", \"medlem\".\"parents_pid\", \"medlem\".\"previous_partners\", \"medlem\".\"children_pid\", \"medlem\".\"partner_pid\", \"medlem\".\"created_at\", \"medlem\".\"updated_at\" FROM \"medlem\" WHERE \"medlem\".\"name\" = $1 LIMIT $2\n" [3mrows_affected[0m[2m=[0m0 [3mrows_returned[0m[2m=[0m0 [3melapsed[0m[2m=[0m266.234µs [3melapsed_secs[0m[2m=[0m0.000266234 [2m[3menvironment[0m[2m=[0mdevelopment[0m [2m[3mtask[0m[2m=[0m"seed_tree"[0m
[2m2026-02-08T13:57:18.482203Z[0m [32m INFO[0m [1mapp[0m:[1mtask[0m: [2msqlx::query[0m[2m:[0m [3msummary[0m[2m=[0m"INSERT INTO \"medlem\" (\"pid\", …" [3mdb.statement[0m[2m=[0m"\n\nINSERT INTO \"medlem\" (\"pid\", \"name\", \"email\", \"phone_nr\", \"address\", \"city\", \"birthdate\", \"final_date\", \"user_pid\", \"partner_pid\") VALUES ($1, $2, $3, $4, $5, $6, $7, $8, $9, $10) RETURNING \"id\", \"pid\", \"name\", \"email\", \"phone_nr\", \"address\", \"city\", \"birthdate\", \"final_date\", \"status\", \"user_pid\", \"parents_pid\", \"previous_partners\", \"children_pid\", \"partner_pid\", \"created_at\", \"updated_at\"\n" [3mrows_affected[0m[2m=[0m1 [3mrows_returned[0m[2m=[0m1 [3melapsed[0m[2m=[0m3.231084ms [3melapsed_secs[0m[2m=[0m0.003231084 [2m[3menvironment[0m[2m=[0mdevelopment[0m [2m[3mtask[0m[2m=[0m"seed_tree"[0m
[2m2026-02-08T13:57:18.482410Z[0m [32m INFO[0m [1mapp[0m:[1mtask[0m: [2mfamilyserver_backend::tasks::seed_graph[0m[2m:[0m Created medlem entry for Siri Wistoft [2m[3menvironment[0m[2m=[0mdevelopment[0m [2m[3mtask[0m[2m=[0m"seed_tree"[0m
[2m2026-02-08T13:57:18.482467Z[0m [32m INFO[0m [1mapp[0m:[1mtask[0m: [2mfamilyserver_backend::tasks::seed_graph[0m[2m:[0m [INFO] Adding user as editor to medlem [2m[3menvironment[0m[2m=[0mdevelopment[0m [2m[3mtask[0m[2m=[0m"seed_tree"[0m
[2m2026-02-08T13:57:18.486023Z[0m [32m INFO[0m [1mapp[0m:[1mtask[0m: [2msqlx::query[0m[2m:[0m [3msummary[0m[2m=[0m"INSERT INTO \"medlem_editors\" (\"medlem_pid\", …" [3mdb.statement[0m[2m=[0m"\n\nINSERT INTO \"medlem_editors\" (\"medlem_pid\", \"user_pid\", \"role\") VALUES ($1, $2, $3) RETURNING \"id\", \"medlem_pid\", \"user_pid\", \"role\"\n" [3mrows_affected[0m[2m=[0m1 [3mrows_returned[0m[2m=[0m1 [3melapsed[0m[2m=[0m3.151439ms [3melapsed_secs[0m[2m=[0m0.003151439 [2m[3menvironment[0m[2m=[0mdevelopment[0m [2m[3mtask[0m[2m=[0m"seed_tree"[0m
[2m2026-02-08T13:57:18.486162Z[0m [32m INFO[0m [1mapp[0m:[1mtask[0m: [2mfamilyserver_backend::tasks::seed_graph[0m[2m:[0m User was added as editor for medlem [2m[3menvironment[0m[2m=[0mdevelopment[0m [2m[3mtask[0m[2m=[0m"seed_tree"[0m
[2m2026-02-08T13:57:18.486991Z[0m [32m INFO[0m [1mapp[0m:[1mtask[0m: [2msqlx::query[0m[2m:[0m [3msummary[0m[2m=[0m"SELECT \"user\".\"created_at\", \"user\".\"updated_at\", \"user\".\"id\", …" [3mdb.statement[0m[2m=[0m"\n\nSELECT \"user\".\"created_at\", \"user\".\"updated_at\", \"user\".\"id\", \"user\".\"pid\", \"user\".\"email\", \"user\".\"password\", \"user\".\"api_key\", \"user\".\"name\", \"user\".\"reset_token\", \"user\".\"reset_sent_at\", \"user\".\"magic_link_token\", \"user\".\"magic_link_token_expiration\" FROM \"user\" WHERE \"user\".\"name\" = $1 LIMIT $2\n" [3mrows_affected[0m[2m=[0m0 [3mrows_returned[0m[2m=[0m0 [3melapsed[0m[2m=[0m317.286µs [3melapsed_secs[0m[2m=[0m0.000317286 [2m[3menvironment[0m[2m=[0mdevelopment[0m [2m[3mtask[0m[2m=[0m"seed_tree"[0m
[2m2026-02-08T13:57:18.968794Z[0m [32m INFO[0m [1mapp[0m:[1mtask[0m: [2msqlx::query[0m[2m:[0m [3msummary[0m[2m=[0m"INSERT INTO \"user\" (\"pid\", …" [3mdb.statement[0m[2m=[0m"\n\nINSERT INTO \"user\" (\"pid\", \"email\", \"password\", \"api_key\", \"name\") VALUES ($1, $2, $3, $4, $5) RETURNING \"created_at\", \"updated_at\", \"id\", \"pid\", \"email\", \"password\", \"api_key\", \"name\", \"reset_token\", \"reset_sent_at\", \"magic_link_token\", \"magic_link_token_expiration\"\n" [3mrows_affected[0m[2m=[0m1 [3mrows_returned[0m[2m=[0m1 [3melapsed[0m[2m=[0m6.570789ms [3melapsed_secs[0m[2m=[0m0.006570789 [2m[3menvironment[0m[2m=[0mdevelopment[0m [2m[3mtask[0m[2m=[0m"seed_tree"[0m
[2m2026-02-08T13:57:18.969749Z[0m [32m INFO[0m [1mapp[0m:[1mtask[0m: [2msqlx::query[0m[2m:[0m [3msummary[0m[2m=[0m"SELECT \"medlem\".\"id\", \"medlem\".\"pid\", \"medlem\".\"name\", …" [3mdb.statement[0m[2m=[0m"\n\nSELECT \"medlem\".\"id\", \"medlem\".\"pid\", \"medlem\".\"name\", \"medlem\".\"email\", \"medlem\".\"phone_nr\", \"medlem\".\"address\", \"medlem\".\"city\", \"medlem\".\"birthdate\", \"medlem\".\"final_date\", \"medlem\".\"status\", \"medlem\".\"user_pid\", \"medlem\".\"parents_pid\", \"medlem\".\"previous_partners\", \"medlem\".\"children_pid\", \"medlem\".\"partner_pid\", \"medlem\".\"created_at\", \"medlem\".\"updated_at\" FROM \"medlem\" WHERE \"medlem\".\"name\" = $1 LIMIT $2\n" [3mrows_affected[0m[2m=[0m0 [3mrows_returned[0m[2m=[0m0 [3melapsed[0m[2m=[0m322.458µs [3melapsed_secs[0m[2m=[0m0.000322458 [2m[3menvironment[0m[2m=[0mdevelopment[0m [2m[3mtask[0m[2m=[0m"seed_tree"[0m
[2m2026-02-08T13:57:18.973604Z[0m [32m INFO[0m [1mapp[0m:[1mtask[0m: [2msqlx::query[0m[2m:[0m [3msummary[0m[2m=[0m"INSERT INTO \"medlem\" (\"pid\", …" [3mdb.statement[0m[2m=[0m"\n\nINSERT INTO \"medlem\" (\"pid\", \"name\", \"email\", \"phone_nr\", \"address\", \"city\", \"birthdate\", \"final_date\", \"user_pid\", \"partner_pid\") VALUES ($1, $2, $3, $4, $5, $6, $7, $8, $9, $10) RETURNING \"id\", \"pid\", \"name\", \"email\", \"phone_nr\", \"address\", \"city\", \"birthdate\", \"final_date\", \"status\", \"user_pid\", \"parents_pid\", \"previous_partners\", \"children_pid\", \"partner_pid\", \"created_at\", \"updated_at\"\n" [3mrows_affected[0m[2m=[0m1 [3mrows_returned[0m[2m=[0m1 [3melapsed[0m[2m=[0m3.289718ms [3melapsed_secs[0m[2m=[0m0.003289718 [2m[3menvironment[0m[2m=[0mdevelopment[0m [2m[3mtask[0m[2m=[0m"seed_tree"[0m
[2m2026-02-08T13:57:18.973806Z[0m [32m INFO[0m [1mapp[0m:[1mtask[0m: [2mfamilyserver_backend::tasks::seed_graph[0m[2m:[0m Created medlem entry for Freja Langgaard [2m[3menvironment[0m[2m=[0mdevelopment[0m [2m[3mtask[0m[2m=[0m"seed_tree"[0m
[2m2026-02-08T13:57:18.973870Z[0m [32m INFO[0m [1mapp[0m:[1mtask[0m: [2mfamilyserver_backend::tasks::seed_graph[0m[2m:[0m [INFO] Adding user as editor to medlem [2m[3menvironment[0m[2m=[0mdevelopment[0m [2m[3mtask[0m[2m=[0m"seed_tree"[0m
[2m2026-02-08T13:57:18.977227Z[0m [32m INFO[0m [1mapp[0m:[1mtask[0m: [2msqlx::query[0m[2m:[0m [3msummary[0m[2m=[0m"INSERT INTO \"medlem_editors\" (\"medlem_pid\", …" [3mdb.statement[0m[2m=[0m"\n\nINSERT INTO \"medlem_editors\" (\"medlem_pid\", \"user_pid\", \"role\") VALUES ($1, $2, $3) RETURNING \"id\", \"medlem_pid\", \"user_pid\", \"role\"\n" [3mrows_affected[0m[2m=[0m1 [3mrows_returned[0m[2m=[0m1 [3melapsed[0m[2m=[0m3.008107ms [3melapsed_secs[0m[2m=[0m0.003008107 [2m[3menvironment[0m[2m=[0mdevelopment[0m [2m[3mtask[0m[2m=[0m"seed_tree"[0m
[2m2026-02-08T13:57:18.977403Z[0m [32m INFO[0m [1mapp[0m:[1mtask[0m: [2mfamilyserver_backend::tasks::seed_graph[0m[2m:[0m User was added as editor for medlem [2m[3menvironment[0m[2m=[0mdevelopment[0m [2m[3mtask[0m[2m=[0m"seed_tree"[0m
[2m2026-02-08T13:57:18.978191Z[0m [32m INFO[0m [1mapp[0m:[1mtask[0m: [2msqlx::query[0m[2m:[0m [3msummary[0m[2m=[0m"SELECT \"medlem\".\"id\", \"medlem\".\"pid\", \"medlem\".\"name\", …" [3mdb.statement[0m[2m=[0m"\n\nSELECT \"medlem\".\"id\", \"medlem\".\"pid\", \"medlem\".\"name\", \"medlem\".\"email\", \"medlem\".\"phone_nr\", \"medlem\".\"address\", \"medlem\".\"city\", \"medlem\".\"birthdate\", \"medlem\".\"final_date\", \"medlem\".\"status\", \"medlem\".\"user_pid\", \"medlem\".\"parents_pid\", \"medlem\".\"previous_partners\", \"medlem\".\"children_pid\", \"medlem\".\"partner_pid\", \"medlem\".\"created_at\", \"medlem\".\"updated_at\" FROM \"medlem\" WHERE \"medlem\".\"name\" = $1 LIMIT $2\n" [3mrows_affected[0m[2m=[0m0 [3mrows_returned[0m[2m=[0m0 [3melapsed[0m[2m=[0m305.677µs [3melapsed_secs[0m[2m=[0m0.000305677 [2m[3menvironment[0m[2m=[0mdevelopment[0m [2m[3mtask[0m[2m=[0m"seed_tree"[0m
[2m2026-02-08T13:57:18.981620Z[0m [32m INFO[0m [1mapp[0m:[1mtask[0m: [2msqlx::query[0m[2m:[0m [3msummary[0m[2m=[0m"INSERT INTO \"medlem\" (\"pid\", …" [3mdb.statement[0m[2m=[0m"\n\nINSERT INTO \"medlem\" (\"pid\", \"name\", \"email\", \"phone_nr\", \"address\", \"city\", \"birthdate\", \"final_date\", \"user_pid\", \"partner_pid\") VALUES ($1, $2, $3, $4, $5, $6, $7, $8, $9, $10) RETURNING \"id\", \"pid\", \"name\", \"email\", \"phone_nr\", \"address\", \"city\", \"birthdate\", \"final_date\", \"status\", \"user_pid\", \"parents_pid\", \"previous_partners\", \"children_pid\", \"partner_pid\", \"created_at\", \"updated_at\"\n" [3mrows_affected[0m[2m=[0m1 [3mrows_returned[0m[2m=[0m1 [3melapsed[0m[2m=[0m2.897017ms [3melapsed_secs[0m[2m=[0m0.002897017 [2m[3menvironment[0m[2m=[0mdevelopment[0m [2m[3mtask[0m[2m=[0m"seed_tree"[0m
[2m2026-02-08T13:57:18.981805Z[0m [32m INFO[0m [1mapp[0m:[1mtask[0m: [2mfamilyserver_backend::tasks::seed_graph[0m[2m:[0m Created medlem entry for Wilton Bayer Langgaard [2m[3menvironment[0m[2m=[0mdevelopment[0m [2m[3mtask[0m[2m=[0m"seed_tree"[0m
[2m2026-02-08T13:57:18.981851Z[0m [31mERROR[0m [1mapp[0m:[1mtask[0m: [2mfamilyserver_backend::tasks::seed_graph[0m[2m:[0m [WARN] No user created for Wilton Bayer Langgaard, cannot add editor privileges [2m[3menvironment[0m[2m=[0mdevelopment[0m [2m[3mtask[0m[2m=[0m"seed_tree"[0m
[2m2026-02-08T13:57:18.982606Z[0m [32m INFO[0m [1mapp[0m:[1mtask[0m: [2msqlx::query[0m[2m:[0m [3msummary[0m[2m=[0m"SELECT \"medlem\".\"id\", \"medlem\".\"pid\", \"medlem\".\"name\", …" [3mdb.statement[0m[2m=[0m"\n\nSELECT \"medlem\".\"id\", \"medlem\".\"pid\", \"medlem\".\"name\", \"medlem\".\"email\", \"medlem\".\"phone_nr\", \"medlem\".\"address\", \"medlem\".\"city\", \"medlem\".\"birthdate\", \"medlem\".\"final_date\", \"medlem\".\"status\", \"medlem\".\"user_pid\", \"medlem\".\"parents_pid\", \"medlem\".\"previous_partners\", \"medlem\".\"children_pid\", \"medlem\".\"partner_pid\", \"medlem\".\"created_at\", \"medlem\".\"updated_at\" FROM \"medlem\" WHERE \"medlem\".\"name\" = $1 LIMIT $2\n" [3mrows_affected[0m[2m=[0m0 [3mrows_returned[0m[2m=[0m0 [3melapsed[0m[2m=[0m312.921µs [3melapsed_secs[0m[2m=[0m0.000312921 [2m[3menvironment[0m[2m=[0mdevelopment[0m [2m[3mtask[0m[2m=[0m"seed_tree"[0m
[2m2026-02-08T13:57:18.985989Z[0m [32m INFO[0m [1mapp[0m:[1mtask[0m: [2msqlx::query[0m[2m:[0m [3msummary[0m[2m=[0m"INSERT INTO \"medlem\" (\"pid\", …" [3mdb.statement[0m[2m=[0m"\n\nINSERT INTO \"medlem\" (\"pid\", \"name\", \"email\", \"phone_nr\", \"address\", \"city\", \"birthdate\", \"final_date\", \"user_pid\", \"partner_pid\") VALUES ($1, $2, $3, $4, $5, $6, $7, $8, $9, $10) RETURNING \"id\", \"pid\", \"name\", \"email\", \"phone_nr\", \"address\", \"city\", \"birthdate\", \"final_date\", \"status\", \"user_pid\", \"parents_pid\", \"previous_partners\", \"children_pid\", \"partner_pid\", \"created_at\", \"updated_at\"\n" [3mrows_affected[0m[2m=[0m1 [3mrows_returned[0m[2m=[0m1 [3melapsed[0m[2m=[0m2.92554ms [3melapsed_secs[0m[2m=[0m0.00292554 [2m[3menvironment[0m[2m=[0mdevelopment[0m [2m[3mtask[0m[2m=[0m"seed_tree"[0m
[2m2026-02-08T13:57:18.986166Z[0m [32m INFO[0m [1mapp[0m:[1mtask[0m: [2mfamilyserver_backend::tasks::seed_graph[0m[2m:[0m Created medlem entry for Melvin Bayer Langgaard [2m[3menvironment[0m[2m=[0mdevelopment[0m [2m[3mtask[0m[2m=[0m"seed_tree"[0m
[2m2026-02-08T13:57:18.986216Z[0m [31mERROR[0m [1mapp[0m:[1mtask[0m: [2mfamilyserver_backend::tasks::seed_graph[0m[2m:[0m [WARN] No user created for Melvin Bayer Langgaard, cannot add editor privileges [2m[3menvironment[0m[2m=[0mdevelopment[0m [2m[3mtask[0m[2m=[0m"seed_tree"[0m
[2m2026-02-08T13:57:18.987033Z[0m [32m INFO[0m [1mapp[0m:[1mtask[0m: [2msqlx::query[0m[2m:[0m [3msummary[0m[2m=[0m"SELECT \"medlem\".\"id\", \"medlem\".\"pid\", \"medlem\".\"name\", …" [3mdb.statement[0m[2m=[0m"\n\nSELECT \"medlem\".\"id\", \"medlem\".\"pid\", \"medlem\".\"name\", \"medlem\".\"email\", \"medlem\".\"phone_nr\", \"medlem\".\"address\", \"medlem\".\"city\", \"medlem\".\"birthdate\", \"medlem\".\"final_date\", \"medlem\".\"status\", \"medlem\".\"user_pid\", \"medlem\".\"parents_pid\", \"medlem\".\"previous_partners\", \"medlem\".\"children_pid\", \"medlem\".\"partner_pid\", \"medlem\".\"created_at\", \"medlem\".\"updated_at\" FROM \"medlem\" WHERE \"medlem\".\"name\" = $1 LIMIT $2\n" [3mrows_affected[0m[2m=[0m0 [3mrows_returned[0m[2m=[0m0 [3melapsed[0m[2m=[0m287.243µs [3melapsed_secs[0m[2m=[0m0.000287243 [2m[3menvironment[0m[2m=[0mdevelopment[0m [2m[3mtask[0m[2m=[0m"seed_tree"[0m
[2m2026-02-08T13:57:18.990475Z[0m [32m INFO[0m [1mapp[0m:[1mtask[0m: [2msqlx::query[0m[2m:[0m [3msummary[0m[2m=[0m"INSERT INTO \"medlem\" (\"pid\", …" [3mdb.statement[0m[2m=[0m"\n\nINSERT INTO \"medlem\" (\"pid\", \"name\", \"email\", \"phone_nr\", \"address\", \"city\", \"birthdate\", \"final_date\", \"user_pid\", \"partner_pid\") VALUES ($1, $2, $3, $4, $5, $6, $7, $8, $9, $10) RETURNING \"id\", \"pid\", \"name\", \"email\", \"phone_nr\", \"address\", \"city\", \"birthdate\", \"final_date\", \"status\", \"user_pid\", \"parents_pid\", \"previous_partners\", \"children_pid\", \"partner_pid\", \"created_at\", \"updated_at\"\n" [3mrows_affected[0m[2m=[0m1 [3mrows_returned[0m[2m=[0m1 [3melapsed[0m[2m=[0m3.042365ms [3melapsed_secs[0m[2m=[0m0.003042365 [2m[3menvironment[0m[2m=[0mdevelopment[0m [2m[3mtask[0m[2m=[0m"seed_tree"[0m
[2m2026-02-08T13:57:18.990625Z[0m [32m INFO[0m [1mapp[0m:[1mtask[0m: [2mfamilyserver_backend::tasks::seed_graph[0m[2m:[0m Created medlem entry for ~ Claudia f. Augsburg [2m[3menvironment[0m[2m=[0mdevelopment[0m [2m[3mtask[0m[2m=[0m"seed_tree"[0m
[2m2026-02-08T13:57:18.990674Z[0m [31mERROR[0m [1mapp[0m:[1mtask[0m: [2mfamilyserver_backend::tasks::seed_graph[0m[2m:[0m [WARN] No user created for ~ Claudia f. Augsburg, cannot add editor privileges [2m[3menvironment[0m[2m=[0mdevelopment[0m [2m[3mtask[0m[2m=[0m"seed_tree"[0m
[2m2026-02-08T13:57:18.991392Z[0m [32m INFO[0m [1mapp[0m:[1mtask[0m: [2msqlx::query[0m[2m:[0m [3msummary[0m[2m=[0m"SELECT \"user\".\"created_at\", \"user\".\"updated_at\", \"user\".\"id\", …" [3mdb.statement[0m[2m=[0m"\n\nSELECT \"user\".\"created_at\", \"user\".\"updated_at\", \"user\".\"id\", \"user\".\"pid\", \"user\".\"email\", \"user\".\"password\", \"user\".\"api_key\", \"user\".\"name\", \"user\".\"reset_token\", \"user\".\"reset_sent_at\", \"user\".\"magic_link_token\", \"user\".\"magic_link_token_expiration\" FROM \"user\" WHERE \"user\".\"name\" = $1 LIMIT $2\n" [3mrows_affected[0m[2m=[0m0 [3mrows_returned[0m[2m=[0m0 [3melapsed[0m[2m=[0m356.39µs [3melapsed_secs[0m[2m=[0m0.00035639 [2m[3menvironment[0m[2m=[0mdevelopment[0m [2m[3mtask[0m[2m=[0m"seed_tree"[0m
[2m2026-02-08T13:57:19.465865Z[0m [32m INFO[0m [1mapp[0m:[1mtask[0m: [2msqlx::query[0m[2m:[0m [3msummary[0m[2m=[0m"INSERT INTO \"user\" (\"pid\", …" [3mdb.statement[0m[2m=[0m"\n\nINSERT INTO \"user\" (\"pid\", \"email\", \"password\", \"api_key\", \"name\") VALUES ($1, $2, $3, $4, $5) RETURNING \"created_at\", \"updated_at\", \"id\", \"pid\", \"email\", \"password\", \"api_key\", \"name\", \"reset_token\", \"reset_sent_at\", \"magic_link_token\", \"magic_link_token_expiration\"\n" [3mrows_affected[0m[2m=[0m1 [3mrows_returned[0m[2m=[0m1 [3melapsed[0m[2m=[0m6.548029ms [3melapsed_secs[0m[2m=[0m0.006548029 [2m[3menvironment[0m[2m=[0mdevelopment[0m [2m[3mtask[0m[2m=[0m"seed_tree"[0m
[2m2026-02-08T13:57:19.466760Z[0m [32m INFO[0m [1mapp[0m:[1mtask[0m: [2msqlx::query[0m[2m:[0m [3msummary[0m[2m=[0m"SELECT \"medlem\".\"id\", \"medlem\".\"pid\", \"medlem\".\"name\", …" [3mdb.statement[0m[2m=[0m"\n\nSELECT \"medlem\".\"id\", \"medlem\".\"pid\", \"medlem\".\"name\", \"medlem\".\"email\", \"medlem\".\"phone_nr\", \"medlem\".\"address\", \"medlem\".\"city\", \"medlem\".\"birthdate\", \"medlem\".\"final_date\", \"medlem\".\"status\", \"medlem\".\"user_pid\", \"medlem\".\"parents_pid\", \"medlem\".\"previous_partners\", \"medlem\".\"children_pid\", \"medlem\".\"partner_pid\", \"medlem\".\"created_at\", \"medlem\".\"updated_at\" FROM \"medlem\" WHERE \"medlem\".\"name\" = $1 LIMIT $2\n" [3mrows_affected[0m[2m=[0m0 [3mrows_returned[0m[2m=[0m0 [3melapsed[0m[2m=[0m280.953µs [3melapsed_secs[0m[2m=[0m0.000280953 [2m[3menvironment[0m[2m=[0mdevelopment[0m [2m[3mtask[0m[2m=[0m"seed_tree"[0m
[2m2026-02-08T13:57:19.470451Z[0m [32m INFO[0m [1mapp[0m:[1mtask[0m: [2msqlx::query[0m[2m:[0m [3msummary[0m[2m=[0m"INSERT INTO \"medlem\" (\"pid\", …" [3mdb.statement[0m[2m=[0m"\n\nINSERT INTO \"medlem\" (\"pid\", \"name\", \"email\", \"phone_nr\", \"address\", \"city\", \"birthdate\", \"final_date\", \"user_pid\", \"partner_pid\") VALUES ($1, $2, $3, $4, $5, $6, $7, $8, $9, $10) RETURNING \"id\", \"pid\", \"name\", \"email\", \"phone_nr\", \"address\", \"city\", \"birthdate\", \"final_date\", \"status\", \"user_pid\", \"parents_pid\", \"previous_partners\", \"children_pid\", \"partner_pid\", \"created_at\", \"updated_at\"\n" [3mrows_affected[0m[2m=[0m1 [3mrows_returned[0m[2m=[0m1 [3melapsed[0m[2m=[0m3.162956ms [3melapsed_secs[0m[2m=[0m0.003162956 [2m[3menvironment[0m[2m=[0mdevelopment[0m [2m[3mtask[0m[2m=[0m"seed_tree"[0m
[2m2026-02-08T13:57:19.470627Z[0m [32m INFO[0m [1mapp[0m:[1mtask[0m: [2mfamilyserver_backend::tasks::seed_graph[0m[2m:[0m Created medlem entry for Sverre Langgaard [2m[3menvironment[0m[2m=[0mdevelopment[0m [2m[3mtask[0m[2m=[0m"seed_tree"[0m
[2m2026-02-08T13:57:19.470676Z[0m [32m INFO[0m [1mapp[0m:[1mtask[0m: [2mfamilyserver_backend::tasks::seed_graph[0m[2m:[0m [INFO] Adding user as editor to medlem [2m[3menvironment[0m[2m=[0mdevelopment[0m [2m[3mtask[0m[2m=[0m"seed_tree"[0m
[2m2026-02-08T13:57:19.474632Z[0m [32m INFO[0m [1mapp[0m:[1mtask[0m: [2msqlx::query[0m[2m:[0m [3msummary[0m[2m=[0m"INSERT INTO \"medlem_editors\" (\"medlem_pid\", …" [3mdb.statement[0m[2m=[0m"\n\nINSERT INTO \"medlem_editors\" (\"medlem_pid\", \"user_pid\", \"role\") VALUES ($1, $2, $3) RETURNING \"id\", \"medlem_pid\", \"user_pid\", \"role\"\n" [3mrows_affected[0m[2m=[0m1 [3mrows_returned[0m[2m=[0m1 [3melapsed[0m[2m=[0m3.591639ms [3melapsed_secs[0m[2m=[0m0.003591639 [2m[3menvironment[0m[2m=[0mdevelopment[0m [2m[3mtask[0m[2m=[0m"seed_tree"[0m
[2m2026-02-08T13:57:19.474760Z[0m [32m INFO[0m [1mapp[0m:[1mtask[0m: [2mfamilyserver_backend::tasks::seed_graph[0m[2m:[0m User was added as editor for medlem [2m[3menvironment[0m[2m=[0mdevelopment[0m [2m[3mtask[0m[2m=[0m"seed_tree"[0m
[2m2026-02-08T13:57:19.475511Z[0m [32m INFO[0m [1mapp[0m:[1mtask[0m: [2msqlx::query[0m[2m:[0m [3msummary[0m[2m=[0m"SELECT \"medlem\".\"id\", \"medlem\".\"pid\", \"medlem\".\"name\", …" [3mdb.statement[0m[2m=[0m"\n\nSELECT \"medlem\".\"id\", \"medlem\".\"pid\", \"medlem\".\"name\", \"medlem\".\"email\", \"medlem\".\"phone_nr\", \"medlem\".\"address\", \"medlem\".\"city\", \"medlem\".\"birthdate\", \"medlem\".\"final_date\", \"medlem\".\"status\", \"medlem\".\"user_pid\", \"medlem\".\"parents_pid\", \"medlem\".\"previous_partners\", \"medlem\".\"children_pid\", \"medlem\".\"partner_pid\", \"medlem\".\"created_at\", \"medlem\".\"updated_at\" FROM \"medlem\" WHERE \"medlem\".\"name\" = $1 LIMIT $2\n" [3mrows_affected[0m[2m=[0m0 [3mrows_returned[0m[2m=[0m0 [3melapsed[0m[2m=[0m245.8µs [3melapsed_secs[0m[2m=[0m0.0002458 [2m[3menvironment[0m[2m=[0mdevelopment[0m [2m[3mtask[0m[2m=[0m"seed_tree"[0m
[2m2026-02-08T13:57:19.479067Z[0m [32m INFO[0m [1mapp[0m:[1mtask[0m: [2msqlx::query[0m[2m:[0m [3msummary[0m[2m=[0m"INSERT INTO \"medlem\" (\"pid\", …" [3mdb.statement[0m[2m=[0m"\n\nINSERT INTO \"medlem\" (\"pid\", \"name\", \"email\", \"phone_nr\", \"address\", \"city\", \"birthdate\", \"final_date\", \"user_pid\", \"partner_pid\") VALUES ($1, $2, $3, $4, $5, $6, $7, $8, $9, $10) RETURNING \"id\", \"pid\", \"name\", \"email\", \"phone_nr\", \"address\", \"city\", \"birthdate\", \"final_date\", \"status\", \"user_pid\", \"parents_pid\", \"previous_partners\", \"children_pid\", \"partner_pid\", \"created_at\", \"updated_at\"\n" [3mrows_affected[0m[2m=[0m1 [3mrows_returned[0m[2m=[0m1 [3melapsed[0m[2m=[0m3.103804ms [3melapsed_secs[0m[2m=[0m0.003103804 [2m[3menvironment[0m[2m=[0mdevelopment[0m [2m[3mtask[0m[2m=[0m"seed_tree"[0m
[2m2026-02-08T13:57:19.479235Z[0m [32m INFO[0m [1mapp[0m:[1mtask[0m: [2mfamilyserver_backend::tasks::seed_graph[0m[2m:[0m Created medlem entry for Livia Augsburg Langgaard [2m[3menvironment[0m[2m=[0mdevelopment[0m [2m[3mtask[0m[2m=[0m"seed_tree"[0m
[2m2026-02-08T13:57:19.479286Z[0m [31mERROR[0m [1mapp[0m:[1mtask[0m: [2mfamilyserver_backend::tasks::seed_graph[0m[2m:[0m [WARN] No user created for Livia Augsburg Langgaard, cannot add editor privileges [2m[3menvironment[0m[2m=[0mdevelopment[0m [2m[3mtask[0m[2m=[0m"seed_tree"[0m
[2m2026-02-08T13:57:19.480118Z[0m [32m INFO[0m [1mapp[0m:[1mtask[0m: [2msqlx::query[0m[2m:[0m [3msummary[0m[2m=[0m"SELECT \"medlem\".\"id\", \"medlem\".\"pid\", \"medlem\".\"name\", …" [3mdb.statement[0m[2m=[0m"\n\nSELECT \"medlem\".\"id\", \"medlem\".\"pid\", \"medlem\".\"name\", \"medlem\".\"email\", \"medlem\".\"phone_nr\", \"medlem\".\"address\", \"medlem\".\"city\", \"medlem\".\"birthdate\", \"medlem\".\"final_date\", \"medlem\".\"status\", \"medlem\".\"user_pid\", \"medlem\".\"parents_pid\", \"medlem\".\"previous_partners\", \"medlem\".\"children_pid\", \"medlem\".\"partner_pid\", \"medlem\".\"created_at\", \"medlem\".\"updated_at\" FROM \"medlem\" WHERE \"medlem\".\"name\" = $1 LIMIT $2\n" [3mrows_affected[0m[2m=[0m0 [3mrows_returned[0m[2m=[0m0 [3melapsed[0m[2m=[0m303.35µs [3melapsed_secs[0m[2m=[0m0.00030335 [2m[3menvironment[0m[2m=[0mdevelopment[0m [2m[3mtask[0m[2m=[0m"seed_tree"[0m
[2m2026-02-08T13:57:19.483615Z[0m [32m INFO[0m [1mapp[0m:[1mtask[0m: [2msqlx::query[0m[2m:[0m [3msummary[0m[2m=[0m"INSERT INTO \"medlem\" (\"pid\", …" [3mdb.statement[0m[2m=[0m"\n\nINSERT INTO \"medlem\" (\"pid\", \"name\", \"email\", \"phone_nr\", \"address\", \"city\", \"birthdate\", \"final_date\", \"user_pid\", \"partner_pid\") VALUES ($1, $2, $3, $4, $5, $6, $7, $8, $9, $10) RETURNING \"id\", \"pid\", \"name\", \"email\", \"phone_nr\", \"address\", \"city\", \"birthdate\", \"final_date\", \"status\", \"user_pid\", \"parents_pid\", \"previous_partners\", \"children_pid\", \"partner_pid\", \"created_at\", \"updated_at\"\n" [3mrows_affected[0m[2m=[0m1 [3mrows_returned[0m[2m=[0m1 [3melapsed[0m[2m=[0m3.092051ms [3melapsed_secs[0m[2m=[0m0.003092051 [2m[3menvironment[0m[2m=[0mdevelopment[0m [2m[3mtask[0m[2m=[0m"seed_tree"[0m
[2m2026-02-08T13:57:19.483796Z[0m [32m INFO[0m [1mapp[0m:[1mtask[0m: [2mfamilyserver_backend::tasks::seed_graph[0m[2m:[0m Created medlem entry for Elia Augsburg Langgaard [2m[3menvironment[0m[2m=[0mdevelopment[0m [2m[3mtask[0m[2m=[0m"seed_tree"[0m
[2m2026-02-08T13:57:19.483861Z[0m [31mERROR[0m [1mapp[0m:[1mtask[0m: [2mfamilyserver_backend::tasks::seed_graph[0m[2m:[0m [WARN] No user created for Elia Augsburg Langgaard, cannot add editor privileges [2m[3menvironment[0m[2m=[0mdevelopment[0m [2m[3mtask[0m[2m=[0m"seed_tree"[0m
[2m2026-02-08T13:57:19.484613Z[0m [32m INFO[0m [1mapp[0m:[1mtask[0m: [2msqlx::query[0m[2m:[0m [3msummary[0m[2m=[0m"SELECT \"medlem\".\"id\", \"medlem\".\"pid\", \"medlem\".\"name\", …" [3mdb.statement[0m[2m=[0m"\n\nSELECT \"medlem\".\"id\", \"medlem\".\"pid\", \"medlem\".\"name\", \"medlem\".\"email\", \"medlem\".\"phone_nr\", \"medlem\".\"address\", \"medlem\".\"city\", \"medlem\".\"birthdate\", \"medlem\".\"final_date\", \"medlem\".\"status\", \"medlem\".\"user_pid\", \"medlem\".\"parents_pid\", \"medlem\".\"previous_partners\", \"medlem\".\"children_pid\", \"medlem\".\"partner_pid\", \"medlem\".\"created_at\", \"medlem\".\"updated_at\" FROM \"medlem\" WHERE \"medlem\".\"name\" = $1 LIMIT $2\n" [3mrows_affected[0m[2m=[0m0 [3mrows_returned[0m[2m=[0m0 [3melapsed[0m[2m=[0m306.791µs [3melapsed_secs[0m[2m=[0m0.000306791 [2m[3menvironment[0m[2m=[0mdevelopment[0m [2m[3mtask[0m[2m=[0m"seed_tree"[0m
[2m2026-02-08T13:57:19.487955Z[0m [32m INFO[0m [1mapp[0m:[1mtask[0m: [2msqlx::query[0m[2m:[0m [3msummary[0m[2m=[0m"INSERT INTO \"medlem\" (\"pid\", …" [3mdb.statement[0m[2m=[0m"\n\nINSERT INTO \"medlem\" (\"pid\", \"name\", \"email\", \"phone_nr\", \"address\", \"city\", \"birthdate\", \"final_date\", \"user_pid\", \"partner_pid\") VALUES ($1, $2, $3, $4, $5, $6, $7, $8, $9, $10) RETURNING \"id\", \"pid\", \"name\", \"email\", \"phone_nr\", \"address\", \"city\", \"birthdate\", \"final_date\", \"status\", \"user_pid\", \"parents_pid\", \"previous_partners\", \"children_pid\", \"partner_pid\", \"created_at\", \"updated_at\"\n" [3mrows_affected[0m[2m=[0m1 [3mrows_returned[0m[2m=[0m1 [3melapsed[0m[2m=[0m2.905229ms [3melapsed_secs[0m[2m=[0m0.002905229 [2m[3menvironment[0m[2m=[0mdevelopment[0m [2m[3mtask[0m[2m=[0m"seed_tree"[0m
[2m2026-02-08T13:57:19.488134Z[0m [32m INFO[0m [1mapp[0m:[1mtask[0m: [2mfamilyserver_backend::tasks::seed_graph[0m[2m:[0m Created medlem entry for Norr Augsburg Langgaard [2m[3menvironment[0m[2m=[0mdevelopment[0m [2m[3mtask[0m[2m=[0m"seed_tree"[0m
[2m2026-02-08T13:57:19.488217Z[0m [31mERROR[0m [1mapp[0m:[1mtask[0m: [2mfamilyserver_backend::tasks::seed_graph[0m[2m:[0m [WARN] No user created for Norr Augsburg Langgaard, cannot add editor privileges [2m[3menvironment[0m[2m=[0mdevelopment[0m [2m[3mtask[0m[2m=[0m"seed_tree"[0m
[2m2026-02-08T13:57:19.489027Z[0m [32m INFO[0m [1mapp[0m:[1mtask[0m: [2msqlx::query[0m[2m:[0m [3msummary[0m[2m=[0m"SELECT \"medlem\".\"id\", \"medlem\".\"pid\", \"medlem\".\"name\", …" [3mdb.statement[0m[2m=[0m"\n\nSELECT \"medlem\".\"id\", \"medlem\".\"pid\", \"medlem\".\"name\", \"medlem\".\"email\", \"medlem\".\"phone_nr\", \"medlem\".\"address\", \"medlem\".\"city\", \"medlem\".\"birthdate\", \"medlem\".\"final_date\", \"medlem\".\"status\", \"medlem\".\"user_pid\", \"medlem\".\"parents_pid\", \"medlem\".\"previous_partners\", \"medlem\".\"children_pid\", \"medlem\".\"partner_pid\", \"medlem\".\"created_at\", \"medlem\".\"updated_at\" FROM \"medlem\" WHERE \"medlem\".\"name\" = $1 LIMIT $2\n" [3mrows_affected[0m[2m=[0m0 [3mrows_returned[0m[2m=[0m0 [3melapsed[0m[2m=[0m310.253µs [3melapsed_secs[0m[2m=[0m0.000310253 [2m[3menvironment[0m[2m=[0mdevelopment[0m [2m[3mtask[0m[2m=[0m"seed_tree"[0m
[2m2026-02-08T13:57:19.492500Z[0m [32m INFO[0m [1mapp[0m:[1mtask[0m: [2msqlx::query[0m[2m:[0m [3msummary[0m[2m=[0m"INSERT INTO \"medlem\" (\"pid\", …" [3mdb.statement[0m[2m=[0m"\n\nINSERT INTO \"medlem\" (\"pid\", \"name\", \"email\", \"phone_nr\", \"address\", \"city\", \"birthdate\", \"final_date\", \"user_pid\", \"partner_pid\") VALUES ($1, $2, $3, $4, $5, $6, $7, $8, $9, $10) RETURNING \"id\", \"pid\", \"name\", \"email\", \"phone_nr\", \"address\", \"city\", \"birthdate\", \"final_date\", \"status\", \"user_pid\", \"parents_pid\", \"previous_partners\", \"children_pid\", \"partner_pid\", \"created_at\", \"updated_at\"\n" [3mrows_affected[0m[2m=[0m1 [3mrows_returned[0m[2m=[0m1 [3melapsed[0m[2m=[0m3.110439ms [3melapsed_secs[0m[2m=[0m0.003110439 [2m[3menvironment[0m[2m=[0mdevelopment[0m [2m[3mtask[0m[2m=[0m"seed_tree"[0m
[2m2026-02-08T13:57:19.492668Z[0m [32m INFO[0m [1mapp[0m:[1mtask[0m: [2mfamilyserver_backend::tasks::seed_graph[0m[2m:[0m Created medlem entry for Pilou Augsburg Langgaard [2m[3menvironment[0m[2m=[0mdevelopment[0m [2m[3mtask[0m[2m=[0m"seed_tree"[0m
[2m2026-02-08T13:57:19.492734Z[0m [31mERROR[0m [1mapp[0m:[1mtask[0m: [2mfamilyserver_backend::tasks::seed_graph[0m[2m:[0m [WARN] No user created for Pilou Augsburg Langgaard, cannot add editor privileges [2m[3menvironment[0m[2m=[0mdevelopment[0m [2m[3mtask[0m[2m=[0m"seed_tree"[0m
[2m2026-02-08T13:57:19.493504Z[0m [32m INFO[0m [1mapp[0m:[1mtask[0m: [2msqlx::query[0m[2m:[0m [3msummary[0m[2m=[0m"SELECT \"medlem\".\"id\", \"medlem\".\"pid\", \"medlem\".\"name\", …" [3mdb.statement[0m[2m=[0m"\n\nSELECT \"medlem\".\"id\", \"medlem\".\"pid\", \"medlem\".\"name\", \"medlem\".\"email\", \"medlem\".\"phone_nr\", \"medlem\".\"address\", \"medlem\".\"city\", \"medlem\".\"birthdate\", \"medlem\".\"final_date\", \"medlem\".\"status\", \"medlem\".\"user_pid\", \"medlem\".\"parents_pid\", \"medlem\".\"previous_partners\", \"medlem\".\"children_pid\", \"medlem\".\"partner_pid\", \"medlem\".\"created_at\", \"medlem\".\"updated_at\" FROM \"medlem\" WHERE \"medlem\".\"name\" = $1 LIMIT $2\n" [3mrows_affected[0m[2m=[0m0 [3mrows_returned[0m[2m=[0m0 [3melapsed[0m[2m=[0m336.421µs [3melapsed_secs[0m[2m=[0m0.000336421 [2m[3menvironment[0m[2m=[0mdevelopment[0m [2m[3mtask[0m[2m=[0m"seed_tree"[0m
[2m2026-02-08T13:57:19.496845Z[0m [32m INFO[0m [1mapp[0m:[1mtask[0m: [2msqlx::query[0m[2m:[0m [3msummary[0m[2m=[0m"INSERT INTO \"medlem\" (\"pid\", …" [3mdb.statement[0m[2m=[0m"\n\nINSERT INTO \"medlem\" (\"pid\", \"name\", \"email\", \"phone_nr\", \"address\", \"city\", \"birthdate\", \"final_date\", \"user_pid\", \"partner_pid\") VALUES ($1, $2, $3, $4, $5, $6, $7, $8, $9, $10) RETURNING \"id\", \"pid\", \"name\", \"email\", \"phone_nr\", \"address\", \"city\", \"birthdate\", \"final_date\", \"status\", \"user_pid\", \"parents_pid\", \"previous_partners\", \"children_pid\", \"partner_pid\", \"created_at\", \"updated_at\"\n" [3mrows_affected[0m[2m=[0m1 [3mrows_returned[0m[2m=[0m1 [3melapsed[0m[2m=[0m2.881936ms [3melapsed_secs[0m[2m=[0m0.002881936 [2m[3menvironment[0m[2m=[0mdevelopment[0m [2m[3mtask[0m[2m=[0m"seed_tree"[0m
[2m2026-02-08T13:57:19.497033Z[0m [32m INFO[0m [1mapp[0m:[1mtask[0m: [2mfamilyserver_backend::tasks::seed_graph[0m[2m:[0m Created medlem entry for ~ Trine f. Apitz [2m[3menvironment[0m[2m=[0mdevelopment[0m [2m[3mtask[0m[2m=[0m"seed_tree"[0m
[2m2026-02-08T13:57:19.497081Z[0m [31mERROR[0m [1mapp[0m:[1mtask[0m: [2mfamilyserver_backend::tasks::seed_graph[0m[2m:[0m [WARN] No user created for ~ Trine f. Apitz, cannot add editor privileges [2m[3menvironment[0m[2m=[0mdevelopment[0m [2m[3mtask[0m[2m=[0m"seed_tree"[0m
[2m2026-02-08T13:57:19.497846Z[0m [32m INFO[0m [1mapp[0m:[1mtask[0m: [2msqlx::query[0m[2m:[0m [3msummary[0m[2m=[0m"SELECT \"user\".\"created_at\", \"user\".\"updated_at\", \"user\".\"id\", …" [3mdb.statement[0m[2m=[0m"\n\nSELECT \"user\".\"created_at\", \"user\".\"updated_at\", \"user\".\"id\", \"user\".\"pid\", \"user\".\"email\", \"user\".\"password\", \"user\".\"api_key\", \"user\".\"name\", \"user\".\"reset_token\", \"user\".\"reset_sent_at\", \"user\".\"magic_link_token\", \"user\".\"magic_link_token_expiration\" FROM \"user\" WHERE \"user\".\"name\" = $1 LIMIT $2\n" [3mrows_affected[0m[2m=[0m0 [3mrows_returned[0m[2m=[0m0 [3melapsed[0m[2m=[0m386.713µs [3melapsed_secs[0m[2m=[0m0.000386713 [2m[3menvironment[0m[2m=[0mdevelopment[0m [2m[3mtask[0m[2m=[0m"seed_tree"[0m
[2m2026-02-08T13:57:19.976866Z[0m [32m INFO[0m [1mapp[0m:[1mtask[0m: [2msqlx::query[0m[2m:[0m [3msummary[0m[2m=[0m"INSERT INTO \"user\" (\"pid\", …" [3mdb.statement[0m[2m=[0m"\n\nINSERT INTO \"user\" (\"pid\", \"email\", \"password\", \"api_key\", \"name\") VALUES ($1, $2, $3, $4, $5) RETURNING \"created_at\", \"updated_at\", \"id\", \"pid\", \"email\", \"password\", \"api_key\", \"name\", \"reset_token\", \"reset_sent_at\", \"magic_link_token\", \"magic_link_token_expiration\"\n" [3mrows_affected[0m[2m=[0m1 [3mrows_returned[0m[2m=[0m1 [3melapsed[0m[2m=[0m6.784721ms [3melapsed_secs[0m[2m=[0m0.006784721 [2m[3menvironment[0m[2m=[0mdevelopment[0m [2m[3mtask[0m[2m=[0m"seed_tree"[0m
[2m2026-02-08T13:57:19.977847Z[0m [32m INFO[0m [1mapp[0m:[1mtask[0m: [2msqlx::query[0m[2m:[0m [3msummary[0m[2m=[0m"SELECT \"medlem\".\"id\", \"medlem\".\"pid\", \"medlem\".\"name\", …" [3mdb.statement[0m[2m=[0m"\n\nSELECT \"medlem\".\"id\", \"medlem\".\"pid\", \"medlem\".\"name\", \"medlem\".\"email\", \"medlem\".\"phone_nr\", \"medlem\".\"address\", \"medlem\".\"city\", \"medlem\".\"birthdate\", \"medlem\".\"final_date\", \"medlem\".\"status\", \"medlem\".\"user_pid\", \"medlem\".\"parents_pid\", \"medlem\".\"previous_partners\", \"medlem\".\"children_pid\", \"medlem\".\"partner_pid\", \"medlem\".\"created_at\", \"medlem\".\"updated_at\" FROM \"medlem\" WHERE \"medlem\".\"name\" = $1 LIMIT $2\n" [3mrows_affected[0m[2m=[0m0 [3mrows_returned[0m[2m=[0m0 [3melapsed[0m[2m=[0m310.414µs [3melapsed_secs[0m[2m=[0m0.000310414 [2m[3menvironment[0m[2m=[0mdevelopment[0m [2m[3mtask[0m[2m=[0m"seed_tree"[0m
[2m2026-02-08T13:57:19.981599Z[0m [32m INFO[0m [1mapp[0m:[1mtask[0m: [2msqlx::query[0m[2m:[0m [3msummary[0m[2m=[0m"INSERT INTO \"medlem\" (\"pid\", …" [3mdb.statement[0m[2m=[0m"\n\nINSERT INTO \"medlem\" (\"pid\", \"name\", \"email\", \"phone_nr\", \"address\", \"city\", \"birthdate\", \"final_date\", \"user_pid\", \"partner_pid\") VALUES ($1, $2, $3, $4, $5, $6, $7, $8, $9, $10) RETURNING \"id\", \"pid\", \"name\", \"email\", \"phone_nr\", \"address\", \"city\", \"birthdate\", \"final_date\", \"status\", \"user_pid\", \"parents_pid\", \"previous_partners\", \"children_pid\", \"partner_pid\", \"created_at\", \"updated_at\"\n" [3mrows_affected[0m[2m=[0m1 [3mrows_returned[0m[2m=[0m1 [3melapsed[0m[2m=[0m3.208967ms [3melapsed_secs[0m[2m=[0m0.003208967 [2m[3menvironment[0m[2m=[0mdevelopment[0m [2m[3mtask[0m[2m=[0m"seed_tree"[0m
[2m2026-02-08T13:57:19.981810Z[0m [32m INFO[0m [1mapp[0m:[1mtask[0m: [2mfamilyserver_backend::tasks::seed_graph[0m[2m:[0m Created medlem entry for Thoke Wistoft [2m[3menvironment[0m[2m=[0mdevelopment[0m [2m[3mtask[0m[2m=[0m"seed_tree"[0m
[2m2026-02-08T13:57:19.981887Z[0m [32m INFO[0m [1mapp[0m:[1mtask[0m: [2mfamilyserver_backend::tasks::seed_graph[0m[2m:[0m [INFO] Adding user as editor to medlem [2m[3menvironment[0m[2m=[0mdevelopment[0m [2m[3mtask[0m[2m=[0m"seed_tree"[0m
[2m2026-02-08T13:57:19.985462Z[0m [32m INFO[0m [1mapp[0m:[1mtask[0m: [2msqlx::query[0m[2m:[0m [3msummary[0m[2m=[0m"INSERT INTO \"medlem_editors\" (\"medlem_pid\", …" [3mdb.statement[0m[2m=[0m"\n\nINSERT INTO \"medlem_editors\" (\"medlem_pid\", \"user_pid\", \"role\") VALUES ($1, $2, $3) RETURNING \"id\", \"medlem_pid\", \"user_pid\", \"role\"\n" [3mrows_affected[0m[2m=[0m1 [3mrows_returned[0m[2m=[0m1 [3melapsed[0m[2m=[0m3.152436ms [3melapsed_secs[0m[2m=[0m0.003152436 [2m[3menvironment[0m[2m=[0mdevelopment[0m [2m[3mtask[0m[2m=[0m"seed_tree"[0m
[2m2026-02-08T13:57:19.985599Z[0m [32m INFO[0m [1mapp[0m:[1mtask[0m: [2mfamilyserver_backend::tasks::seed_graph[0m[2m:[0m User was added as editor for medlem [2m[3menvironment[0m[2m=[0mdevelopment[0m [2m[3mtask[0m[2m=[0m"seed_tree"[0m
[2m2026-02-08T13:57:19.986341Z[0m [32m INFO[0m [1mapp[0m:[1mtask[0m: [2msqlx::query[0m[2m:[0m [3msummary[0m[2m=[0m"SELECT \"medlem\".\"id\", \"medlem\".\"pid\", \"medlem\".\"name\", …" [3mdb.statement[0m[2m=[0m"\n\nSELECT \"medlem\".\"id\", \"medlem\".\"pid\", \"medlem\".\"name\", \"medlem\".\"email\", \"medlem\".\"phone_nr\", \"medlem\".\"address\", \"medlem\".\"city\", \"medlem\".\"birthdate\", \"medlem\".\"final_date\", \"medlem\".\"status\", \"medlem\".\"user_pid\", \"medlem\".\"parents_pid\", \"medlem\".\"previous_partners\", \"medlem\".\"children_pid\", \"medlem\".\"partner_pid\", \"medlem\".\"created_at\", \"medlem\".\"updated_at\" FROM \"medlem\" WHERE \"medlem\".\"name\" = $1 LIMIT $2\n" [3mrows_affected[0m[2m=[0m0 [3mrows_returned[0m[2m=[0m0 [3melapsed[0m[2m=[0m254.767µs [3melapsed_secs[0m[2m=[0m0.000254767 [2m[3menvironment[0m[2m=[0mdevelopment[0m [2m[3mtask[0m[2m=[0m"seed_tree"[0m
[2m2026-02-08T13:57:19.989726Z[0m [32m INFO[0m [1mapp[0m:[1mtask[0m: [2msqlx::query[0m[2m:[0m [3msummary[0m[2m=[0m"INSERT INTO \"medlem\" (\"pid\", …" [3mdb.statement[0m[2m=[0m"\n\nINSERT INTO \"medlem\" (\"pid\", \"name\", \"email\", \"phone_nr\", \"address\", \"city\", \"birthdate\", \"final_date\", \"user_pid\", \"partner_pid\") VALUES ($1, $2, $3, $4, $5, $6, $7, $8, $9, $10) RETURNING \"id\", \"pid\", \"name\", \"email\", \"phone_nr\", \"address\", \"city\", \"birthdate\", \"final_date\", \"status\", \"user_pid\", \"parents_pid\", \"previous_partners\", \"children_pid\", \"partner_pid\", \"created_at\", \"updated_at\"\n" [3mrows_affected[0m[2m=[0m1 [3mrows_returned[0m[2m=[0m1 [3melapsed[0m[2m=[0m2.930104ms [3melapsed_secs[0m[2m=[0m0.002930104 [2m[3menvironment[0m[2m=[0mdevelopment[0m [2m[3mtask[0m[2m=[0m"seed_tree"[0m
[2m2026-02-08T13:57:19.989913Z[0m [32m INFO[0m [1mapp[0m:[1mtask[0m: [2mfamilyserver_backend::tasks::seed_graph[0m[2m:[0m Created medlem entry for Mikkel Wistoft [2m[3menvironment[0m[2m=[0mdevelopment[0m [2m[3mtask[0m[2m=[0m"seed_tree"[0m
[2m2026-02-08T13:57:19.989966Z[0m [31mERROR[0m [1mapp[0m:[1mtask[0m: [2mfamilyserver_backend::tasks::seed_graph[0m[2m:[0m [WARN] No user created for Mikkel Wistoft, cannot add editor privileges [2m[3menvironment[0m[2m=[0mdevelopment[0m [2m[3mtask[0m[2m=[0m"seed_tree"[0m
[2m2026-02-08T13:57:19.990633Z[0m [32m INFO[0m [1mapp[0m:[1mtask[0m: [2msqlx::query[0m[2m:[0m [3msummary[0m[2m=[0m"SELECT \"medlem\".\"id\", \"medlem\".\"pid\", \"medlem\".\"name\", …" [3mdb.statement[0m[2m=[0m"\n\nSELECT \"medlem\".\"id\", \"medlem\".\"pid\", \"medlem\".\"name\", \"medlem\".\"email\", \"medlem\".\"phone_nr\", \"medlem\".\"address\", \"medlem\".\"city\", \"medlem\".\"birthdate\", \"medlem\".\"final_date\", \"medlem\".\"status\", \"medlem\".\"user_pid\", \"medlem\".\"parents_pid\", \"medlem\".\"previous_partners\", \"medlem\".\"children_pid\", \"medlem\".\"partner_pid\", \"medlem\".\"created_at\", \"medlem\".\"updated_at\" FROM \"medlem\" WHERE \"medlem\".\"name\" = $1 LIMIT $2\n" [3mrows_affected[0m[2m=[0m0 [3mrows_returned[0m[2m=[0m0 [3melapsed[0m[2m=[0m274.396µs [3melapsed_secs[0m[2m=[0m0.000274396 [2m[3menvironment[0m[2m=[0mdevelopment[0m [2m[3mtask[0m[2m=[0m"seed_tree"[0m
[2m2026-02-08T13:57:19.994085Z[0m [32m INFO[0m [1mapp[0m:[1mtask[0m: [2msqlx::query[0m[2m:[0m [3msummary[0m[2m=[0m"INSERT INTO \"medlem\" (\"pid\", …" [3mdb.statement[0m[2m=[0m"\n\nINSERT INTO \"medlem\" (\"pid\", \"name\", \"email\", \"phone_nr\", \"address\", \"city\", \"birthdate\", \"final_date\", \"user_pid\", \"partner_pid\") VALUES ($1, $2, $3, $4, $5, $6, $7, $8, $9, $10) RETURNING \"id\", \"pid\", \"name\", \"email\", \"phone_nr\", \"address\", \"city\", \"birthdate\", \"final_date\", \"status\", \"user_pid\", \"parents_pid\", \"previous_partners\", \"children_pid\", \"partner_pid\", \"created_at\", \"updated_at\"\n" [3mrows_affected[0m[2m=[0m1 [3mrows_returned[0m[2m=[0m1 [3melapsed[0m[2m=[0m3.058796ms [3melapsed_secs[0m[2m=[0m0.003058796 [2m[3menvironment[0m[2m=[0mdevelopment[0m [2m[3mtask[0m[2m=[0m"seed_tree"[0m
[2m2026-02-08T13:57:19.994269Z[0m [32m INFO[0m [1mapp[0m:[1mtask[0m: [2mfamilyserver_backend::tasks::seed_graph[0m[2m:[0m Created medlem entry for Rune Wistoft [2m[3menvironment[0m[2m=[0mdevelopment[0m [2m[3mtask[0m[2m=[0m"seed_tree"[0m
[2m2026-02-08T13:57:19.994322Z[0m [31mERROR[0m [1mapp[0m:[1mtask[0m: [2mfamilyserver_backend::tasks::seed_graph[0m[2m:[0m [WARN] No user created for Rune Wistoft, cannot add editor privileges [2m[3menvironment[0m[2m=[0mdevelopment[0m [2m[3mtask[0m[2m=[0m"seed_tree"[0m
[2m2026-02-08T13:57:19.995122Z[0m [32m INFO[0m [1mapp[0m:[1mtask[0m: [2msqlx::query[0m[2m:[0m [3msummary[0m[2m=[0m"SELECT \"medlem\".\"id\", \"medlem\".\"pid\", \"medlem\".\"name\", …" [3mdb.statement[0m[2m=[0m"\n\nSELECT \"medlem\".\"id\", \"medlem\".\"pid\", \"medlem\".\"name\", \"medlem\".\"email\", \"medlem\".\"phone_nr\", \"medlem\".\"address\", \"medlem\".\"city\", \"medlem\".\"birthdate\", \"medlem\".\"final_date\", \"medlem\".\"status\", \"medlem\".\"user_pid\", \"medlem\".\"parents_pid\", \"medlem\".\"previous_partners\", \"medlem\".\"children_pid\", \"medlem\".\"partner_pid\", \"medlem\".\"created_at\", \"medlem\".\"updated_at\" FROM \"medlem\" WHERE \"medlem\".\"name\" = $1 LIMIT $2\n" [3mrows_affected[0m[2m=[0m0 [3mrows_returned[0m[2m=[0m0 [3melapsed[0m[2m=[0m282.411µs [3melapsed_secs[0m[2m=[0m0.000282411 [2m[3menvironment[0m[2m=[0mdevelopment[0m [2m[3mtask[0m[2m=[0m"seed_tree"[0m
[2m2026-02-08T13:57:19.998725Z[0m [32m INFO[0m [1mapp[0m:[1mtask[0m: [2msqlx::query[0m[2m:[0m [3msummary[0m[2m=[0m"INSERT INTO \"medlem\" (\"pid\", …" [3mdb.statement[0m[2m=[0m"\n\nINSERT INTO \"medlem\" (\"pid\", \"name\", \"email\", \"phone_nr\", \"address\", \"city\", \"birthdate\", \"final_date\", \"user_pid\", \"partner_pid\") VALUES ($1, $2, $3, $4, $5, $6, $7, $8, $9, $10) RETURNING \"id\", \"pid\", \"name\", \"email\", \"phone_nr\", \"address\", \"city\", \"birthdate\", \"final_date\", \"status\", \"user_pid\", \"parents_pid\", \"previous_partners\", \"children_pid\", \"partner_pid\", \"created_at\", \"updated_at\"\n" [3mrows_affected[0m[2m=[0m1 [3mrows_returned[0m[2m=[0m1 [3melapsed[0m[2m=[0m3.060044ms [3melapsed_secs[0m[2m=[0m0.003060044 [2m[3menvironment[0m[2m=[0mdevelopment[0m [2m[3mtask[0m[2m=[0m"seed_tree"[0m
[2m2026-02-08T13:57:19.998920Z[0m [32m INFO[0m [1mapp[0m:[1mtask[0m: [2mfamilyserver_backend::tasks::seed_graph[0m[2m:[0m Created medlem entry for ~ Ivar Vestergaard [2m[3menvironment[0m[2m=[0mdevelopment[0m [2m[3mtask[0m[2m=[0m"seed_tree"[0m
[2m2026-02-08T13:57:19.999002Z[0m [31mERROR[0m [1mapp[0m:[1mtask[0m: [2mfamilyserver_backend::tasks::seed_graph[0m[2m:[0m [WARN] No user created for ~ Ivar Vestergaard, cannot add editor privileges [2m[3menvironment[0m[2m=[0mdevelopment[0m [2m[3mtask[0m[2m=[0m"seed_tree"[0m
[2m2026-02-08T13:57:19.999743Z[0m [32m INFO[0m [1mapp[0m:[1mtask[0m: [2msqlx::query[0m[2m:[0m [3msummary[0m[2m=[0m"SELECT \"medlem\".\"id\", \"medlem\".\"pid\", \"medlem\".\"name\", …" [3mdb.statement[0m[2m=[0m"\n\nSELECT \"medlem\".\"id\", \"medlem\".\"pid\", \"medlem\".\"name\", \"medlem\".\"email\", \"medlem\".\"phone_nr\", \"medlem\".\"address\", \"medlem\".\"city\", \"medlem\".\"birthdate\", \"medlem\".\"final_date\", \"medlem\".\"status\", \"medlem\".\"user_pid\", \"medlem\".\"parents_pid\", \"medlem\".\"previous_partners\", \"medlem\".\"children_pid\", \"medlem\".\"partner_pid\", \"medlem\".\"created_at\", \"medlem\".\"updated_at\" FROM \"medlem\" WHERE \"medlem\".\"name\" = $1 LIMIT $2\n" [3mrows_affected[0m[2m=[0m0 [3mrows_returned[0m[2m=[0m0 [3melapsed[0m[2m=[0m307.377µs [3melapsed_secs[0m[2m=[0m0.000307377 [2m[3menvironment[0m[2m=[0mdevelopment[0m [2m[3mtask[0m[2m=[0m"seed_tree"[0m
[2m2026-02-08T13:57:20.003083Z[0m [32m INFO[0m [1mapp[0m:[1mtask[0m: [2msqlx::query[0m[2m:[0m [3msummary[0m[2m=[0m"INSERT INTO \"medlem\" (\"pid\", …" [3mdb.statement[0m[2m=[0m"\n\nINSERT INTO \"medlem\" (\"pid\", \"name\", \"email\", \"phone_nr\", \"address\", \"city\", \"birthdate\", \"final_date\", \"user_pid\", \"partner_pid\") VALUES ($1, $2, $3, $4, $5, $6, $7, $8, $9, $10) RETURNING \"id\", \"pid\", \"name\", \"email\", \"phone_nr\", \"address\", \"city\", \"birthdate\", \"final_date\", \"status\", \"user_pid\", \"parents_pid\", \"previous_partners\", \"children_pid\", \"partner_pid\", \"created_at\", \"updated_at\"\n" [3mrows_affected[0m[2m=[0m1 [3mrows_returned[0m[2m=[0m1 [3melapsed[0m[2m=[0m2.93317ms [3melapsed_secs[0m[2m=[0m0.00293317 [2m[3menvironment[0m[2m=[0mdevelopment[0m [2m[3mtask[0m[2m=[0m"seed_tree"[0m
[2m2026-02-08T13:57:20.003263Z[0m [32m INFO[0m [1mapp[0m:[1mtask[0m: [2mfamilyserver_backend::tasks::seed_graph[0m[2m:[0m Created medlem entry for Karen Margrethe f. Wistoft [2m[3menvironment[0m[2m=[0mdevelopment[0m [2m[3mtask[0m[2m=[0m"seed_tree"[0m
[2m2026-02-08T13:57:20.003324Z[0m [31mERROR[0m [1mapp[0m:[1mtask[0m: [2mfamilyserver_backend::tasks::seed_graph[0m[2m:[0m [WARN] No user created for Karen Margrethe f. Wistoft, cannot add editor privileges [2m[3menvironment[0m[2m=[0mdevelopment[0m [2m[3mtask[0m[2m=[0m"seed_tree"[0m
[2m2026-02-08T13:57:20.004523Z[0m [32m INFO[0m [1mapp[0m:[1mtask[0m: [2msqlx::query[0m[2m:[0m [3msummary[0m[2m=[0m"SELECT \"user\".\"created_at\", \"user\".\"updated_at\", \"user\".\"id\", …" [3mdb.statement[0m[2m=[0m"\n\nSELECT \"user\".\"created_at\", \"user\".\"updated_at\", \"user\".\"id\", \"user\".\"pid\", \"user\".\"email\", \"user\".\"password\", \"user\".\"api_key\", \"user\".\"name\", \"user\".\"reset_token\", \"user\".\"reset_sent_at\", \"user\".\"magic_link_token\", \"user\".\"magic_link_token_expiration\" FROM \"user\" WHERE \"user\".\"name\" = $1 LIMIT $2\n" [3mrows_affected[0m[2m=[0m0 [3mrows_returned[0m[2m=[0m0 [3melapsed[0m[2m=[0m708.912µs [3melapsed_secs[0m[2m=[0m0.000708912 [2m[3menvironment[0m[2m=[0mdevelopment[0m [2m[3mtask[0m[2m=[0m"seed_tree"[0m
[2m2026-02-08T13:57:20.483466Z[0m [32m INFO[0m [1mapp[0m:[1mtask[0m: [2msqlx::query[0m[2m:[0m [3msummary[0m[2m=[0m"INSERT INTO \"user\" (\"pid\", …" [3mdb.statement[0m[2m=[0m"\n\nINSERT INTO \"user\" (\"pid\", \"email\", \"password\", \"api_key\", \"name\") VALUES ($1, $2, $3, $4, $5) RETURNING \"created_at\", \"updated_at\", \"id\", \"pid\", \"email\", \"password\", \"api_key\", \"name\", \"reset_token\", \"reset_sent_at\", \"magic_link_token\", \"magic_link_token_expiration\"\n" [3mrows_affected[0m[2m=[0m1 [3mrows_returned[0m[2m=[0m1 [3melapsed[0m[2m=[0m7.136177ms [3melapsed_secs[0m[2m=[0m0.007136177 [2m[3menvironment[0m[2m=[0mdevelopment[0m [2m[3mtask[0m[2m=[0m"seed_tree"[0m
[2m2026-02-08T13:57:20.484432Z[0m [32m INFO[0m [1mapp[0m:[1mtask[0m: [2msqlx::query[0m[2m:[0m [3msummary[0m[2m=[0m"SELECT \"medlem\".\"id\", \"medlem\".\"pid\", \"medlem\".\"name\", …" [3mdb.statement[0m[2m=[0m"\n\nSELECT \"medlem\".\"id\", \"medlem\".\"pid\", \"medlem\".\"name\", \"medlem\".\"email\", \"medlem\".\"phone_nr\", \"medlem\".\"address\", \"medlem\".\"city\", \"medlem\".\"birthdate\", \"medlem\".\"final_date\", \"medlem\".\"status\", \"medlem\".\"user_pid\", \"medlem\".\"parents_pid\", \"medlem\".\"previous_partners\", \"medlem\".\"children_pid\", \"medlem\".\"partner_pid\", \"medlem\".\"created_at\", \"medlem\".\"updated_at\" FROM \"medlem\" WHERE \"medlem\".\"name\" = $1 LIMIT $2\n" [3mrows_affected[0m[2m=[0m0 [3mrows_returned[0m[2m=[0m0 [3melapsed[0m[2m=[0m287.878µs [3melapsed_secs[0m[2m=[0m0.000287878 [2m[3menvironment[0m[2m=[0mdevelopment[0m [2m[3mtask[0m[2m=[0m"seed_tree"[0m
[2m2026-02-08T13:57:20.488459Z[0m [32m INFO[0m [1mapp[0m:[1mtask[0m: [2msqlx::query[0m[2m:[0m [3msummary[0m[2m=[0m"INSERT INTO \"medlem\" (\"pid\", …" [3mdb.statement[0m[2m=[0m"\n\nINSERT INTO \"medlem\" (\"pid\", \"name\", \"email\", \"phone_nr\", \"address\", \"city\", \"birthdate\", \"final_date\", \"user_pid\", \"partner_pid\") VALUES ($1, $2, $3, $4, $5, $6, $7, $8, $9, $10) RETURNING \"id\", \"pid\", \"name\", \"email\", \"phone_nr\", \"address\", \"city\", \"birthdate\", \"final_date\", \"status\", \"user_pid\", \"parents_pid\", \"previous_partners\", \"children_pid\", \"partner_pid\", \"created_at\", \"updated_at\"\n" [3mrows_affected[0m[2m=[0m1 [3mrows_returned[0m[2m=[0m1 [3melapsed[0m[2m=[0m3.529211ms [3melapsed_secs[0m[2m=[0m0.003529211 [2m[3menvironment[0m[2m=[0mdevelopment[0m [2m[3mtask[0m[2m=[0m"seed_tree"[0m
[2m2026-02-08T13:57:20.488653Z[0m [32m INFO[0m [1mapp[0m:[1mtask[0m: [2mfamilyserver_backend::tasks::seed_graph[0m[2m:[0m Created medlem entry for ~ Olí Thorgeirson [2m[3menvironment[0m[2m=[0mdevelopment[0m [2m[3mtask[0m[2m=[0m"seed_tree"[0m
[2m2026-02-08T13:57:20.488703Z[0m [32m INFO[0m [1mapp[0m:[1mtask[0m: [2mfamilyserver_backend::tasks::seed_graph[0m[2m:[0m [INFO] Adding user as editor to medlem [2m[3menvironment[0m[2m=[0mdevelopment[0m [2m[3mtask[0m[2m=[0m"seed_tree"[0m
[2m2026-02-08T13:57:20.492831Z[0m [32m INFO[0m [1mapp[0m:[1mtask[0m: [2msqlx::query[0m[2m:[0m [3msummary[0m[2m=[0m"INSERT INTO \"medlem_editors\" (\"medlem_pid\", …" [3mdb.statement[0m[2m=[0m"\n\nINSERT INTO \"medlem_editors\" (\"medlem_pid\", \"user_pid\", \"role\") VALUES ($1, $2, $3) RETURNING \"id\", \"medlem_pid\", \"user_pid\", \"role\"\n" [3mrows_affected[0m[2m=[0m1 [3mrows_returned[0m[2m=[0m1 [3melapsed[0m[2m=[0m3.748011ms [3melapsed_secs[0m[2m=[0m0.003748011 [2m[3menvironment[0m[2m=[0mdevelopment[0m [2m[3mtask[0m[2m=[0m"seed_tree"[0m
[2m2026-02-08T13:57:20.492996Z[0m [32m INFO[0m [1mapp[0m:[1mtask[0m: [2mfamilyserver_backend::tasks::seed_graph[0m[2m:[0m User was added as editor for medlem [2m[3menvironment[0m[2m=[0mdevelopment[0m [2m[3mtask[0m[2m=[0m"seed_tree"[0m
[2m2026-02-08T13:57:20.493782Z[0m [32m INFO[0m [1mapp[0m:[1mtask[0m: [2msqlx::query[0m[2m:[0m [3msummary[0m[2m=[0m"SELECT \"user\".\"created_at\", \"user\".\"updated_at\", \"user\".\"id\", …" [3mdb.statement[0m[2m=[0m"\n\nSELECT \"user\".\"created_at\", \"user\".\"updated_at\", \"user\".\"id\", \"user\".\"pid\", \"user\".\"email\", \"user\".\"password\", \"user\".\"api_key\", \"user\".\"name\", \"user\".\"reset_token\", \"user\".\"reset_sent_at\", \"user\".\"magic_link_token\", \"user\".\"magic_link_token_expiration\" FROM \"user\" WHERE \"user\".\"name\" = $1 LIMIT $2\n" [3mrows_affected[0m[2m=[0m0 [3mrows_returned[0m[2m=[0m0 [3melapsed[0m[2m=[0m345.135µs [3melapsed_secs[0m[2m=[0m0.000345135 [2m[3menvironment[0m[2m=[0mdevelopment[0m [2m[3mtask[0m[2m=[0m"seed_tree"[0m
[2m2026-02-08T13:57:20.967705Z[0m [32m INFO[0m [1mapp[0m:[1mtask[0m: [2msqlx::query[0m[2m:[0m [3msummary[0m[2m=[0m"INSERT INTO \"user\" (\"pid\", …" [3mdb.statement[0m[2m=[0m"\n\nINSERT INTO \"user\" (\"pid\", \"email\", \"password\", \"api_key\", \"name\") VALUES ($1, $2, $3, $4, $5) RETURNING \"created_at\", \"updated_at\", \"id\", \"pid\", \"email\", \"password\", \"api_key\", \"name\", \"reset_token\", \"reset_sent_at\", \"magic_link_token\", \"magic_link_token_expiration\"\n" [3mrows_affected[0m[2m=[0m1 [3mrows_returned[0m[2m=[0m1 [3melapsed[0m[2m=[0m6.629792ms [3melapsed_secs[0m[2m=[0m0.006629792 [2m[3menvironment[0m[2m=[0mdevelopment[0m [2m[3mtask[0m[2m=[0m"seed_tree"[0m
[2m2026-02-08T13:57:20.968600Z[0m [32m INFO[0m [1mapp[0m:[1mtask[0m: [2msqlx::query[0m[2m:[0m [3msummary[0m[2m=[0m"SELECT \"medlem\".\"id\", \"medlem\".\"pid\", \"medlem\".\"name\", …" [3mdb.statement[0m[2m=[0m"\n\nSELECT \"medlem\".\"id\", \"medlem\".\"pid\", \"medlem\".\"name\", \"medlem\".\"email\", \"medlem\".\"phone_nr\", \"medlem\".\"address\", \"medlem\".\"city\", \"medlem\".\"birthdate\", \"medlem\".\"final_date\", \"medlem\".\"status\", \"medlem\".\"user_pid\", \"medlem\".\"parents_pid\", \"medlem\".\"previous_partners\", \"medlem\".\"children_pid\", \"medlem\".\"partner_pid\", \"medlem\".\"created_at\", \"medlem\".\"updated_at\" FROM \"medlem\" WHERE \"medlem\".\"name\" = $1 LIMIT $2\n" [3mrows_affected[0m[2m=[0m0 [3mrows_returned[0m[2m=[0m0 [3melapsed[0m[2m=[0m302.897µs [3melapsed_secs[0m[2m=[0m0.000302897 [2m[3menvironment[0m[2m=[0mdevelopment[0m [2m[3mtask[0m[2m=[0m"seed_tree"[0m
[2m2026-02-08T13:57:20.972266Z[0m [32m INFO[0m [1mapp[0m:[1mtask[0m: [2msqlx::query[0m[2m:[0m [3msummary[0m[2m=[0m"INSERT INTO \"medlem\" (\"pid\", …" [3mdb.statement[0m[2m=[0m"\n\nINSERT INTO \"medlem\" (\"pid\", \"name\", \"email\", \"phone_nr\", \"address\", \"city\", \"birthdate\", \"final_date\", \"user_pid\", \"partner_pid\") VALUES ($1, $2, $3, $4, $5, $6, $7, $8, $9, $10) RETURNING \"id\", \"pid\", \"name\", \"email\", \"phone_nr\", \"address\", \"city\", \"birthdate\", \"final_date\", \"status\", \"user_pid\", \"parents_pid\", \"previous_partners\", \"children_pid\", \"partner_pid\", \"created_at\", \"updated_at\"\n" [3mrows_affected[0m[2m=[0m1 [3mrows_returned[0m[2m=[0m1 [3melapsed[0m[2m=[0m3.168739ms [3melapsed_secs[0m[2m=[0m0.003168739 [2m[3menvironment[0m[2m=[0mdevelopment[0m [2m[3mtask[0m[2m=[0m"seed_tree"[0m
[2m2026-02-08T13:57:20.972460Z[0m [32m INFO[0m [1mapp[0m:[1mtask[0m: [2mfamilyserver_backend::tasks::seed_graph[0m[2m:[0m Created medlem entry for Bodil Wistoft Vestergaard [2m[3menvironment[0m[2m=[0mdevelopment[0m [2m[3mtask[0m[2m=[0m"seed_tree"[0m
[2m2026-02-08T13:57:20.972505Z[0m [32m INFO[0m [1mapp[0m:[1mtask[0m: [2mfamilyserver_backend::tasks::seed_graph[0m[2m:[0m [INFO] Adding user as editor to medlem [2m[3menvironment[0m[2m=[0mdevelopment[0m [2m[3mtask[0m[2m=[0m"seed_tree"[0m
[2m2026-02-08T13:57:20.975878Z[0m [32m INFO[0m [1mapp[0m:[1mtask[0m: [2msqlx::query[0m[2m:[0m [3msummary[0m[2m=[0m"INSERT INTO \"medlem_editors\" (\"medlem_pid\", …" [3mdb.statement[0m[2m=[0m"\n\nINSERT INTO \"medlem_editors\" (\"medlem_pid\", \"user_pid\", \"role\") VALUES ($1, $2, $3) RETURNING \"id\", \"medlem_pid\", \"user_pid\", \"role\"\n" [3mrows_affected[0m[2m=[0m1 [3mrows_returned[0m[2m=[0m1 [3melapsed[0m[2m=[0m2.950821ms [3melapsed_secs[0m[2m=[0m0.002950821 [2m[3menvironment[0m[2m=[0mdevelopment[0m [2m[3mtask[0m[2m=[0m"seed_tree"[0m
[2m2026-02-08T13:57:20.976012Z[0m [32m INFO[0m [1mapp[0m:[1mtask[0m: [2mfamilyserver_backend::tasks::seed_graph[0m[2m:[0m User was added as editor for medlem [2m[3menvironment[0m[2m=[0mdevelopment[0m [2m[3mtask[0m[2m=[0m"seed_tree"[0m
[2m2026-02-08T13:57:20.976903Z[0m [32m INFO[0m [1mapp[0m:[1mtask[0m: [2msqlx::query[0m[2m:[0m [3msummary[0m[2m=[0m"SELECT \"user\".\"created_at\", \"user\".\"updated_at\", \"user\".\"id\", …" [3mdb.statement[0m[2m=[0m"\n\nSELECT \"user\".\"created_at\", \"user\".\"updated_at\", \"user\".\"id\", \"user\".\"pid\", \"user\".\"email\", \"user\".\"password\", \"user\".\"api_key\", \"user\".\"name\", \"user\".\"reset_token\", \"user\".\"reset_sent_at\", \"user\".\"magic_link_token\", \"user\".\"magic_link_token_expiration\" FROM \"user\" WHERE \"user\".\"name\" = $1 LIMIT $2\n" [3mrows_affected[0m[2m=[0m0 [3mrows_returned[0m[2m=[0m0 [3melapsed[0m[2m=[0m452.382µs [3melapsed_secs[0m[2m=[0m0.000452382 [2m[3menvironment[0m[2m=[0mdevelopment[0m [2m[3mtask[0m[2m=[0m"seed_tree"[0m
[2m2026-02-08T13:57:21.455893Z[0m [32m INFO[0m [1mapp[0m:[1mtask[0m: [2msqlx::query[0m[2m:[0m [3msummary[0m[2m=[0m"INSERT INTO \"user\" (\"pid\", …" [3mdb.statement[0m[2m=[0m"\n\nINSERT INTO \"user\" (\"pid\", \"email\", \"password\", \"api_key\", \"name\") VALUES ($1, $2, $3, $4, $5) RETURNING \"created_at\", \"updated_at\", \"id\", \"pid\", \"email\", \"password\", \"api_key\", \"name\", \"reset_token\", \"reset_sent_at\", \"magic_link_token\", \"magic_link_token_expiration\"\n" [3mrows_affected[0m[2m=[0m1 [3mrows_returned[0m[2m=[0m1 [3melapsed[0m[2m=[0m6.601678ms [3melapsed_secs[0m[2m=[0m0.006601678 [2m[3menvironment[0m[2m=[0mdevelopment[0m [2m[3mtask[0m[2m=[0m"seed_tree"[0m
[2m2026-02-08T13:57:21.456868Z[0m [32m INFO[0m [1mapp[0m:[1mtask[0m: [2msqlx::query[0m[2m:[0m [3msummary[0m[2m=[0m"SELECT \"medlem\".\"id\", \"medlem\".\"pid\", \"medlem\".\"name\", …" [3mdb.statement[0m[2m=[0m"\n\nSELECT \"medlem\".\"id\", \"medlem\".\"pid\", \"medlem\".\"name\", \"medlem\".\"email\", \"medlem\".\"phone_nr\", \"medlem\".\"address\", \"medlem\".\"city\", \"medlem\".\"birthdate\", \"medlem\".\"final_date\", \"medlem\".\"status\", \"medlem\".\"user_pid\", \"medlem\".\"parents_pid\", \"medlem\".\"previous_partners\", \"medlem\".\"children_pid\", \"medlem\".\"partner_pid\", \"medlem\".\"created_at\", \"medlem\".\"updated_at\" FROM \"medlem\" WHERE \"medlem\".\"name\" = $1 LIMIT $2\n" [3mrows_affected[0m[2m=[0m0 [3mrows_returned[0m[2m=[0m0 [3melapsed[0m[2m=[0m336.173µs [3melapsed_secs[0m[2m=[0m0.000336173 [2m[3menvironment[0m[2m=[0mdevelopment[0m [2m[3mtask[0m[2m=[0m"seed_tree"[0m
[2m2026-02-08T13:57:21.460523Z[0m [32m INFO[0m [1mapp[0m:[1mtask[0m: [2msqlx::query[0m[2m:[0m [3msummary[0m[2m=[0m"INSERT INTO \"medlem\" (\"pid\", …" [3mdb.statement[0m[2m=[0m"\n\nINSERT INTO \"medlem\" (\"pid\", \"name\", \"email\", \"phone_nr\", \"address\", \"city\", \"birthdate\", \"final_date\", \"user_pid\", \"partner_pid\") VALUES ($1, $2, $3, $4, $5, $6, $7, $8, $9, $10) RETURNING \"id\", \"pid\", \"name\", \"email\", \"phone_nr\", \"address\", \"city\", \"birthdate\", \"final_date\", \"status\", \"user_pid\", \"parents_pid\", \"previous_partners\", \"children_pid\", \"partner_pid\", \"created_at\", \"updated_at\"\n" [3mrows_affected[0m[2m=[0m1 [3mrows_returned[0m[2m=[0m1 [3melapsed[0m[2m=[0m3.241188ms [3melapsed_secs[0m[2m=[0m0.003241188 [2m[3menvironment[0m[2m=[0mdevelopment[0m [2m[3mtask[0m[2m=[0m"seed_tree"[0m
[2m2026-02-08T13:57:21.460703Z[0m [32m INFO[0m [1mapp[0m:[1mtask[0m: [2mfamilyserver_backend::tasks::seed_graph[0m[2m:[0m Created medlem entry for Jakob Vestergaard Olason [2m[3menvironment[0m[2m=[0mdevelopment[0m [2m[3mtask[0m[2m=[0m"seed_tree"[0m
[2m2026-02-08T13:57:21.460782Z[0m [32m INFO[0m [1mapp[0m:[1mtask[0m: [2mfamilyserver_backend::tasks::seed_graph[0m[2m:[0m [INFO] Adding user as editor to medlem [2m[3menvironment[0m[2m=[0mdevelopment[0m [2m[3mtask[0m[2m=[0m"seed_tree"[0m
[2m2026-02-08T13:57:21.464446Z[0m [32m INFO[0m [1mapp[0m:[1mtask[0m: [2msqlx::query[0m[2m:[0m [3msummary[0m[2m=[0m"INSERT INTO \"medlem_editors\" (\"medlem_pid\", …" [3mdb.statement[0m[2m=[0m"\n\nINSERT INTO \"medlem_editors\" (\"medlem_pid\", \"user_pid\", \"role\") VALUES ($1, $2, $3) RETURNING \"id\", \"medlem_pid\", \"user_pid\", \"role\"\n" [3mrows_affected[0m[2m=[0m1 [3mrows_returned[0m[2m=[0m1 [3melapsed[0m[2m=[0m3.254806ms [3melapsed_secs[0m[2m=[0m0.003254806 [2m[3menvironment[0m[2m=[0mdevelopment[0m [2m[3mtask[0m[2m=[0m"seed_tree"[0m
[2m2026-02-08T13:57:21.464579Z[0m [32m INFO[0m [1mapp[0m:[1mtask[0m: [2mfamilyserver_backend::tasks::seed_graph[0m[2m:[0m User was added as editor for medlem [2m[3menvironment[0m[2m=[0mdevelopment[0m [2m[3mtask[0m[2m=[0m"seed_tree"[0m
[2m2026-02-08T13:57:21.465427Z[0m [32m INFO[0m [1mapp[0m:[1mtask[0m: [2msqlx::query[0m[2m:[0m [3msummary[0m[2m=[0m"SELECT \"user\".\"created_at\", \"user\".\"updated_at\", \"user\".\"id\", …" [3mdb.statement[0m[2m=[0m"\n\nSELECT \"user\".\"created_at\", \"user\".\"updated_at\", \"user\".\"id\", \"user\".\"pid\", \"user\".\"email\", \"user\".\"password\", \"user\".\"api_key\", \"user\".\"name\", \"user\".\"reset_token\", \"user\".\"reset_sent_at\", \"user\".\"magic_link_token\", \"user\".\"magic_link_token_expiration\" FROM \"user\" WHERE \"user\".\"name\" = $1 LIMIT $2\n" [3mrows_affected[0m[2m=[0m0 [3mrows_returned[0m[2m=[0m0 [3melapsed[0m[2m=[0m392.895µs [3melapsed_secs[0m[2m=[0m0.000392895 [2m[3menvironment[0m[2m=[0mdevelopment[0m [2m[3mtask[0m[2m=[0m"seed_tree"[0m
[2m2026-02-08T13:57:21.944502Z[0m [32m INFO[0m [1mapp[0m:[1mtask[0m: [2msqlx::query[0m[2m:[0m [3msummary[0m[2m=[0m"INSERT INTO \"user\" (\"pid\", …" [3mdb.statement[0m[2m=[0m"\n\nINSERT INTO \"user\" (\"pid\", \"email\", \"password\", \"api_key\", \"name\") VALUES ($1, $2, $3, $4, $5) RETURNING \"created_at\", \"updated_at\", \"id\", \"pid\", \"email\", \"password\", \"api_key\", \"name\", \"reset_token\", \"reset_sent_at\", \"magic_link_token\", \"magic_link_token_expiration\"\n" [3mrows_affected[0m[2m=[0m1 [3mrows_returned[0m[2m=[0m1 [3melapsed[0m[2m=[0m6.772874ms [3melapsed_secs[0m[2m=[0m0.006772874 [2m[3menvironment[0m[2m=[0mdevelopment[0m [2m[3mtask[0m[2m=[0m"seed_tree"[0m
[2m2026-02-08T13:57:21.945487Z[0m [32m INFO[0m [1mapp[0m:[1mtask[0m: [2msqlx::query[0m[2m:[0m [3msummary[0m[2m=[0m"SELECT \"medlem\".\"id\", \"medlem\".\"pid\", \"medlem\".\"name\", …" [3mdb.statement[0m[2m=[0m"\n\nSELECT \"medlem\".\"id\", \"medlem\".\"pid\", \"medlem\".\"name\", \"medlem\".\"email\", \"medlem\".\"phone_nr\", \"medlem\".\"address\", \"medlem\".\"city\", \"medlem\".\"birthdate\", \"medlem\".\"final_date\", \"medlem\".\"status\", \"medlem\".\"user_pid\", \"medlem\".\"parents_pid\", \"medlem\".\"previous_partners\", \"medlem\".\"children_pid\", \"medlem\".\"partner_pid\", \"medlem\".\"created_at\", \"medlem\".\"updated_at\" FROM \"medlem\" WHERE \"medlem\".\"name\" = $1 LIMIT $2\n" [3mrows_affected[0m[2m=[0m0 [3mrows_returned[0m[2m=[0m0 [3melapsed[0m[2m=[0m295.211µs [3melapsed_secs[0m[2m=[0m0.000295211 [2m[3menvironment[0m[2m=[0mdevelopment[0m [2m[3mtask[0m[2m=[0m"seed_tree"[0m
[2m2026-02-08T13:57:21.949285Z[0m [32m INFO[0m [1mapp[0m:[1mtask[0m: [2msqlx::query[0m[2m:[0m [3msummary[0m[2m=[0m"INSERT INTO \"medlem\" (\"pid\", …" [3mdb.statement[0m[2m=[0m"\n\nINSERT INTO \"medlem\" (\"pid\", \"name\", \"email\", \"phone_nr\", \"address\", \"city\", \"birthdate\", \"final_date\", \"user_pid\", \"partner_pid\") VALUES ($1, $2, $3, $4, $5, $6, $7, $8, $9, $10) RETURNING \"id\", \"pid\", \"name\", \"email\", \"phone_nr\", \"address\", \"city\", \"birthdate\", \"final_date\", \"status\", \"user_pid\", \"parents_pid\", \"previous_partners\", \"children_pid\", \"partner_pid\", \"created_at\", \"updated_at\"\n" [3mrows_affected[0m[2m=[0m1 [3mrows_returned[0m[2m=[0m1 [3melapsed[0m[2m=[0m3.32823ms [3melapsed_secs[0m[2m=[0m0.00332823 [2m[3menvironment[0m[2m=[0mdevelopment[0m [2m[3mtask[0m[2m=[0m"seed_tree"[0m
[2m2026-02-08T13:57:21.949476Z[0m [32m INFO[0m [1mapp[0m:[1mtask[0m: [2mfamilyserver_backend::tasks::seed_graph[0m[2m:[0m Created medlem entry for Anna Vestergaard Oladottir [2m[3menvironment[0m[2m=[0mdevelopment[0m [2m[3mtask[0m[2m=[0m"seed_tree"[0m
[2m2026-02-08T13:57:21.949526Z[0m [32m INFO[0m [1mapp[0m:[1mtask[0m: [2mfamilyserver_backend::tasks::seed_graph[0m[2m:[0m [INFO] Adding user as editor to medlem [2m[3menvironment[0m[2m=[0mdevelopment[0m [2m[3mtask[0m[2m=[0m"seed_tree"[0m
[2m2026-02-08T13:57:21.953122Z[0m [32m INFO[0m [1mapp[0m:[1mtask[0m: [2msqlx::query[0m[2m:[0m [3msummary[0m[2m=[0m"INSERT INTO \"medlem_editors\" (\"medlem_pid\", …" [3mdb.statement[0m[2m=[0m"\n\nINSERT INTO \"medlem_editors\" (\"medlem_pid\", \"user_pid\", \"role\") VALUES ($1, $2, $3) RETURNING \"id\", \"medlem_pid\", \"user_pid\", \"role\"\n" [3mrows_affected[0m[2m=[0m1 [3mrows_returned[0m[2m=[0m1 [3melapsed[0m[2m=[0m3.219225ms [3melapsed_secs[0m[2m=[0m0.003219225 [2m[3menvironment[0m[2m=[0mdevelopment[0m [2m[3mtask[0m[2m=[0m"seed_tree"[0m
[2m2026-02-08T13:57:21.953265Z[0m [32m INFO[0m [1mapp[0m:[1mtask[0m: [2mfamilyserver_backend::tasks::seed_graph[0m[2m:[0m User was added as editor for medlem [2m[3menvironment[0m[2m=[0mdevelopment[0m [2m[3mtask[0m[2m=[0m"seed_tree"[0m
[2m2026-02-08T13:57:21.954120Z[0m [32m INFO[0m [1mapp[0m:[1mtask[0m: [2msqlx::query[0m[2m:[0m [3msummary[0m[2m=[0m"SELECT \"user\".\"created_at\", \"user\".\"updated_at\", \"user\".\"id\", …" [3mdb.statement[0m[2m=[0m"\n\nSELECT \"user\".\"created_at\", \"user\".\"updated_at\", \"user\".\"id\", \"user\".\"pid\", \"user\".\"email\", \"user\".\"password\", \"user\".\"api_key\", \"user\".\"name\", \"user\".\"reset_token\", \"user\".\"reset_sent_at\", \"user\".\"magic_link_token\", \"user\".\"magic_link_token_expiration\" FROM \"user\" WHERE \"user\".\"name\" = $1 LIMIT $2\n" [3mrows_affected[0m[2m=[0m0 [3mrows_returned[0m[2m=[0m0 [3melapsed[0m[2m=[0m380.551µs [3melapsed_secs[0m[2m=[0m0.000380551 [2m[3menvironment[0m[2m=[0mdevelopment[0m [2m[3mtask[0m[2m=[0m"seed_tree"[0m
[2m2026-02-08T13:57:22.427886Z[0m [32m INFO[0m [1mapp[0m:[1mtask[0m: [2msqlx::query[0m[2m:[0m [3msummary[0m[2m=[0m"INSERT INTO \"user\" (\"pid\", …" [3mdb.statement[0m[2m=[0m"\n\nINSERT INTO \"user\" (\"pid\", \"email\", \"password\", \"api_key\", \"name\") VALUES ($1, $2, $3, $4, $5) RETURNING \"created_at\", \"updated_at\", \"id\", \"pid\", \"email\", \"password\", \"api_key\", \"name\", \"reset_token\", \"reset_sent_at\", \"magic_link_token\", \"magic_link_token_expiration\"\n" [3mrows_affected[0m[2m=[0m1 [3mrows_returned[0m[2m=[0m1 [3melapsed[0m[2m=[0m6.660671ms [3melapsed_secs[0m[2m=[0m0.006660671 [2m[3menvironment[0m[2m=[0mdevelopment[0m [2m[3mtask[0m[2m=[0m"seed_tree"[0m
[2m2026-02-08T13:57:22.428920Z[0m [32m INFO[0m [1mapp[0m:[1mtask[0m: [2msqlx::query[0m[2m:[0m [3msummary[0m[2m=[0m"SELECT \"medlem\".\"id\", \"medlem\".\"pid\", \"medlem\".\"name\", …" [3mdb.statement[0m[2m=[0m"\n\nSELECT \"medlem\".\"id\", \"medlem\".\"pid\", \"medlem\".\"name\", \"medlem\".\"email\", \"medlem\".\"phone_nr\", \"medlem\".\"address\", \"medlem\".\"city\", \"medlem\".\"birthdate\", \"medlem\".\"final_date\", \"medlem\".\"status\", \"medlem\".\"user_pid\", \"medlem\".\"parents_pid\", \"medlem\".\"previous_partners\", \"medlem\".\"children_pid\", \"medlem\".\"partner_pid\", \"medlem\".\"created_at\", \"medlem\".\"updated_at\" FROM \"medlem\" WHERE \"medlem\".\"name\" = $1 LIMIT $2\n" [3mrows_affected[0m[2m=[0m0 [3mrows_returned[0m[2m=[0m0 [3melapsed[0m[2m=[0m302.688µs [3melapsed_secs[0m[2m=[0m0.000302688 [2m[3menvironment[0m[2m=[0mdevelopment[0m [2m[3mtask[0m[2m=[0m"seed_tree"[0m
[2m2026-02-08T13:57:22.432445Z[0m [32m INFO[0m [1mapp[0m:[1mtask[0m: [2msqlx::query[0m[2m:[0m [3msummary[0m[2m=[0m"INSERT INTO \"medlem\" (\"pid\", …" [3mdb.statement[0m[2m=[0m"\n\nINSERT INTO \"medlem\" (\"pid\", \"name\", \"email\", \"phone_nr\", \"address\", \"city\", \"birthdate\", \"final_date\", \"user_pid\", \"partner_pid\") VALUES ($1, $2, $3, $4, $5, $6, $7, $8, $9, $10) RETURNING \"id\", \"pid\", \"name\", \"email\", \"phone_nr\", \"address\", \"city\", \"birthdate\", \"final_date\", \"status\", \"user_pid\", \"parents_pid\", \"previous_partners\", \"children_pid\", \"partner_pid\", \"created_at\", \"updated_at\"\n" [3mrows_affected[0m[2m=[0m1 [3mrows_returned[0m[2m=[0m1 [3melapsed[0m[2m=[0m3.074975ms [3melapsed_secs[0m[2m=[0m0.003074975 [2m[3menvironment[0m[2m=[0mdevelopment[0m [2m[3mtask[0m[2m=[0m"seed_tree"[0m
[2m2026-02-08T13:57:22.432663Z[0m [32m INFO[0m [1mapp[0m:[1mtask[0m: [2mfamilyserver_backend::tasks::seed_graph[0m[2m:[0m Created medlem entry for Tomas Vestergaard Olason [2m[3menvironment[0m[2m=[0mdevelopment[0m [2m[3mtask[0m[2m=[0m"seed_tree"[0m
[2m2026-02-08T13:57:22.432740Z[0m [32m INFO[0m [1mapp[0m:[1mtask[0m: [2mfamilyserver_backend::tasks::seed_graph[0m[2m:[0m [INFO] Adding user as editor to medlem [2m[3menvironment[0m[2m=[0mdevelopment[0m [2m[3mtask[0m[2m=[0m"seed_tree"[0m
[2m2026-02-08T13:57:22.436122Z[0m [32m INFO[0m [1mapp[0m:[1mtask[0m: [2msqlx::query[0m[2m:[0m [3msummary[0m[2m=[0m"INSERT INTO \"medlem_editors\" (\"medlem_pid\", …" [3mdb.statement[0m[2m=[0m"\n\nINSERT INTO \"medlem_editors\" (\"medlem_pid\", \"user_pid\", \"role\") VALUES ($1, $2, $3) RETURNING \"id\", \"medlem_pid\", \"user_pid\", \"role\"\n" [3mrows_affected[0m[2m=[0m1 [3mrows_returned[0m[2m=[0m1 [3melapsed[0m[2m=[0m2.994304ms [3melapsed_secs[0m[2m=[0m0.002994304 [2m[3menvironment[0m[2m=[0mdevelopment[0m [2m[3mtask[0m[2m=[0m"seed_tree"[0m
[2m2026-02-08T13:57:22.436265Z[0m [32m INFO[0m [1mapp[0m:[1mtask[0m: [2mfamilyserver_backend::tasks::seed_graph[0m[2m:[0m User was added as editor for medlem [2m[3menvironment[0m[2m=[0mdevelopment[0m [2m[3mtask[0m[2m=[0m"seed_tree"[0m
[2m2026-02-08T13:57:22.437109Z[0m [32m INFO[0m [1mapp[0m:[1mtask[0m: [2msqlx::query[0m[2m:[0m [3msummary[0m[2m=[0m"SELECT \"user\".\"created_at\", \"user\".\"updated_at\", \"user\".\"id\", …" [3mdb.statement[0m[2m=[0m"\n\nSELECT \"user\".\"created_at\", \"user\".\"updated_at\", \"user\".\"id\", \"user\".\"pid\", \"user\".\"email\", \"user\".\"password\", \"user\".\"api_key\", \"user\".\"name\", \"user\".\"reset_token\", \"user\".\"reset_sent_at\", \"user\".\"magic_link_token\", \"user\".\"magic_link_token_expiration\" FROM \"user\" WHERE \"user\".\"name\" = $1 LIMIT $2\n" [3mrows_affected[0m[2m=[0m0 [3mrows_returned[0m[2m=[0m0 [3melapsed[0m[2m=[0m353.683µs [3melapsed_secs[0m[2m=[0m0.000353683 [2m[3menvironment[0m[2m=[0mdevelopment[0m [2m[3mtask[0m[2m=[0m"seed_tree"[0m
[2m2026-02-08T13:57:22.915578Z[0m [32m INFO[0m [1mapp[0m:[1mtask[0m: [2msqlx::query[0m[2m:[0m [3msummary[0m[2m=[0m"INSERT INTO \"user\" (\"pid\", …" [3mdb.statement[0m[2m=[0m"\n\nINSERT INTO \"user\" (\"pid\", \"email\", \"password\", \"api_key\", \"name\") VALUES ($1, $2, $3, $4, $5) RETURNING \"created_at\", \"updated_at\", \"id\", \"pid\", \"email\", \"password\", \"api_key\", \"name\", \"reset_token\", \"reset_sent_at\", \"magic_link_token\", \"magic_link_token_expiration\"\n" [3mrows_affected[0m[2m=[0m1 [3mrows_returned[0m[2m=[0m1 [3melapsed[0m[2m=[0m6.508141ms [3melapsed_secs[0m[2m=[0m0.006508141 [2m[3menvironment[0m[2m=[0mdevelopment[0m [2m[3mtask[0m[2m=[0m"seed_tree"[0m
[2m2026-02-08T13:57:22.916441Z[0m [32m INFO[0m [1mapp[0m:[1mtask[0m: [2msqlx::query[0m[2m:[0m [3msummary[0m[2m=[0m"SELECT \"medlem\".\"id\", \"medlem\".\"pid\", \"medlem\".\"name\", …" [3mdb.statement[0m[2m=[0m"\n\nSELECT \"medlem\".\"id\", \"medlem\".\"pid\", \"medlem\".\"name\", \"medlem\".\"email\", \"medlem\".\"phone_nr\", \"medlem\".\"address\", \"medlem\".\"city\", \"medlem\".\"birthdate\", \"medlem\".\"final_date\", \"medlem\".\"status\", \"medlem\".\"user_pid\", \"medlem\".\"parents_pid\", \"medlem\".\"previous_partners\", \"medlem\".\"children_pid\", \"medlem\".\"partner_pid\", \"medlem\".\"created_at\", \"medlem\".\"updated_at\" FROM \"medlem\" WHERE \"medlem\".\"name\" = $1 LIMIT $2\n" [3mrows_affected[0m[2m=[0m0 [3mrows_returned[0m[2m=[0m0 [3melapsed[0m[2m=[0m244.475µs [3melapsed_secs[0m[2m=[0m0.000244475 [2m[3menvironment[0m[2m=[0mdevelopment[0m [2m[3mtask[0m[2m=[0m"seed_tree"[0m
[2m2026-02-08T13:57:22.920455Z[0m [32m INFO[0m [1mapp[0m:[1mtask[0m: [2msqlx::query[0m[2m:[0m [3msummary[0m[2m=[0m"INSERT INTO \"medlem\" (\"pid\", …" [3mdb.statement[0m[2m=[0m"\n\nINSERT INTO \"medlem\" (\"pid\", \"name\", \"email\", \"phone_nr\", \"address\", \"city\", \"birthdate\", \"final_date\", \"user_pid\", \"partner_pid\") VALUES ($1, $2, $3, $4, $5, $6, $7, $8, $9, $10) RETURNING \"id\", \"pid\", \"name\", \"email\", \"phone_nr\", \"address\", \"city\", \"birthdate\", \"final_date\", \"status\", \"user_pid\", \"parents_pid\", \"previous_partners\", \"children_pid\", \"partner_pid\", \"created_at\", \"updated_at\"\n" [3mrows_affected[0m[2m=[0m1 [3mrows_returned[0m[2m=[0m1 [3melapsed[0m[2m=[0m3.493305ms [3melapsed_secs[0m[2m=[0m0.003493305 [2m[3menvironment[0m[2m=[0mdevelopment[0m [2m[3mtask[0m[2m=[0m"seed_tree"[0m
[2m2026-02-08T13:57:22.920673Z[0m [32m INFO[0m [1mapp[0m:[1mtask[0m: [2mfamilyserver_backend::tasks::seed_graph[0m[2m:[0m Created medlem entry for Ulla Wistoft Vestergaard [2m[3menvironment[0m[2m=[0mdevelopment[0m [2m[3mtask[0m[2m=[0m"seed_tree"[0m
[2m2026-02-08T13:57:22.920731Z[0m [32m INFO[0m [1mapp[0m:[1mtask[0m: [2mfamilyserver_backend::tasks::seed_graph[0m[2m:[0m [INFO] Adding user as editor to medlem [2m[3menvironment[0m[2m=[0mdevelopment[0m [2m[3mtask[0m[2m=[0m"seed_tree"[0m
[2m2026-02-08T13:57:22.924134Z[0m [32m INFO[0m [1mapp[0m:[1mtask[0m: [2msqlx::query[0m[2m:[0m [3msummary[0m[2m=[0m"INSERT INTO \"medlem_editors\" (\"medlem_pid\", …" [3mdb.statement[0m[2m=[0m"\n\nINSERT INTO \"medlem_editors\" (\"medlem_pid\", \"user_pid\", \"role\") VALUES ($1, $2, $3) RETURNING \"id\", \"medlem_pid\", \"user_pid\", \"role\"\n" [3mrows_affected[0m[2m=[0m1 [3mrows_returned[0m[2m=[0m1 [3melapsed[0m[2m=[0m3.002767ms [3melapsed_secs[0m[2m=[0m0.003002767 [2m[3menvironment[0m[2m=[0mdevelopment[0m [2m[3mtask[0m[2m=[0m"seed_tree"[0m
[2m2026-02-08T13:57:22.924274Z[0m [32m INFO[0m [1mapp[0m:[1mtask[0m: [2mfamilyserver_backend::tasks::seed_graph[0m[2m:[0m User was added as editor for medlem [2m[3menvironment[0m[2m=[0mdevelopment[0m [2m[3mtask[0m[2m=[0m"seed_tree"[0m
[2m2026-02-08T13:57:22.925126Z[0m [32m INFO[0m [1mapp[0m:[1mtask[0m: [2msqlx::query[0m[2m:[0m [3msummary[0m[2m=[0m"SELECT \"user\".\"created_at\", \"user\".\"updated_at\", \"user\".\"id\", …" [3mdb.statement[0m[2m=[0m"\n\nSELECT \"user\".\"created_at\", \"user\".\"updated_at\", \"user\".\"id\", \"user\".\"pid\", \"user\".\"email\", \"user\".\"password\", \"user\".\"api_key\", \"user\".\"name\", \"user\".\"reset_token\", \"user\".\"reset_sent_at\", \"user\".\"magic_link_token\", \"user\".\"magic_link_token_expiration\" FROM \"user\" WHERE \"user\".\"name\" = $1 LIMIT $2\n" [3mrows_affected[0m[2m=[0m0 [3mrows_returned[0m[2m=[0m0 [3melapsed[0m[2m=[0m315.7µs [3melapsed_secs[0m[2m=[0m0.0003157 [2m[3menvironment[0m[2m=[0mdevelopment[0m [2m[3mtask[0m[2m=[0m"seed_tree"[0m
[2m2026-02-08T13:57:23.403109Z[0m [32m INFO[0m [1mapp[0m:[1mtask[0m: [2msqlx::query[0m[2m:[0m [3msummary[0m[2m=[0m"INSERT INTO \"user\" (\"pid\", …" [3mdb.statement[0m[2m=[0m"\n\nINSERT INTO \"user\" (\"pid\", \"email\", \"password\", \"api_key\", \"name\") VALUES ($1, $2, $3, $4, $5) RETURNING \"created_at\", \"updated_at\", \"id\", \"pid\", \"email\", \"password\", \"api_key\", \"name\", \"reset_token\", \"reset_sent_at\", \"magic_link_token\", \"magic_link_token_expiration\"\n" [3mrows_affected[0m[2m=[0m1 [3mrows_returned[0m[2m=[0m1 [3melapsed[0m[2m=[0m6.505291ms [3melapsed_secs[0m[2m=[0m0.006505291 [2m[3menvironment[0m[2m=[0mdevelopment[0m [2m[3mtask[0m[2m=[0m"seed_tree"[0m
[2m2026-02-08T13:57:23.404040Z[0m [32m INFO[0m [1mapp[0m:[1mtask[0m: [2msqlx::query[0m[2m:[0m [3msummary[0m[2m=[0m"SELECT \"medlem\".\"id\", \"medlem\".\"pid\", \"medlem\".\"name\", …" [3mdb.statement[0m[2m=[0m"\n\nSELECT \"medlem\".\"id\", \"medlem\".\"pid\", \"medlem\".\"name\", \"medlem\".\"email\", \"medlem\".\"phone_nr\", \"medlem\".\"address\", \"medlem\".\"city\", \"medlem\".\"birthdate\", \"medlem\".\"final_date\", \"medlem\".\"status\", \"medlem\".\"user_pid\", \"medlem\".\"parents_pid\", \"medlem\".\"previous_partners\", \"medlem\".\"children_pid\", \"medlem\".\"partner_pid\", \"medlem\".\"created_at\", \"medlem\".\"updated_at\" FROM \"medlem\" WHERE \"medlem\".\"name\" = $1 LIMIT $2\n" [3mrows_affected[0m[2m=[0m0 [3mrows_returned[0m[2m=[0m0 [3melapsed[0m[2m=[0m292.772µs [3melapsed_secs[0m[2m=[0m0.000292772 [2m[3menvironment[0m[2m=[0mdevelopment[0m [2m[3mtask[0m[2m=[0m"seed_tree"[0m
[2m2026-02-08T13:57:23.408062Z[0m [32m INFO[0m [1mapp[0m:[1mtask[0m: [2msqlx::query[0m[2m:[0m [3msummary[0m[2m=[0m"INSERT INTO \"medlem\" (\"pid\", …" [3mdb.statement[0m[2m=[0m"\n\nINSERT INTO \"medlem\" (\"pid\", \"name\", \"email\", \"phone_nr\", \"address\", \"city\", \"birthdate\", \"final_date\", \"user_pid\", \"partner_pid\") VALUES ($1, $2, $3, $4, $5, $6, $7, $8, $9, $10) RETURNING \"id\", \"pid\", \"name\", \"email\", \"phone_nr\", \"address\", \"city\", \"birthdate\", \"final_date\", \"status\", \"user_pid\", \"parents_pid\", \"previous_partners\", \"children_pid\", \"partner_pid\", \"created_at\", \"updated_at\"\n" [3mrows_affected[0m[2m=[0m1 [3mrows_returned[0m[2m=[0m1 [3melapsed[0m[2m=[0m3.543668ms [3melapsed_secs[0m[2m=[0m0.003543668 [2m[3menvironment[0m[2m=[0mdevelopment[0m [2m[3mtask[0m[2m=[0m"seed_tree"[0m
[2m2026-02-08T13:57:23.408248Z[0m [32m INFO[0m [1mapp[0m:[1mtask[0m: [2mfamilyserver_backend::tasks::seed_graph[0m[2m:[0m Created medlem entry for Christoffer Vestergaard - Larsen [2m[3menvironment[0m[2m=[0mdevelopment[0m [2m[3mtask[0m[2m=[0m"seed_tree"[0m
[2m2026-02-08T13:57:23.408297Z[0m [32m INFO[0m [1mapp[0m:[1mtask[0m: [2mfamilyserver_backend::tasks::seed_graph[0m[2m:[0m [INFO] Adding user as editor to medlem [2m[3menvironment[0m[2m=[0mdevelopment[0m [2m[3mtask[0m[2m=[0m"seed_tree"[0m
[2m2026-02-08T13:57:23.411594Z[0m [32m INFO[0m [1mapp[0m:[1mtask[0m: [2msqlx::query[0m[2m:[0m [3msummary[0m[2m=[0m"INSERT INTO \"medlem_editors\" (\"medlem_pid\", …" [3mdb.statement[0m[2m=[0m"\n\nINSERT INTO \"medlem_editors\" (\"medlem_pid\", \"user_pid\", \"role\") VALUES ($1, $2, $3) RETURNING \"id\", \"medlem_pid\", \"user_pid\", \"role\"\n" [3mrows_affected[0m[2m=[0m1 [3mrows_returned[0m[2m=[0m1 [3melapsed[0m[2m=[0m2.950097ms [3melapsed_secs[0m[2m=[0m0.002950097 [2m[3menvironment[0m[2m=[0mdevelopment[0m [2m[3mtask[0m[2m=[0m"seed_tree"[0m
[2m2026-02-08T13:57:23.411730Z[0m [32m INFO[0m [1mapp[0m:[1mtask[0m: [2mfamilyserver_backend::tasks::seed_graph[0m[2m:[0m User was added as editor for medlem [2m[3menvironment[0m[2m=[0mdevelopment[0m [2m[3mtask[0m[2m=[0m"seed_tree"[0m
[2m2026-02-08T13:57:23.412317Z[0m [32m INFO[0m [1mapp[0m:[1mtask[0m: [2msqlx::query[0m[2m:[0m [3msummary[0m[2m=[0m"SELECT \"user\".\"created_at\", \"user\".\"updated_at\", \"user\".\"id\", …" [3mdb.statement[0m[2m=[0m"\n\nSELECT \"user\".\"created_at\", \"user\".\"updated_at\", \"user\".\"id\", \"user\".\"pid\", \"user\".\"email\", \"user\".\"password\", \"user\".\"api_key\", \"user\".\"name\", \"user\".\"reset_token\", \"user\".\"reset_sent_at\", \"user\".\"magic_link_token\", \"user\".\"magic_link_token_expiration\" FROM \"user\" WHERE \"user\".\"name\" = $1 LIMIT $2\n" [3mrows_affected[0m[2m=[0m0 [3mrows_returned[0m[2m=[0m0 [3melapsed[0m[2m=[0m228.397µs [3melapsed_secs[0m[2m=[0m0.000228397 [2m[3menvironment[0m[2m=[0mdevelopment[0m [2m[3mtask[0m[2m=[0m"seed_tree"[0m
[2m2026-02-08T13:57:23.885511Z[0m [32m INFO[0m [1mapp[0m:[1mtask[0m: [2msqlx::query[0m[2m:[0m [3msummary[0m[2m=[0m"INSERT INTO \"user\" (\"pid\", …" [3mdb.statement[0m[2m=[0m"\n\nINSERT INTO \"user\" (\"pid\", \"email\", \"password\", \"api_key\", \"name\") VALUES ($1, $2, $3, $4, $5) RETURNING \"created_at\", \"updated_at\", \"id\", \"pid\", \"email\", \"password\", \"api_key\", \"name\", \"reset_token\", \"reset_sent_at\", \"magic_link_token\", \"magic_link_token_expiration\"\n" [3mrows_affected[0m[2m=[0m1 [3mrows_returned[0m[2m=[0m1 [3melapsed[0m[2m=[0m6.665935ms [3melapsed_secs[0m[2m=[0m0.006665935 [2m[3menvironment[0m[2m=[0mdevelopment[0m [2m[3mtask[0m[2m=[0m"seed_tree"[0m
[2m2026-02-08T13:57:23.886427Z[0m [32m INFO[0m [1mapp[0m:[1mtask[0m: [2msqlx::query[0m[2m:[0m [3msummary[0m[2m=[0m"SELECT \"medlem\".\"id\", \"medlem\".\"pid\", \"medlem\".\"name\", …" [3mdb.statement[0m[2m=[0m"\n\nSELECT \"medlem\".\"id\", \"medlem\".\"pid\", \"medlem\".\"name\", \"medlem\".\"email\", \"medlem\".\"phone_nr\", \"medlem\".\"address\", \"medlem\".\"city\", \"medlem\".\"birthdate\", \"medlem\".\"final_date\", \"medlem\".\"status\", \"medlem\".\"user_pid\", \"medlem\".\"parents_pid\", \"medlem\".\"previous_partners\", \"medlem\".\"children_pid\", \"medlem\".\"partner_pid\", \"medlem\".\"created_at\", \"medlem\".\"updated_at\" FROM \"medlem\" WHERE \"medlem\".\"name\" = $1 LIMIT $2\n" [3mrows_affected[0m[2m=[0m0 [3mrows_returned[0m[2m=[0m0 [3melapsed[0m[2m=[0m261.757µs [3melapsed_secs[0m[2m=[0m0.000261757 [2m[3menvironment[0m[2m=[0mdevelopment[0m [2m[3mtask[0m[2m=[0m"seed_tree"[0m
[2m2026-02-08T13:57:23.890084Z[0m [32m INFO[0m [1mapp[0m:[1mtask[0m: [2msqlx::query[0m[2m:[0m [3msummary[0m[2m=[0m"INSERT INTO \"medlem\" (\"pid\", …" [3mdb.statement[0m[2m=[0m"\n\nINSERT INTO \"medlem\" (\"pid\", \"name\", \"email\", \"phone_nr\", \"address\", \"city\", \"birthdate\", \"final_date\", \"user_pid\", \"partner_pid\") VALUES ($1, $2, $3, $4, $5, $6, $7, $8, $9, $10) RETURNING \"id\", \"pid\", \"name\", \"email\", \"phone_nr\", \"address\", \"city\", \"birthdate\", \"final_date\", \"status\", \"user_pid\", \"parents_pid\", \"previous_partners\", \"children_pid\", \"partner_pid\", \"created_at\", \"updated_at\"\n" [3mrows_affected[0m[2m=[0m1 [3mrows_returned[0m[2m=[0m1 [3melapsed[0m[2m=[0m3.165643ms [3melapsed_secs[0m[2m=[0m0.003165643 [2m[3menvironment[0m[2m=[0mdevelopment[0m [2m[3mtask[0m[2m=[0m"seed_tree"[0m
[2m2026-02-08T13:57:23.890262Z[0m [32m INFO[0m [1mapp[0m:[1mtask[0m: [2mfamilyserver_backend::tasks::seed_graph[0m[2m:[0m Created medlem entry for Inge Wistoft Vestergaard [2m[3menvironment[0m[2m=[0mdevelopment[0m [2m[3mtask[0m[2m=[0m"seed_tree"[0m
[2m2026-02-08T13:57:23.890328Z[0m [32m INFO[0m [1mapp[0m:[1mtask[0m: [2mfamilyserver_backend::tasks::seed_graph[0m[2m:[0m [INFO] Adding user as editor to medlem [2m[3menvironment[0m[2m=[0mdevelopment[0m [2m[3mtask[0m[2m=[0m"seed_tree"[0m
[2m2026-02-08T13:57:23.893782Z[0m [32m INFO[0m [1mapp[0m:[1mtask[0m: [2msqlx::query[0m[2m:[0m [3msummary[0m[2m=[0m"INSERT INTO \"medlem_editors\" (\"medlem_pid\", …" [3mdb.statement[0m[2m=[0m"\n\nINSERT INTO \"medlem_editors\" (\"medlem_pid\", \"user_pid\", \"role\") VALUES ($1, $2, $3) RETURNING \"id\", \"medlem_pid\", \"user_pid\", \"role\"\n" [3mrows_affected[0m[2m=[0m1 [3mrows_returned[0m[2m=[0m1 [3melapsed[0m[2m=[0m3.054194ms [3melapsed_secs[0m[2m=[0m0.003054194 [2m[3menvironment[0m[2m=[0mdevelopment[0m [2m[3mtask[0m[2m=[0m"seed_tree"[0m
[2m2026-02-08T13:57:23.893912Z[0m [32m INFO[0m [1mapp[0m:[1mtask[0m: [2mfamilyserver_backend::tasks::seed_graph[0m[2m:[0m User was added as editor for medlem [2m[3menvironment[0m[2m=[0mdevelopment[0m [2m[3mtask[0m[2m=[0m"seed_tree"[0m
[2m2026-02-08T13:57:23.894562Z[0m [32m INFO[0m [1mapp[0m:[1mtask[0m: [2msqlx::query[0m[2m:[0m [3msummary[0m[2m=[0m"SELECT \"user\".\"created_at\", \"user\".\"updated_at\", \"user\".\"id\", …" [3mdb.statement[0m[2m=[0m"\n\nSELECT \"user\".\"created_at\", \"user\".\"updated_at\", \"user\".\"id\", \"user\".\"pid\", \"user\".\"email\", \"user\".\"password\", \"user\".\"api_key\", \"user\".\"name\", \"user\".\"reset_token\", \"user\".\"reset_sent_at\", \"user\".\"magic_link_token\", \"user\".\"magic_link_token_expiration\" FROM \"user\" WHERE \"user\".\"name\" = $1 LIMIT $2\n" [3mrows_affected[0m[2m=[0m0 [3mrows_returned[0m[2m=[0m0 [3melapsed[0m[2m=[0m297.912µs [3melapsed_secs[0m[2m=[0m0.000297912 [2m[3menvironment[0m[2m=[0mdevelopment[0m [2m[3mtask[0m[2m=[0m"seed_tree"[0m
[2m2026-02-08T13:57:24.373882Z[0m [32m INFO[0m [1mapp[0m:[1mtask[0m: [2msqlx::query[0m[2m:[0m [3msummary[0m[2m=[0m"INSERT INTO \"user\" (\"pid\", …" [3mdb.statement[0m[2m=[0m"\n\nINSERT INTO \"user\" (\"pid\", \"email\", \"password\", \"api_key\", \"name\") VALUES ($1, $2, $3, $4, $5) RETURNING \"created_at\", \"updated_at\", \"id\", \"pid\", \"email\", \"password\", \"api_key\", \"name\", \"reset_token\", \"reset_sent_at\", \"magic_link_token\", \"magic_link_token_expiration\"\n" [3mrows_affected[0m[2m=[0m1 [3mrows_returned[0m[2m=[0m1 [3melapsed[0m[2m=[0m6.645859ms [3melapsed_secs[0m[2m=[0m0.006645859 [2m[3menvironment[0m[2m=[0mdevelopment[0m [2m[3mtask[0m[2m=[0m"seed_tree"[0m
[2m2026-02-08T13:57:24.374894Z[0m [32m INFO[0m [1mapp[0m:[1mtask[0m: [2msqlx::query[0m[2m:[0m [3msummary[0m[2m=[0m"SELECT \"medlem\".\"id\", \"medlem\".\"pid\", \"medlem\".\"name\", …" [3mdb.statement[0m[2m=[0m"\n\nSELECT \"medlem\".\"id\", \"medlem\".\"pid\", \"medlem\".\"name\", \"medlem\".\"email\", \"medlem\".\"phone_nr\", \"medlem\".\"address\", \"medlem\".\"city\", \"medlem\".\"birthdate\", \"medlem\".\"final_date\", \"medlem\".\"status\", \"medlem\".\"user_pid\", \"medlem\".\"parents_pid\", \"medlem\".\"previous_partners\", \"medlem\".\"children_pid\", \"medlem\".\"partner_pid\", \"medlem\".\"created_at\", \"medlem\".\"updated_at\" FROM \"medlem\" WHERE \"medlem\".\"name\" = $1 LIMIT $2\n" [3mrows_affected[0m[2m=[0m0 [3mrows_returned[0m[2m=[0m0 [3melapsed[0m[2m=[0m370.517µs [3melapsed_secs[0m[2m=[0m0.000370517 [2m[3menvironment[0m[2m=[0mdevelopment[0m [2m[3mtask[0m[2m=[0m"seed_tree"[0m
[2m2026-02-08T13:57:24.378335Z[0m [32m INFO[0m [1mapp[0m:[1mtask[0m: [2msqlx::query[0m[2m:[0m [3msummary[0m[2m=[0m"INSERT INTO \"medlem\" (\"pid\", …" [3mdb.statement[0m[2m=[0m"\n\nINSERT INTO \"medlem\" (\"pid\", \"name\", \"email\", \"phone_nr\", \"address\", \"city\", \"birthdate\", \"final_date\", \"user_pid\", \"partner_pid\") VALUES ($1, $2, $3, $4, $5, $6, $7, $8, $9, $10) RETURNING \"id\", \"pid\", \"name\", \"email\", \"phone_nr\", \"address\", \"city\", \"birthdate\", \"final_date\", \"status\", \"user_pid\", \"parents_pid\", \"previous_partners\", \"children_pid\", \"partner_pid\", \"created_at\", \"updated_at\"\n" [3mrows_affected[0m[2m=[0m1 [3mrows_returned[0m[2m=[0m1 [3melapsed[0m[2m=[0m3.02373ms [3melapsed_secs[0m[2m=[0m0.00302373 [2m[3menvironment[0m[2m=[0mdevelopment[0m [2m[3mtask[0m[2m=[0m"seed_tree"[0m
[2m2026-02-08T13:57:24.378544Z[0m [32m INFO[0m [1mapp[0m:[1mtask[0m: [2mfamilyserver_backend::tasks::seed_graph[0m[2m:[0m Created medlem entry for Bitten Wistoft - Ibsen [2m[3menvironment[0m[2m=[0mdevelopment[0m [2m[3mtask[0m[2m=[0m"seed_tree"[0m
[2m2026-02-08T13:57:24.378613Z[0m [32m INFO[0m [1mapp[0m:[1mtask[0m: [2mfamilyserver_backend::tasks::seed_graph[0m[2m:[0m [INFO] Adding user as editor to medlem [2m[3menvironment[0m[2m=[0mdevelopment[0m [2m[3mtask[0m[2m=[0m"seed_tree"[0m
[2m2026-02-08T13:57:24.381772Z[0m [32m INFO[0m [1mapp[0m:[1mtask[0m: [2msqlx::query[0m[2m:[0m [3msummary[0m[2m=[0m"INSERT INTO \"medlem_editors\" (\"medlem_pid\", …" [3mdb.statement[0m[2m=[0m"\n\nINSERT INTO \"medlem_editors\" (\"medlem_pid\", \"user_pid\", \"role\") VALUES ($1, $2, $3) RETURNING \"id\", \"medlem_pid\", \"user_pid\", \"role\"\n" [3mrows_affected[0m[2m=[0m1 [3mrows_returned[0m[2m=[0m1 [3melapsed[0m[2m=[0m2.836323ms [3melapsed_secs[0m[2m=[0m0.002836323 [2m[3menvironment[0m[2m=[0mdevelopment[0m [2m[3mtask[0m[2m=[0m"seed_tree"[0m
[2m2026-02-08T13:57:24.381916Z[0m [32m INFO[0m [1mapp[0m:[1mtask[0m: [2mfamilyserver_backend::tasks::seed_graph[0m[2m:[0m User was added as editor for medlem [2m[3menvironment[0m[2m=[0mdevelopment[0m [2m[3mtask[0m[2m=[0m"seed_tree"[0m
[2m2026-02-08T13:57:24.382684Z[0m [32m INFO[0m [1mapp[0m:[1mtask[0m: [2msqlx::query[0m[2m:[0m [3msummary[0m[2m=[0m"SELECT \"medlem\".\"id\", \"medlem\".\"pid\", \"medlem\".\"name\", …" [3mdb.statement[0m[2m=[0m"\n\nSELECT \"medlem\".\"id\", \"medlem\".\"pid\", \"medlem\".\"name\", \"medlem\".\"email\", \"medlem\".\"phone_nr\", \"medlem\".\"address\", \"medlem\".\"city\", \"medlem\".\"birthdate\", \"medlem\".\"final_date\", \"medlem\".\"status\", \"medlem\".\"user_pid\", \"medlem\".\"parents_pid\", \"medlem\".\"previous_partners\", \"medlem\".\"children_pid\", \"medlem\".\"partner_pid\", \"medlem\".\"created_at\", \"medlem\".\"updated_at\" FROM \"medlem\" WHERE \"medlem\".\"name\" = $1 LIMIT $2\n" [3mrows_affected[0m[2m=[0m0 [3mrows_returned[0m[2m=[0m0 [3melapsed[0m[2m=[0m306.218µs [3melapsed_secs[0m[2m=[0m0.000306218 [2m[3menvironment[0m[2m=[0mdevelopment[0m [2m[3mtask[0m[2m=[0m"seed_tree"[0m
[2m2026-02-08T13:57:24.386247Z[0m [32m INFO[0m [1mapp[0m:[1mtask[0m: [2msqlx::query[0m[2m:[0m [3msummary[0m[2m=[0m"INSERT INTO \"medlem\" (\"pid\", …" [3mdb.statement[0m[2m=[0m"\n\nINSERT INTO \"medlem\" (\"pid\", \"name\", \"email\", \"phone_nr\", \"address\", \"city\", \"birthdate\", \"final_date\", \"user_pid\", \"partner_pid\") VALUES ($1, $2, $3, $4, $5, $6, $7, $8, $9, $10) RETURNING \"id\", \"pid\", \"name\", \"email\", \"phone_nr\", \"address\", \"city\", \"birthdate\", \"final_date\", \"status\", \"user_pid\", \"parents_pid\", \"previous_partners\", \"children_pid\", \"partner_pid\", \"created_at\", \"updated_at\"\n" [3mrows_affected[0m[2m=[0m1 [3mrows_returned[0m[2m=[0m1 [3melapsed[0m[2m=[0m3.142713ms [3melapsed_secs[0m[2m=[0m0.003142713 [2m[3menvironment[0m[2m=[0mdevelopment[0m [2m[3mtask[0m[2m=[0m"seed_tree"[0m
[2m2026-02-08T13:57:24.386430Z[0m [32m INFO[0m [1mapp[0m:[1mtask[0m: [2mfamilyserver_backend::tasks::seed_graph[0m[2m:[0m Created medlem entry for Kaya Wistoft - Christensen [2m[3menvironment[0m[2m=[0mdevelopment[0m [2m[3mtask[0m[2m=[0m"seed_tree"[0m
[2m2026-02-08T13:57:24.386479Z[0m [31mERROR[0m [1mapp[0m:[1mtask[0m: [2mfamilyserver_backend::tasks::seed_graph[0m[2m:[0m [WARN] No user created for Kaya Wistoft - Christensen, cannot add editor privileges [2m[3menvironment[0m[2m=[0mdevelopment[0m [2m[3mtask[0m[2m=[0m"seed_tree"[0m
[2m2026-02-08T13:57:24.387354Z[0m [32m INFO[0m [1mapp[0m:[1mtask[0m: [2msqlx::query[0m[2m:[0m [3msummary[0m[2m=[0m"SELECT \"medlem\".\"id\", \"medlem\".\"pid\", \"medlem\".\"name\", …" [3mdb.statement[0m[2m=[0m"\n\nSELECT \"medlem\".\"id\", \"medlem\".\"pid\", \"medlem\".\"name\", \"medlem\".\"email\", \"medlem\".\"phone_nr\", \"medlem\".\"address\", \"medlem\".\"city\", \"medlem\".\"birthdate\", \"medlem\".\"final_date\", \"medlem\".\"status\", \"medlem\".\"user_pid\", \"medlem\".\"parents_pid\", \"medlem\".\"previous_partners\", \"medlem\".\"children_pid\", \"medlem\".\"partner_pid\", \"medlem\".\"created_at\", \"medlem\".\"updated_at\" FROM \"medlem\" WHERE \"medlem\".\"name\" = $1 LIMIT $2\n" [3mrows_affected[0m[2m=[0m0 [3mrows_returned[0m[2m=[0m0 [3melapsed[0m[2m=[0m295.242µs [3melapsed_secs[0m[2m=[0m0.000295242 [2m[3menvironment[0m[2m=[0mdevelopment[0m [2m[3mtask[0m[2m=[0m"seed_tree"[0m
[2m2026-02-08T13:57:24.390841Z[0m [32m INFO[0m [1mapp[0m:[1mtask[0m: [2msqlx::query[0m[2m:[0m [3msummary[0m[2m=[0m"INSERT INTO \"medlem\" (\"pid\", …" [3mdb.statement[0m[2m=[0m"\n\nINSERT INTO \"medlem\" (\"pid\", \"name\", \"email\", \"phone_nr\", \"address\", \"city\", \"birthdate\", \"final_date\", \"user_pid\", \"partner_pid\") VALUES ($1, $2, $3, $4, $5, $6, $7, $8, $9, $10) RETURNING \"id\", \"pid\", \"name\", \"email\", \"phone_nr\", \"address\", \"city\", \"birthdate\", \"final_date\", \"status\", \"user_pid\", \"parents_pid\", \"previous_partners\", \"children_pid\", \"partner_pid\", \"created_at\", \"updated_at\"\n" [3mrows_affected[0m[2m=[0m1 [3mrows_returned[0m[2m=[0m1 [3melapsed[0m[2m=[0m2.976605ms [3melapsed_secs[0m[2m=[0m0.002976605 [2m[3menvironment[0m[2m=[0mdevelopment[0m [2m[3mtask[0m[2m=[0m"seed_tree"[0m
[2m2026-02-08T13:57:24.391025Z[0m [32m INFO[0m [1mapp[0m:[1mtask[0m: [2mfamilyserver_backend::tasks::seed_graph[0m[2m:[0m Created medlem entry for Casper Wistoft - Christensen [2m[3menvironment[0m[2m=[0mdevelopment[0m [2m[3mtask[0m[2m=[0m"seed_tree"[0m
[2m2026-02-08T13:57:24.391099Z[0m [31mERROR[0m [1mapp[0m:[1mtask[0m: [2mfamilyserver_backend::tasks::seed_graph[0m[2m:[0m [WARN] No user created for Casper Wistoft - Christensen, cannot add editor privileges [2m[3menvironment[0m[2m=[0mdevelopment[0m [2m[3mtask[0m[2m=[0m"seed_tree"[0m
[2m2026-02-08T13:57:24.391823Z[0m [32m INFO[0m [1mapp[0m:[1mtask[0m: [2msqlx::query[0m[2m:[0m [3msummary[0m[2m=[0m"SELECT \"user\".\"created_at\", \"user\".\"updated_at\", \"user\".\"id\", …" [3mdb.statement[0m[2m=[0m"\n\nSELECT \"user\".\"created_at\", \"user\".\"updated_at\", \"user\".\"id\", \"user\".\"pid\", \"user\".\"email\", \"user\".\"password\", \"user\".\"api_key\", \"user\".\"name\", \"user\".\"reset_token\", \"user\".\"reset_sent_at\", \"user\".\"magic_link_token\", \"user\".\"magic_link_token_expiration\" FROM \"user\" WHERE \"user\".\"name\" = $1 LIMIT $2\n" [3mrows_affected[0m[2m=[0m0 [3mrows_returned[0m[2m=[0m0 [3melapsed[0m[2m=[0m285.519µs [3melapsed_secs[0m[2m=[0m0.000285519 [2m[3menvironment[0m[2m=[0mdevelopment[0m [2m[3mtask[0m[2m=[0m"seed_tree"[0m
[2m2026-02-08T13:57:24.870665Z[0m [32m INFO[0m [1mapp[0m:[1mtask[0m: [2msqlx::query[0m[2m:[0m [3msummary[0m[2m=[0m"INSERT INTO \"user\" (\"pid\", …" [3mdb.statement[0m[2m=[0m"\n\nINSERT INTO \"user\" (\"pid\", \"email\", \"password\", \"api_key\", \"name\") VALUES ($1, $2, $3, $4, $5) RETURNING \"created_at\", \"updated_at\", \"id\", \"pid\", \"email\", \"password\", \"api_key\", \"name\", \"reset_token\", \"reset_sent_at\", \"magic_link_token\", \"magic_link_token_expiration\"\n" [3mrows_affected[0m[2m=[0m1 [3mrows_returned[0m[2m=[0m1 [3melapsed[0m[2m=[0m6.733984ms [3melapsed_secs[0m[2m=[0m0.006733984 [2m[3menvironment[0m[2m=[0mdevelopment[0m [2m[3mtask[0m[2m=[0m"seed_tree"[0m
[2m2026-02-08T13:57:24.871558Z[0m [32m INFO[0m [1mapp[0m:[1mtask[0m: [2msqlx::query[0m[2m:[0m [3msummary[0m[2m=[0m"SELECT \"medlem\".\"id\", \"medlem\".\"pid\", \"medlem\".\"name\", …" [3mdb.statement[0m[2m=[0m"\n\nSELECT \"medlem\".\"id\", \"medlem\".\"pid\", \"medlem\".\"name\", \"medlem\".\"email\", \"medlem\".\"phone_nr\", \"medlem\".\"address\", \"medlem\".\"city\", \"medlem\".\"birthdate\", \"medlem\".\"final_date\", \"medlem\".\"status\", \"medlem\".\"user_pid\", \"medlem\".\"parents_pid\", \"medlem\".\"previous_partners\", \"medlem\".\"children_pid\", \"medlem\".\"partner_pid\", \"medlem\".\"created_at\", \"medlem\".\"updated_at\" FROM \"medlem\" WHERE \"medlem\".\"name\" = $1 LIMIT $2\n" [3mrows_affected[0m[2m=[0m0 [3mrows_returned[0m[2m=[0m0 [3melapsed[0m[2m=[0m264.452µs [3melapsed_secs[0m[2m=[0m0.000264452 [2m[3menvironment[0m[2m=[0mdevelopment[0m [2m[3mtask[0m[2m=[0m"seed_tree"[0m
[2m2026-02-08T13:57:24.875303Z[0m [32m INFO[0m [1mapp[0m:[1mtask[0m: [2msqlx::query[0m[2m:[0m [3msummary[0m[2m=[0m"INSERT INTO \"medlem\" (\"pid\", …" [3mdb.statement[0m[2m=[0m"\n\nINSERT INTO \"medlem\" (\"pid\", \"name\", \"email\", \"phone_nr\", \"address\", \"city\", \"birthdate\", \"final_date\", \"user_pid\", \"partner_pid\") VALUES ($1, $2, $3, $4, $5, $6, $7, $8, $9, $10) RETURNING \"id\", \"pid\", \"name\", \"email\", \"phone_nr\", \"address\", \"city\", \"birthdate\", \"final_date\", \"status\", \"user_pid\", \"parents_pid\", \"previous_partners\", \"children_pid\", \"partner_pid\", \"created_at\", \"updated_at\"\n" [3mrows_affected[0m[2m=[0m1 [3mrows_returned[0m[2m=[0m1 [3melapsed[0m[2m=[0m3.252082ms [3melapsed_secs[0m[2m=[0m0.003252082 [2m[3menvironment[0m[2m=[0mdevelopment[0m [2m[3mtask[0m[2m=[0m"seed_tree"[0m
[2m2026-02-08T13:57:24.875530Z[0m [32m INFO[0m [1mapp[0m:[1mtask[0m: [2mfamilyserver_backend::tasks::seed_graph[0m[2m:[0m Created medlem entry for Mikael Wistoft - Ibsen [2m[3menvironment[0m[2m=[0mdevelopment[0m [2m[3mtask[0m[2m=[0m"seed_tree"[0m
[2m2026-02-08T13:57:24.875602Z[0m [32m INFO[0m [1mapp[0m:[1mtask[0m: [2mfamilyserver_backend::tasks::seed_graph[0m[2m:[0m [INFO] Adding user as editor to medlem [2m[3menvironment[0m[2m=[0mdevelopment[0m [2m[3mtask[0m[2m=[0m"seed_tree"[0m
[2m2026-02-08T13:57:24.879153Z[0m [32m INFO[0m [1mapp[0m:[1mtask[0m: [2msqlx::query[0m[2m:[0m [3msummary[0m[2m=[0m"INSERT INTO \"medlem_editors\" (\"medlem_pid\", …" [3mdb.statement[0m[2m=[0m"\n\nINSERT INTO \"medlem_editors\" (\"medlem_pid\", \"user_pid\", \"role\") VALUES ($1, $2, $3) RETURNING \"id\", \"medlem_pid\", \"user_pid\", \"role\"\n" [3mrows_affected[0m[2m=[0m1 [3mrows_returned[0m[2m=[0m1 [3melapsed[0m[2m=[0m3.031701ms [3melapsed_secs[0m[2m=[0m0.003031701 [2m[3menvironment[0m[2m=[0mdevelopment[0m [2m[3mtask[0m[2m=[0m"seed_tree"[0m
[2m2026-02-08T13:57:24.879283Z[0m [32m INFO[0m [1mapp[0m:[1mtask[0m: [2mfamilyserver_backend::tasks::seed_graph[0m[2m:[0m User was added as editor for medlem [2m[3menvironment[0m[2m=[0mdevelopment[0m [2m[3mtask[0m[2m=[0m"seed_tree"[0m
[2m2026-02-08T13:57:24.880158Z[0m [32m INFO[0m [1mapp[0m:[1mtask[0m: [2msqlx::query[0m[2m:[0m [3msummary[0m[2m=[0m"SELECT \"user\".\"created_at\", \"user\".\"updated_at\", \"user\".\"id\", …" [3mdb.statement[0m[2m=[0m"\n\nSELECT \"user\".\"created_at\", \"user\".\"updated_at\", \"user\".\"id\", \"user\".\"pid\", \"user\".\"email\", \"user\".\"password\", \"user\".\"api_key\", \"user\".\"name\", \"user\".\"reset_token\", \"user\".\"reset_sent_at\", \"user\".\"magic_link_token\", \"user\".\"magic_link_token_expiration\" FROM \"user\" WHERE \"user\".\"name\" = $1 LIMIT $2\n" [3mrows_affected[0m[2m=[0m0 [3mrows_returned[0m[2m=[0m0 [3melapsed[0m[2m=[0m350.049µs [3melapsed_secs[0m[2m=[0m0.000350049 [2m[3menvironment[0m[2m=[0mdevelopment[0m [2m[3mtask[0m[2m=[0m"seed_tree"[0m
[2m2026-02-08T13:57:25.354428Z[0m [32m INFO[0m [1mapp[0m:[1mtask[0m: [2msqlx::query[0m[2m:[0m [3msummary[0m[2m=[0m"INSERT INTO \"user\" (\"pid\", …" [3mdb.statement[0m[2m=[0m"\n\nINSERT INTO \"user\" (\"pid\", \"email\", \"password\", \"api_key\", \"name\") VALUES ($1, $2, $3, $4, $5) RETURNING \"created_at\", \"updated_at\", \"id\", \"pid\", \"email\", \"password\", \"api_key\", \"name\", \"reset_token\", \"reset_sent_at\", \"magic_link_token\", \"magic_link_token_expiration\"\n" [3mrows_affected[0m[2m=[0m1 [3mrows_returned[0m[2m=[0m1 [3melapsed[0m[2m=[0m6.715929ms [3melapsed_secs[0m[2m=[0m0.006715929 [2m[3menvironment[0m[2m=[0mdevelopment[0m [2m[3mtask[0m[2m=[0m"seed_tree"[0m
[2m2026-02-08T13:57:25.355382Z[0m [32m INFO[0m [1mapp[0m:[1mtask[0m: [2msqlx::query[0m[2m:[0m [3msummary[0m[2m=[0m"SELECT \"medlem\".\"id\", \"medlem\".\"pid\", \"medlem\".\"name\", …" [3mdb.statement[0m[2m=[0m"\n\nSELECT \"medlem\".\"id\", \"medlem\".\"pid\", \"medlem\".\"name\", \"medlem\".\"email\", \"medlem\".\"phone_nr\", \"medlem\".\"address\", \"medlem\".\"city\", \"medlem\".\"birthdate\", \"medlem\".\"final_date\", \"medlem\".\"status\", \"medlem\".\"user_pid\", \"medlem\".\"parents_pid\", \"medlem\".\"previous_partners\", \"medlem\".\"children_pid\", \"medlem\".\"partner_pid\", \"medlem\".\"created_at\", \"medlem\".\"updated_at\" FROM \"medlem\" WHERE \"medlem\".\"name\" = $1 LIMIT $2\n" [3mrows_affected[0m[2m=[0m0 [3mrows_returned[0m[2m=[0m0 [3melapsed[0m[2m=[0m301.088µs [3melapsed_secs[0m[2m=[0m0.000301088 [2m[3menvironment[0m[2m=[0mdevelopment[0m [2m[3mtask[0m[2m=[0m"seed_tree"[0m
[2m2026-02-08T13:57:25.359025Z[0m [32m INFO[0m [1mapp[0m:[1mtask[0m: [2msqlx::query[0m[2m:[0m [3msummary[0m[2m=[0m"INSERT INTO \"medlem\" (\"pid\", …" [3mdb.statement[0m[2m=[0m"\n\nINSERT INTO \"medlem\" (\"pid\", \"name\", \"email\", \"phone_nr\", \"address\", \"city\", \"birthdate\", \"final_date\", \"user_pid\", \"partner_pid\") VALUES ($1, $2, $3, $4, $5, $6, $7, $8, $9, $10) RETURNING \"id\", \"pid\", \"name\", \"email\", \"phone_nr\", \"address\", \"city\", \"birthdate\", \"final_date\", \"status\", \"user_pid\", \"parents_pid\", \"previous_partners\", \"children_pid\", \"partner_pid\", \"created_at\", \"updated_at\"\n" [3mrows_affected[0m[2m=[0m1 [3mrows_returned[0m[2m=[0m1 [3melapsed[0m[2m=[0m3.158853ms [3melapsed_secs[0m[2m=[0m0.003158853 [2m[3menvironment[0m[2m=[0mdevelopment[0m [2m[3mtask[0m[2m=[0m"seed_tree"[0m
[2m2026-02-08T13:57:25.359203Z[0m [32m INFO[0m [1mapp[0m:[1mtask[0m: [2mfamilyserver_backend::tasks::seed_graph[0m[2m:[0m Created medlem entry for Morten Wistoft - Ibsen [2m[3menvironment[0m[2m=[0mdevelopment[0m [2m[3mtask[0m[2m=[0m"seed_tree"[0m
[2m2026-02-08T13:57:25.359269Z[0m [32m INFO[0m [1mapp[0m:[1mtask[0m: [2mfamilyserver_backend::tasks::seed_graph[0m[2m:[0m [INFO] Adding user as editor to medlem [2m[3menvironment[0m[2m=[0mdevelopment[0m [2m[3mtask[0m[2m=[0m"seed_tree"[0m
[2m2026-02-08T13:57:25.363050Z[0m [32m INFO[0m [1mapp[0m:[1mtask[0m: [2msqlx::query[0m[2m:[0m [3msummary[0m[2m=[0m"INSERT INTO \"medlem_editors\" (\"medlem_pid\", …" [3mdb.statement[0m[2m=[0m"\n\nINSERT INTO \"medlem_editors\" (\"medlem_pid\", \"user_pid\", \"role\") VALUES ($1, $2, $3) RETURNING \"id\", \"medlem_pid\", \"user_pid\", \"role\"\n" [3mrows_affected[0m[2m=[0m1 [3mrows_returned[0m[2m=[0m1 [3melapsed[0m[2m=[0m3.284519ms [3melapsed_secs[0m[2m=[0m0.003284519 [2m[3menvironment[0m[2m=[0mdevelopment[0m [2m[3mtask[0m[2m=[0m"seed_tree"[0m
[2m2026-02-08T13:57:25.363194Z[0m [32m INFO[0m [1mapp[0m:[1mtask[0m: [2mfamilyserver_backend::tasks::seed_graph[0m[2m:[0m User was added as editor for medlem [2m[3menvironment[0m[2m=[0mdevelopment[0m [2m[3mtask[0m[2m=[0m"seed_tree"[0m
[2m2026-02-08T13:57:25.363897Z[0m [32m INFO[0m [1mapp[0m:[1mtask[0m: [2msqlx::query[0m[2m:[0m [3msummary[0m[2m=[0m"SELECT \"medlem\".\"id\", \"medlem\".\"pid\", \"medlem\".\"name\", …" [3mdb.statement[0m[2m=[0m"\n\nSELECT \"medlem\".\"id\", \"medlem\".\"pid\", \"medlem\".\"name\", \"medlem\".\"email\", \"medlem\".\"phone_nr\", \"medlem\".\"address\", \"medlem\".\"city\", \"medlem\".\"birthdate\", \"medlem\".\"final_date\", \"medlem\".\"status\", \"medlem\".\"user_pid\", \"medlem\".\"parents_pid\", \"medlem\".\"previous_partners\", \"medlem\".\"children_pid\", \"medlem\".\"partner_pid\", \"medlem\".\"created_at\", \"medlem\".\"updated_at\" FROM \"medlem\" WHERE \"medlem\".\"name\" = $1 LIMIT $2\n" [3mrows_affected[0m[2m=[0m0 [3mrows_returned[0m[2m=[0m0 [3melapsed[0m[2m=[0m230.259µs [3melapsed_secs[0m[2m=[0m0.000230259 [2m[3menvironment[0m[2m=[0mdevelopment[0m [2m[3mtask[0m[2m=[0m"seed_tree"[0m
[2m2026-02-08T13:57:25.367338Z[0m [32m INFO[0m [1mapp[0m:[1mtask[0m: [2msqlx::query[0m[2m:[0m [3msummary[0m[2m=[0m"INSERT INTO \"medlem\" (\"pid\", …" [3mdb.statement[0m[2m=[0m"\n\nINSERT INTO \"medlem\" (\"pid\", \"name\", \"email\", \"phone_nr\", \"address\", \"city\", \"birthdate\", \"final_date\", \"user_pid\", \"partner_pid\") VALUES ($1, $2, $3, $4, $5, $6, $7, $8, $9, $10) RETURNING \"id\", \"pid\", \"name\", \"email\", \"phone_nr\", \"address\", \"city\", \"birthdate\", \"final_date\", \"status\", \"user_pid\", \"parents_pid\", \"previous_partners\", \"children_pid\", \"partner_pid\", \"created_at\", \"updated_at\"\n" [3mrows_affected[0m[2m=[0m1 [3mrows_returned[0m[2m=[0m1 [3melapsed[0m[2m=[0m3.073306ms [3melapsed_secs[0m[2m=[0m0.003073306 [2m[3menvironment[0m[2m=[0mdevelopment[0m [2m[3mtask[0m[2m=[0m"seed_tree"[0m
[2m2026-02-08T13:57:25.367527Z[0m [32m INFO[0m [1mapp[0m:[1mtask[0m: [2mfamilyserver_backend::tasks::seed_graph[0m[2m:[0m Created medlem entry for Jonathan Wistoft - Ibsen [2m[3menvironment[0m[2m=[0mdevelopment[0m [2m[3mtask[0m[2m=[0m"seed_tree"[0m
[2m2026-02-08T13:57:25.367601Z[0m [31mERROR[0m [1mapp[0m:[1mtask[0m: [2mfamilyserver_backend::tasks::seed_graph[0m[2m:[0m [WARN] No user created for Jonathan Wistoft - Ibsen, cannot add editor privileges [2m[3menvironment[0m[2m=[0mdevelopment[0m [2m[3mtask[0m[2m=[0m"seed_tree"[0m
[2m2026-02-08T13:57:25.368354Z[0m [32m INFO[0m [1mapp[0m:[1mtask[0m: [2msqlx::query[0m[2m:[0m [3msummary[0m[2m=[0m"SELECT \"medlem\".\"id\", \"medlem\".\"pid\", \"medlem\".\"name\", …" [3mdb.statement[0m[2m=[0m"\n\nSELECT \"medlem\".\"id\", \"medlem\".\"pid\", \"medlem\".\"name\", \"medlem\".\"email\", \"medlem\".\"phone_nr\", \"medlem\".\"address\", \"medlem\".\"city\", \"medlem\".\"birthdate\", \"medlem\".\"final_date\", \"medlem\".\"status\", \"medlem\".\"user_pid\", \"medlem\".\"parents_pid\", \"medlem\".\"previous_partners\", \"medlem\".\"children_pid\", \"medlem\".\"partner_pid\", \"medlem\".\"created_at\", \"medlem\".\"updated_at\" FROM \"medlem\" WHERE \"medlem\".\"name\" = $1 LIMIT $2\n" [3mrows_affected[0m[2m=[0m0 [3mrows_returned[0m[2m=[0m0 [3melapsed[0m[2m=[0m299.273µs [3melapsed_secs[0m[2m=[0m0.000299273 [2m[3menvironment[0m[2m=[0mdevelopment[0m [2m[3mtask[0m[2m=[0m"seed_tree"[0m
[2m2026-02-08T13:57:25.371980Z[0m [32m INFO[0m [1mapp[0m:[1mtask[0m: [2msqlx::query[0m[2m:[0m [3msummary[0m[2m=[0m"INSERT INTO \"medlem\" (\"pid\", …" [3mdb.statement[0m[2m=[0m"\n\nINSERT INTO \"medlem\" (\"pid\", \"name\", \"email\", \"phone_nr\", \"address\", \"city\", \"birthdate\", \"final_date\", \"user_pid\", \"partner_pid\") VALUES ($1, $2, $3, $4, $5, $6, $7, $8, $9, $10) RETURNING \"id\", \"pid\", \"name\", \"email\", \"phone_nr\", \"address\", \"city\", \"birthdate\", \"final_date\", \"status\", \"user_pid\", \"parents_pid\", \"previous_partners\", \"children_pid\", \"partner_pid\", \"created_at\", \"updated_at\"\n" [3mrows_affected[0m[2m=[0m1 [3mrows_returned[0m[2m=[0m1 [3melapsed[0m[2m=[0m3.099964ms [3melapsed_secs[0m[2m=[0m0.003099964 [2m[3menvironment[0m[2m=[0mdevelopment[0m [2m[3mtask[0m[2m=[0m"seed_tree"[0m
[2m2026-02-08T13:57:25.372147Z[0m [32m INFO[0m [1mapp[0m:[1mtask[0m: [2mfamilyserver_backend::tasks::seed_graph[0m[2m:[0m Created medlem entry for Nikolaj Wistoft - Ibsen [2m[3menvironment[0m[2m=[0mdevelopment[0m [2m[3mtask[0m[2m=[0m"seed_tree"[0m
[2m2026-02-08T13:57:25.372196Z[0m [31mERROR[0m [1mapp[0m:[1mtask[0m: [2mfamilyserver_backend::tasks::seed_graph[0m[2m:[0m [WARN] No user created for Nikolaj Wistoft - Ibsen, cannot add editor privileges [2m[3menvironment[0m[2m=[0mdevelopment[0m [2m[3mtask[0m[2m=[0m"seed_tree"[0m
[2m2026-02-08T13:57:25.372862Z[0m [32m INFO[0m [1mapp[0m:[1mtask[0m: [2msqlx::query[0m[2m:[0m [3msummary[0m[2m=[0m"SELECT \"medlem\".\"id\", \"medlem\".\"pid\", \"medlem\".\"name\", …" [3mdb.statement[0m[2m=[0m"\n\nSELECT \"medlem\".\"id\", \"medlem\".\"pid\", \"medlem\".\"name\", \"medlem\".\"email\", \"medlem\".\"phone_nr\", \"medlem\".\"address\", \"medlem\".\"city\", \"medlem\".\"birthdate\", \"medlem\".\"final_date\", \"medlem\".\"status\", \"medlem\".\"user_pid\", \"medlem\".\"parents_pid\", \"medlem\".\"previous_partners\", \"medlem\".\"children_pid\", \"medlem\".\"partner_pid\", \"medlem\".\"created_at\", \"medlem\".\"updated_at\" FROM \"medlem\" WHERE \"medlem\".\"name\" = $1 LIMIT $2\n" [3mrows_affected[0m[2m=[0m0 [3mrows_returned[0m[2m=[0m0 [3melapsed[0m[2m=[0m263.987µs [3melapsed_secs[0m[2m=[0m0.000263987 [2m[3menvironment[0m[2m=[0mdevelopment[0m [2m[3mtask[0m[2m=[0m"seed_tree"[0m
[2m2026-02-08T13:57:25.376441Z[0m [32m INFO[0m [1mapp[0m:[1mtask[0m: [2msqlx::query[0m[2m:[0m [3msummary[0m[2m=[0m"INSERT INTO \"medlem\" (\"pid\", …" [3mdb.statement[0m[2m=[0m"\n\nINSERT INTO \"medlem\" (\"pid\", \"name\", \"email\", \"phone_nr\", \"address\", \"city\", \"birthdate\", \"final_date\", \"user_pid\", \"partner_pid\") VALUES ($1, $2, $3, $4, $5, $6, $7, $8, $9, $10) RETURNING \"id\", \"pid\", \"name\", \"email\", \"phone_nr\", \"address\", \"city\", \"birthdate\", \"final_date\", \"status\", \"user_pid\", \"parents_pid\", \"previous_partners\", \"children_pid\", \"partner_pid\", \"created_at\", \"updated_at\"\n" [3mrows_affected[0m[2m=[0m1 [3mrows_returned[0m[2m=[0m1 [3melapsed[0m[2m=[0m3.096937ms [3melapsed_secs[0m[2m=[0m0.003096937 [2m[3menvironment[0m[2m=[0mdevelopment[0m [2m[3mtask[0m[2m=[0m"seed_tree"[0m
[2m2026-02-08T13:57:25.376662Z[0m [32m INFO[0m [1mapp[0m:[1mtask[0m: [2mfamilyserver_backend::tasks::seed_graph[0m[2m:[0m Created medlem entry for Patrick Wistoft - Ibsen [2m[3menvironment[0m[2m=[0mdevelopment[0m [2m[3mtask[0m[2m=[0m"seed_tree"[0m
[2m2026-02-08T13:57:25.376715Z[0m [31mERROR[0m [1mapp[0m:[1mtask[0m: [2mfamilyserver_backend::tasks::seed_graph[0m[2m:[0m [WARN] No user created for Patrick Wistoft - Ibsen, cannot add editor privileges [2m[3menvironment[0m[2m=[0mdevelopment[0m [2m[3mtask[0m[2m=[0m"seed_tree"[0m
[2m2026-02-08T13:57:25.377335Z[0m [32m INFO[0m [1mapp[0m:[1mtask[0m: [2msqlx::query[0m[2m:[0m [3msummary[0m[2m=[0m"SELECT \"medlem\".\"id\", \"medlem\".\"pid\", \"medlem\".\"name\", …" [3mdb.statement[0m[2m=[0m"\n\nSELECT \"medlem\".\"id\", \"medlem\".\"pid\", \"medlem\".\"name\", \"medlem\".\"email\", \"medlem\".\"phone_nr\", \"medlem\".\"address\", \"medlem\".\"city\", \"medlem\".\"birthdate\", \"medlem\".\"final_date\", \"medlem\".\"status\", \"medlem\".\"user_pid\", \"medlem\".\"parents_pid\", \"medlem\".\"previous_partners\", \"medlem\".\"children_pid\", \"medlem\".\"partner_pid\", \"medlem\".\"created_at\", \"medlem\".\"updated_at\" FROM \"medlem\" WHERE \"medlem\".\"name\" = $1 LIMIT $2\n" [3mrows_affected[0m[2m=[0m0 [3mrows_returned[0m[2m=[0m0 [3melapsed[0m[2m=[0m218.431µs [3melapsed_secs[0m[2m=[0m0.000218431 [2m[3menvironment[0m[2m=[0mdevelopment[0m [2m[3mtask[0m[2m=[0m"seed_tree"[0m
[2m2026-02-08T13:57:25.380797Z[0m [32m INFO[0m [1mapp[0m:[1mtask[0m: [2msqlx::query[0m[2m:[0m [3msummary[0m[2m=[0m"INSERT INTO \"medlem\" (\"pid\", …" [3mdb.statement[0m[2m=[0m"\n\nINSERT INTO \"medlem\" (\"pid\", \"name\", \"email\", \"phone_nr\", \"address\", \"city\", \"birthdate\", \"final_date\", \"user_pid\", \"partner_pid\") VALUES ($1, $2, $3, $4, $5, $6, $7, $8, $9, $10) RETURNING \"id\", \"pid\", \"name\", \"email\", \"phone_nr\", \"address\", \"city\", \"birthdate\", \"final_date\", \"status\", \"user_pid\", \"parents_pid\", \"previous_partners\", \"children_pid\", \"partner_pid\", \"created_at\", \"updated_at\"\n" [3mrows_affected[0m[2m=[0m1 [3mrows_returned[0m[2m=[0m1 [3melapsed[0m[2m=[0m3.015183ms [3melapsed_secs[0m[2m=[0m0.003015183 [2m[3menvironment[0m[2m=[0mdevelopment[0m [2m[3mtask[0m[2m=[0m"seed_tree"[0m
[2m2026-02-08T13:57:25.380989Z[0m [32m INFO[0m [1mapp[0m:[1mtask[0m: [2mfamilyserver_backend::tasks::seed_graph[0m[2m:[0m Created medlem entry for ~ Rikke f. [2m[3menvironment[0m[2m=[0mdevelopment[0m [2m[3mtask[0m[2m=[0m"seed_tree"[0m
[2m2026-02-08T13:57:25.381038Z[0m [31mERROR[0m [1mapp[0m:[1mtask[0m: [2mfamilyserver_backend::tasks::seed_graph[0m[2m:[0m [WARN] No user created for ~ Rikke f., cannot add editor privileges [2m[3menvironment[0m[2m=[0mdevelopment[0m [2m[3mtask[0m[2m=[0m"seed_tree"[0m
[2m2026-02-08T13:57:25.381828Z[0m [32m INFO[0m [1mapp[0m:[1mtask[0m: [2msqlx::query[0m[2m:[0m [3msummary[0m[2m=[0m"SELECT \"user\".\"created_at\", \"user\".\"updated_at\", \"user\".\"id\", …" [3mdb.statement[0m[2m=[0m"\n\nSELECT \"user\".\"created_at\", \"user\".\"updated_at\", \"user\".\"id\", \"user\".\"pid\", \"user\".\"email\", \"user\".\"password\", \"user\".\"api_key\", \"user\".\"name\", \"user\".\"reset_token\", \"user\".\"reset_sent_at\", \"user\".\"magic_link_token\", \"user\".\"magic_link_token_expiration\" FROM \"user\" WHERE \"user\".\"name\" = $1 LIMIT $2\n" [3mrows_affected[0m[2m=[0m0 [3mrows_returned[0m[2m=[0m0 [3melapsed[0m[2m=[0m436.154µs [3melapsed_secs[0m[2m=[0m0.000436154 [2m[3menvironment[0m[2m=[0mdevelopment[0m [2m[3mtask[0m[2m=[0m"seed_tree"[0m
[2m2026-02-08T13:57:25.864498Z[0m [32m INFO[0m [1mapp[0m:[1mtask[0m: [2msqlx::query[0m[2m:[0m [3msummary[0m[2m=[0m"INSERT INTO \"user\" (\"pid\", …" [3mdb.statement[0m[2m=[0m"\n\nINSERT INTO \"user\" (\"pid\", \"email\", \"password\", \"api_key\", \"name\") VALUES ($1, $2, $3, $4, $5) RETURNING \"created_at\", \"updated_at\", \"id\", \"pid\", \"email\", \"password\", \"api_key\", \"name\", \"reset_token\", \"reset_sent_at\", \"magic_link_token\", \"magic_link_token_expiration\"\n" [3mrows_affected[0m[2m=[0m1 [3mrows_returned[0m[2m=[0m1 [3melapsed[0m[2m=[0m6.689349ms [3melapsed_secs[0m[2m=[0m0.006689349 [2m[3menvironment[0m[2m=[0mdevelopment[0m [2m[3mtask[0m[2m=[0m"seed_tree"[0m
[2m2026-02-08T13:57:25.865430Z[0m [32m INFO[0m [1mapp[0m:[1mtask[0m: [2msqlx::query[0m[2m:[0m [3msummary[0m[2m=[0m"SELECT \"medlem\".\"id\", \"medlem\".\"pid\", \"medlem\".\"name\", …" [3mdb.statement[0m[2m=[0m"\n\nSELECT \"medlem\".\"id\", \"medlem\".\"pid\", \"medlem\".\"name\", \"medlem\".\"email\", \"medlem\".\"phone_nr\", \"medlem\".\"address\", \"medlem\".\"city\", \"medlem\".\"birthdate\", \"medlem\".\"final_date\", \"medlem\".\"status\", \"medlem\".\"user_pid\", \"medlem\".\"parents_pid\", \"medlem\".\"previous_partners\", \"medlem\".\"children_pid\", \"medlem\".\"partner_pid\", \"medlem\".\"created_at\", \"medlem\".\"updated_at\" FROM \"medlem\" WHERE \"medlem\".\"name\" = $1 LIMIT $2\n" [3mrows_affected[0m[2m=[0m0 [3mrows_returned[0m[2m=[0m0 [3melapsed[0m[2m=[0m279.866µs [3melapsed_secs[0m[2m=[0m0.000279866 [2m[3menvironment[0m[2m=[0mdevelopment[0m [2m[3mtask[0m[2m=[0m"seed_tree"[0m
[2m2026-02-08T13:57:25.869582Z[0m [32m INFO[0m [1mapp[0m:[1mtask[0m: [2msqlx::query[0m[2m:[0m [3msummary[0m[2m=[0m"INSERT INTO \"medlem\" (\"pid\", …" [3mdb.statement[0m[2m=[0m"\n\nINSERT INTO \"medlem\" (\"pid\", \"name\", \"email\", \"phone_nr\", \"address\", \"city\", \"birthdate\", \"final_date\", \"user_pid\", \"partner_pid\") VALUES ($1, $2, $3, $4, $5, $6, $7, $8, $9, $10) RETURNING \"id\", \"pid\", \"name\", \"email\", \"phone_nr\", \"address\", \"city\", \"birthdate\", \"final_date\", \"status\", \"user_pid\", \"parents_pid\", \"previous_partners\", \"children_pid\", \"partner_pid\", \"created_at\", \"updated_at\"\n" [3mrows_affected[0m[2m=[0m1 [3mrows_returned[0m[2m=[0m1 [3melapsed[0m[2m=[0m3.487547ms [3melapsed_secs[0m[2m=[0m0.003487547 [2m[3menvironment[0m[2m=[0mdevelopment[0m [2m[3mtask[0m[2m=[0m"seed_tree"[0m
[2m2026-02-08T13:57:25.869761Z[0m [32m INFO[0m [1mapp[0m:[1mtask[0m: [2mfamilyserver_backend::tasks::seed_graph[0m[2m:[0m Created medlem entry for Troels Wistoft - Ibsen [2m[3menvironment[0m[2m=[0mdevelopment[0m [2m[3mtask[0m[2m=[0m"seed_tree"[0m
[2m2026-02-08T13:57:25.869828Z[0m [32m INFO[0m [1mapp[0m:[1mtask[0m: [2mfamilyserver_backend::tasks::seed_graph[0m[2m:[0m [INFO] Adding user as editor to medlem [2m[3menvironment[0m[2m=[0mdevelopment[0m [2m[3mtask[0m[2m=[0m"seed_tree"[0m
[2m2026-02-08T13:57:25.873205Z[0m [32m INFO[0m [1mapp[0m:[1mtask[0m: [2msqlx::query[0m[2m:[0m [3msummary[0m[2m=[0m"INSERT INTO \"medlem_editors\" (\"medlem_pid\", …" [3mdb.statement[0m[2m=[0m"\n\nINSERT INTO \"medlem_editors\" (\"medlem_pid\", \"user_pid\", \"role\") VALUES ($1, $2, $3) RETURNING \"id\", \"medlem_pid\", \"user_pid\", \"role\"\n" [3mrows_affected[0m[2m=[0m1 [3mrows_returned[0m[2m=[0m1 [3melapsed[0m[2m=[0m2.98448ms [3melapsed_secs[0m[2m=[0m0.00298448 [2m[3menvironment[0m[2m=[0mdevelopment[0m [2m[3mtask[0m[2m=[0m"seed_tree"[0m
[2m2026-02-08T13:57:25.873350Z[0m [32m INFO[0m [1mapp[0m:[1mtask[0m: [2mfamilyserver_backend::tasks::seed_graph[0m[2m:[0m User was added as editor for medlem [2m[3menvironment[0m[2m=[0mdevelopment[0m [2m[3mtask[0m[2m=[0m"seed_tree"[0m
[2m2026-02-08T13:57:25.874073Z[0m [32m INFO[0m [1mapp[0m:[1mtask[0m: [2msqlx::query[0m[2m:[0m [3msummary[0m[2m=[0m"SELECT \"medlem\".\"id\", \"medlem\".\"pid\", \"medlem\".\"name\", …" [3mdb.statement[0m[2m=[0m"\n\nSELECT \"medlem\".\"id\", \"medlem\".\"pid\", \"medlem\".\"name\", \"medlem\".\"email\", \"medlem\".\"phone_nr\", \"medlem\".\"address\", \"medlem\".\"city\", \"medlem\".\"birthdate\", \"medlem\".\"final_date\", \"medlem\".\"status\", \"medlem\".\"user_pid\", \"medlem\".\"parents_pid\", \"medlem\".\"previous_partners\", \"medlem\".\"children_pid\", \"medlem\".\"partner_pid\", \"medlem\".\"created_at\", \"medlem\".\"updated_at\" FROM \"medlem\" WHERE \"medlem\".\"name\" = $1 LIMIT $2\n" [3mrows_affected[0m[2m=[0m0 [3mrows_returned[0m[2m=[0m0 [3melapsed[0m[2m=[0m264.189µs [3melapsed_secs[0m[2m=[0m0.000264189 [2m[3menvironment[0m[2m=[0mdevelopment[0m [2m[3mtask[0m[2m=[0m"seed_tree"[0m
[2m2026-02-08T13:57:25.877501Z[0m [32m INFO[0m [1mapp[0m:[1mtask[0m: [2msqlx::query[0m[2m:[0m [3msummary[0m[2m=[0m"INSERT INTO \"medlem\" (\"pid\", …" [3mdb.statement[0m[2m=[0m"\n\nINSERT INTO \"medlem\" (\"pid\", \"name\", \"email\", \"phone_nr\", \"address\", \"city\", \"birthdate\", \"final_date\", \"user_pid\", \"partner_pid\") VALUES ($1, $2, $3, $4, $5, $6, $7, $8, $9, $10) RETURNING \"id\", \"pid\", \"name\", \"email\", \"phone_nr\", \"address\", \"city\", \"birthdate\", \"final_date\", \"status\", \"user_pid\", \"parents_pid\", \"previous_partners\", \"children_pid\", \"partner_pid\", \"created_at\", \"updated_at\"\n" [3mrows_affected[0m[2m=[0m1 [3mrows_returned[0m[2m=[0m1 [3melapsed[0m[2m=[0m2.974889ms [3melapsed_secs[0m[2m=[0m0.002974889 [2m[3menvironment[0m[2m=[0mdevelopment[0m [2m[3mtask[0m[2m=[0m"seed_tree"[0m
[2m2026-02-08T13:57:25.877683Z[0m [32m INFO[0m [1mapp[0m:[1mtask[0m: [2mfamilyserver_backend::tasks::seed_graph[0m[2m:[0m Created medlem entry for William Wistoft - Ibsen [2m[3menvironment[0m[2m=[0mdevelopment[0m [2m[3mtask[0m[2m=[0m"seed_tree"[0m
[2m2026-02-08T13:57:25.877750Z[0m [31mERROR[0m [1mapp[0m:[1mtask[0m: [2mfamilyserver_backend::tasks::seed_graph[0m[2m:[0m [WARN] No user created for William Wistoft - Ibsen, cannot add editor privileges [2m[3menvironment[0m[2m=[0mdevelopment[0m [2m[3mtask[0m[2m=[0m"seed_tree"[0m
[2m2026-02-08T13:57:25.878399Z[0m [32m INFO[0m [1mapp[0m:[1mtask[0m: [2msqlx::query[0m[2m:[0m [3msummary[0m[2m=[0m"SELECT \"medlem\".\"id\", \"medlem\".\"pid\", \"medlem\".\"name\", …" [3mdb.statement[0m[2m=[0m"\n\nSELECT \"medlem\".\"id\", \"medlem\".\"pid\", \"medlem\".\"name\", \"medlem\".\"email\", \"medlem\".\"phone_nr\", \"medlem\".\"address\", \"medlem\".\"city\", \"medlem\".\"birthdate\", \"medlem\".\"final_date\", \"medlem\".\"status\", \"medlem\".\"user_pid\", \"medlem\".\"parents_pid\", \"medlem\".\"previous_partners\", \"medlem\".\"children_pid\", \"medlem\".\"partner_pid\", \"medlem\".\"created_at\", \"medlem\".\"updated_at\" FROM \"medlem\" WHERE \"medlem\".\"name\" = $1 LIMIT $2\n" [3mrows_affected[0m[2m=[0m0 [3mrows_returned[0m[2m=[0m0 [3melapsed[0m[2m=[0m224.97µs [3melapsed_secs[0m[2m=[0m0.00022497 [2m[3menvironment[0m[2m=[0mdevelopment[0m [2m[3mtask[0m[2m=[0m"seed_tree"[0m
[2m2026-02-08T13:57:25.881737Z[0m [32m INFO[0m [1mapp[0m:[1mtask[0m: [2msqlx::query[0m[2m:[0m [3msummary[0m[2m=[0m"INSERT INTO \"medlem\" (\"pid\", …" [3mdb.statement[0m[2m=[0m"\n\nINSERT INTO \"medlem\" (\"pid\", \"name\", \"email\", \"phone_nr\", \"address\", \"city\", \"birthdate\", \"final_date\", \"user_pid\", \"partner_pid\") VALUES ($1, $2, $3, $4, $5, $6, $7, $8, $9, $10) RETURNING \"id\", \"pid\", \"name\", \"email\", \"phone_nr\", \"address\", \"city\", \"birthdate\", \"final_date\", \"status\", \"user_pid\", \"parents_pid\", \"previous_partners\", \"children_pid\", \"partner_pid\", \"created_at\", \"updated_at\"\n" [3mrows_affected[0m[2m=[0m1 [3mrows_returned[0m[2m=[0m1 [3melapsed[0m[2m=[0m2.89802ms [3melapsed_secs[0m[2m=[0m0.00289802 [2m[3menvironment[0m[2m=[0mdevelopment[0m [2m[3mtask[0m[2m=[0m"seed_tree"[0m
[2m2026-02-08T13:57:25.881909Z[0m [32m INFO[0m [1mapp[0m:[1mtask[0m: [2mfamilyserver_backend::tasks::seed_graph[0m[2m:[0m Created medlem entry for Frederik Wistoft - Ibsen [2m[3menvironment[0m[2m=[0mdevelopment[0m [2m[3mtask[0m[2m=[0m"seed_tree"[0m
[2m2026-02-08T13:57:25.881959Z[0m [31mERROR[0m [1mapp[0m:[1mtask[0m: [2mfamilyserver_backend::tasks::seed_graph[0m[2m:[0m [WARN] No user created for Frederik Wistoft - Ibsen, cannot add editor privileges [2m[3menvironment[0m[2m=[0mdevelopment[0m [2m[3mtask[0m[2m=[0m"seed_tree"[0m
[2m2026-02-08T13:57:25.882709Z[0m [32m INFO[0m [1mapp[0m:[1mtask[0m: [2msqlx::query[0m[2m:[0m [3msummary[0m[2m=[0m"SELECT \"medlem\".\"id\", \"medlem\".\"pid\", \"medlem\".\"name\", …" [3mdb.statement[0m[2m=[0m"\n\nSELECT \"medlem\".\"id\", \"medlem\".\"pid\", \"medlem\".\"name\", \"medlem\".\"email\", \"medlem\".\"phone_nr\", \"medlem\".\"address\", \"medlem\".\"city\", \"medlem\".\"birthdate\", \"medlem\".\"final_date\", \"medlem\".\"status\", \"medlem\".\"user_pid\", \"medlem\".\"parents_pid\", \"medlem\".\"previous_partners\", \"medlem\".\"children_pid\", \"medlem\".\"partner_pid\", \"medlem\".\"created_at\", \"medlem\".\"updated_at\" FROM \"medlem\" WHERE \"medlem\".\"name\" = $1 LIMIT $2\n" [3mrows_affected[0m[2m=[0m0 [3mrows_returned[0m[2m=[0m0 [3melapsed[0m[2m=[0m336.064µs [3melapsed_secs[0m[2m=[0m0.000336064 [2m[3menvironment[0m[2m=[0mdevelopment[0m [2m[3mtask[0m[2m=[0m"seed_tree"[0m
[2m2026-02-08T13:57:25.886187Z[0m [32m INFO[0m [1mapp[0m:[1mtask[0m: [2msqlx::query[0m[2m:[0m [3msummary[0m[2m=[0m"INSERT INTO \"medlem\" (\"pid\", …" [3mdb.statement[0m[2m=[0m"\n\nINSERT INTO \"medlem\" (\"pid\", \"name\", \"email\", \"phone_nr\", \"address\", \"city\", \"birthdate\", \"final_date\", \"user_pid\", \"partner_pid\") VALUES ($1, $2, $3, $4, $5, $6, $7, $8, $9, $10) RETURNING \"id\", \"pid\", \"name\", \"email\", \"phone_nr\", \"address\", \"city\", \"birthdate\", \"final_date\", \"status\", \"user_pid\", \"parents_pid\", \"previous_partners\", \"children_pid\", \"partner_pid\", \"created_at\", \"updated_at\"\n" [3mrows_affected[0m[2m=[0m1 [3mrows_returned[0m[2m=[0m1 [3melapsed[0m[2m=[0m3.063283ms [3melapsed_secs[0m[2m=[0m0.003063283 [2m[3menvironment[0m[2m=[0mdevelopment[0m [2m[3mtask[0m[2m=[0m"seed_tree"[0m
[2m2026-02-08T13:57:25.886364Z[0m [32m INFO[0m [1mapp[0m:[1mtask[0m: [2mfamilyserver_backend::tasks::seed_graph[0m[2m:[0m Created medlem entry for Christian Wistoft - Ibsen [2m[3menvironment[0m[2m=[0mdevelopment[0m [2m[3mtask[0m[2m=[0m"seed_tree"[0m
[2m2026-02-08T13:57:25.886436Z[0m [31mERROR[0m [1mapp[0m:[1mtask[0m: [2mfamilyserver_backend::tasks::seed_graph[0m[2m:[0m [WARN] No user created for Christian Wistoft - Ibsen, cannot add editor privileges [2m[3menvironment[0m[2m=[0mdevelopment[0m [2m[3mtask[0m[2m=[0m"seed_tree"[0m
[2m2026-02-08T13:57:25.887114Z[0m [32m INFO[0m [1mapp[0m:[1mtask[0m: [2msqlx::query[0m[2m:[0m [3msummary[0m[2m=[0m"SELECT \"medlem\".\"id\", \"medlem\".\"pid\", \"medlem\".\"name\", …" [3mdb.statement[0m[2m=[0m"\n\nSELECT \"medlem\".\"id\", \"medlem\".\"pid\", \"medlem\".\"name\", \"medlem\".\"email\", \"medlem\".\"phone_nr\", \"medlem\".\"address\", \"medlem\".\"city\", \"medlem\".\"birthdate\", \"medlem\".\"final_date\", \"medlem\".\"status\", \"medlem\".\"user_pid\", \"medlem\".\"parents_pid\", \"medlem\".\"previous_partners\", \"medlem\".\"children_pid\", \"medlem\".\"partner_pid\", \"medlem\".\"created_at\", \"medlem\".\"updated_at\" FROM \"medlem\" WHERE \"medlem\".\"name\" = $1 LIMIT $2\n" [3mrows_affected[0m[2m=[0m0 [3mrows_returned[0m[2m=[0m0 [3melapsed[0m[2m=[0m283.846µs [3melapsed_secs[0m[2m=[0m0.000283846 [2m[3menvironment[0m[2m=[0mdevelopment[0m [2m[3mtask[0m[2m=[0m"seed_tree"[0m
[2m2026-02-08T13:57:25.890544Z[0m [32m INFO[0m [1mapp[0m:[1mtask[0m: [2msqlx::query[0m[2m:[0m [3msummary[0m[2m=[0m"INSERT INTO \"medlem\" (\"pid\", …" [3mdb.statement[0m[2m=[0m"\n\nINSERT INTO \"medlem\" (\"pid\", \"name\", \"email\", \"phone_nr\", \"address\", \"city\", \"birthdate\", \"final_date\", \"user_pid\", \"partner_pid\") VALUES ($1, $2, $3, $4, $5, $6, $7, $8, $9, $10) RETURNING \"id\", \"pid\", \"name\", \"email\", \"phone_nr\", \"address\", \"city\", \"birthdate\", \"final_date\", \"status\", \"user_pid\", \"parents_pid\", \"previous_partners\", \"children_pid\", \"partner_pid\", \"created_at\", \"updated_at\"\n" [3mrows_affected[0m[2m=[0m1 [3mrows_returned[0m[2m=[0m1 [3melapsed[0m[2m=[0m3.003291ms [3melapsed_secs[0m[2m=[0m0.003003291 [2m[3menvironment[0m[2m=[0mdevelopment[0m [2m[3mtask[0m[2m=[0m"seed_tree"[0m
[2m2026-02-08T13:57:25.890741Z[0m [32m INFO[0m [1mapp[0m:[1mtask[0m: [2mfamilyserver_backend::tasks::seed_graph[0m[2m:[0m Created medlem entry for ~ Terry Mumford [2m[3menvironment[0m[2m=[0mdevelopment[0m [2m[3mtask[0m[2m=[0m"seed_tree"[0m
[2m2026-02-08T13:57:25.890787Z[0m [31mERROR[0m [1mapp[0m:[1mtask[0m: [2mfamilyserver_backend::tasks::seed_graph[0m[2m:[0m [WARN] No user created for ~ Terry Mumford, cannot add editor privileges [2m[3menvironment[0m[2m=[0mdevelopment[0m [2m[3mtask[0m[2m=[0m"seed_tree"[0m
[2m2026-02-08T13:57:25.891435Z[0m [32m INFO[0m [1mapp[0m:[1mtask[0m: [2msqlx::query[0m[2m:[0m [3msummary[0m[2m=[0m"SELECT \"user\".\"created_at\", \"user\".\"updated_at\", \"user\".\"id\", …" [3mdb.statement[0m[2m=[0m"\n\nSELECT \"user\".\"created_at\", \"user\".\"updated_at\", \"user\".\"id\", \"user\".\"pid\", \"user\".\"email\", \"user\".\"password\", \"user\".\"api_key\", \"user\".\"name\", \"user\".\"reset_token\", \"user\".\"reset_sent_at\", \"user\".\"magic_link_token\", \"user\".\"magic_link_token_expiration\" FROM \"user\" WHERE \"user\".\"name\" = $1 LIMIT $2\n" [3mrows_affected[0m[2m=[0m0 [3mrows_returned[0m[2m=[0m0 [3melapsed[0m[2m=[0m245.518µs [3melapsed_secs[0m[2m=[0m0.000245518 [2m[3menvironment[0m[2m=[0mdevelopment[0m [2m[3mtask[0m[2m=[0m"seed_tree"[0m
[2m2026-02-08T13:57:26.369994Z[0m [32m INFO[0m [1mapp[0m:[1mtask[0m: [2msqlx::query[0m[2m:[0m [3msummary[0m[2m=[0m"INSERT INTO \"user\" (\"pid\", …" [3mdb.statement[0m[2m=[0m"\n\nINSERT INTO \"user\" (\"pid\", \"email\", \"password\", \"api_key\", \"name\") VALUES ($1, $2, $3, $4, $5) RETURNING \"created_at\", \"updated_at\", \"id\", \"pid\", \"email\", \"password\", \"api_key\", \"name\", \"reset_token\", \"reset_sent_at\", \"magic_link_token\", \"magic_link_token_expiration\"\n" [3mrows_affected[0m[2m=[0m1 [3mrows_returned[0m[2m=[0m1 [3melapsed[0m[2m=[0m6.264166ms [3melapsed_secs[0m[2m=[0m0.006264166 [2m[3menvironment[0m[2m=[0mdevelopment[0m [2m[3mtask[0m[2m=[0m"seed_tree"[0m
[2m2026-02-08T13:57:26.370887Z[0m [32m INFO[0m [1mapp[0m:[1mtask[0m: [2msqlx::query[0m[2m:[0m [3msummary[0m[2m=[0m"SELECT \"medlem\".\"id\", \"medlem\".\"pid\", \"medlem\".\"name\", …" [3mdb.statement[0m[2m=[0m"\n\nSELECT \"medlem\".\"id\", \"medlem\".\"pid\", \"medlem\".\"name\", \"medlem\".\"email\", \"medlem\".\"phone_nr\", \"medlem\".\"address\", \"medlem\".\"city\", \"medlem\".\"birthdate\", \"medlem\".\"final_date\", \"medlem\".\"status\", \"medlem\".\"user_pid\", \"medlem\".\"parents_pid\", \"medlem\".\"previous_partners\", \"medlem\".\"children_pid\", \"medlem\".\"partner_pid\", \"medlem\".\"created_at\", \"medlem\".\"updated_at\" FROM \"medlem\" WHERE \"medlem\".\"name\" = $1 LIMIT $2\n" [3mrows_affected[0m[2m=[0m0 [3mrows_returned[0m[2m=[0m0 [3melapsed[0m[2m=[0m293.336µs [3melapsed_secs[0m[2m=[0m0.000293336 [2m[3menvironment[0m[2m=[0mdevelopment[0m [2m[3mtask[0m[2m=[0m"seed_tree"[0m
[2m2026-02-08T13:57:26.374255Z[0m [32m INFO[0m [1mapp[0m:[1mtask[0m: [2msqlx::query[0m[2m:[0m [3msummary[0m[2m=[0m"INSERT INTO \"medlem\" (\"pid\", …" [3mdb.statement[0m[2m=[0m"\n\nINSERT INTO \"medlem\" (\"pid\", \"name\", \"email\", \"phone_nr\", \"address\", \"city\", \"birthdate\", \"final_date\", \"user_pid\", \"partner_pid\") VALUES ($1, $2, $3, $4, $5, $6, $7, $8, $9, $10) RETURNING \"id\", \"pid\", \"name\", \"email\", \"phone_nr\", \"address\", \"city\", \"birthdate\", \"final_date\", \"status\", \"user_pid\", \"parents_pid\", \"previous_partners\", \"children_pid\", \"partner_pid\", \"created_at\", \"updated_at\"\n" [3mrows_affected[0m[2m=[0m1 [3mrows_returned[0m[2m=[0m1 [3melapsed[0m[2m=[0m2.988123ms [3melapsed_secs[0m[2m=[0m0.002988123 [2m[3menvironment[0m[2m=[0mdevelopment[0m [2m[3mtask[0m[2m=[0m"seed_tree"[0m
[2m2026-02-08T13:57:26.374437Z[0m [32m INFO[0m [1mapp[0m:[1mtask[0m: [2mfamilyserver_backend::tasks::seed_graph[0m[2m:[0m Created medlem entry for Lisbeth Wistoft f. Vestergaard [2m[3menvironment[0m[2m=[0mdevelopment[0m [2m[3mtask[0m[2m=[0m"seed_tree"[0m
[2m2026-02-08T13:57:26.374510Z[0m [32m INFO[0m [1mapp[0m:[1mtask[0m: [2mfamilyserver_backend::tasks::seed_graph[0m[2m:[0m [INFO] Adding user as editor to medlem [2m[3menvironment[0m[2m=[0mdevelopment[0m [2m[3mtask[0m[2m=[0m"seed_tree"[0m
[2m2026-02-08T13:57:26.377900Z[0m [32m INFO[0m [1mapp[0m:[1mtask[0m: [2msqlx::query[0m[2m:[0m [3msummary[0m[2m=[0m"INSERT INTO \"medlem_editors\" (\"medlem_pid\", …" [3mdb.statement[0m[2m=[0m"\n\nINSERT INTO \"medlem_editors\" (\"medlem_pid\", \"user_pid\", \"role\") VALUES ($1, $2, $3) RETURNING \"id\", \"medlem_pid\", \"user_pid\", \"role\"\n" [3mrows_affected[0m[2m=[0m1 [3mrows_returned[0m[2m=[0m1 [3melapsed[0m[2m=[0m2.972357ms [3melapsed_secs[0m[2m=[0m0.002972357 [2m[3menvironment[0m[2m=[0mdevelopment[0m [2m[3mtask[0m[2m=[0m"seed_tree"[0m
[2m2026-02-08T13:57:26.378035Z[0m [32m INFO[0m [1mapp[0m:[1mtask[0m: [2mfamilyserver_backend::tasks::seed_graph[0m[2m:[0m User was added as editor for medlem [2m[3menvironment[0m[2m=[0mdevelopment[0m [2m[3mtask[0m[2m=[0m"seed_tree"[0m
[2m2026-02-08T13:57:26.378729Z[0m [32m INFO[0m [1mapp[0m:[1mtask[0m: [2msqlx::query[0m[2m:[0m [3msummary[0m[2m=[0m"SELECT \"user\".\"created_at\", \"user\".\"updated_at\", \"user\".\"id\", …" [3mdb.statement[0m[2m=[0m"\n\nSELECT \"user\".\"created_at\", \"user\".\"updated_at\", \"user\".\"id\", \"user\".\"pid\", \"user\".\"email\", \"user\".\"password\", \"user\".\"api_key\", \"user\".\"name\", \"user\".\"reset_token\", \"user\".\"reset_sent_at\", \"user\".\"magic_link_token\", \"user\".\"magic_link_token_expiration\" FROM \"user\" WHERE \"user\".\"name\" = $1 LIMIT $2\n" [3mrows_affected[0m[2m=[0m0 [3mrows_returned[0m[2m=[0m0 [3melapsed[0m[2m=[0m252.302µs [3melapsed_secs[0m[2m=[0m0.000252302 [2m[3menvironment[0m[2m=[0mdevelopment[0m [2m[3mtask[0m[2m=[0m"seed_tree"[0m
[2m2026-02-08T13:57:26.850611Z[0m [32m INFO[0m [1mapp[0m:[1mtask[0m: [2msqlx::query[0m[2m:[0m [3msummary[0m[2m=[0m"INSERT INTO \"user\" (\"pid\", …" [3mdb.statement[0m[2m=[0m"\n\nINSERT INTO \"user\" (\"pid\", \"email\", \"password\", \"api_key\", \"name\") VALUES ($1, $2, $3, $4, $5) RETURNING \"created_at\", \"updated_at\", \"id\", \"pid\", \"email\", \"password\", \"api_key\", \"name\", \"reset_token\", \"reset_sent_at\", \"magic_link_token\", \"magic_link_token_expiration\"\n" [3mrows_affected[0m[2m=[0m1 [3mrows_returned[0m[2m=[0m1 [3melapsed[0m[2m=[0m6.314476ms [3melapsed_secs[0m[2m=[0m0.006314476 [2m[3menvironment[0m[2m=[0mdevelopment[0m [2m[3mtask[0m[2m=[0m"seed_tree"[0m
[2m2026-02-08T13:57:26.851460Z[0m [32m INFO[0m [1mapp[0m:[1mtask[0m: [2msqlx::query[0m[2m:[0m [3msummary[0m[2m=[0m"SELECT \"medlem\".\"id\", \"medlem\".\"pid\", \"medlem\".\"name\", …" [3mdb.statement[0m[2m=[0m"\n\nSELECT \"medlem\".\"id\", \"medlem\".\"pid\", \"medlem\".\"name\", \"medlem\".\"email\", \"medlem\".\"phone_nr\", \"medlem\".\"address\", \"medlem\".\"city\", \"medlem\".\"birthdate\", \"medlem\".\"final_date\", \"medlem\".\"status\", \"medlem\".\"user_pid\", \"medlem\".\"parents_pid\", \"medlem\".\"previous_partners\", \"medlem\".\"children_pid\", \"medlem\".\"partner_pid\", \"medlem\".\"created_at\", \"medlem\".\"updated_at\" FROM \"medlem\" WHERE \"medlem\".\"name\" = $1 LIMIT $2\n" [3mrows_affected[0m[2m=[0m0 [3mrows_returned[0m[2m=[0m0 [3melapsed[0m[2m=[0m257.119µs [3melapsed_secs[0m[2m=[0m0.000257119 [2m[3menvironment[0m[2m=[0mdevelopment[0m [2m[3mtask[0m[2m=[0m"seed_tree"[0m
[2m2026-02-08T13:57:26.854982Z[0m [32m INFO[0m [1mapp[0m:[1mtask[0m: [2msqlx::query[0m[2m:[0m [3msummary[0m[2m=[0m"INSERT INTO \"medlem\" (\"pid\", …" [3mdb.statement[0m[2m=[0m"\n\nINSERT INTO \"medlem\" (\"pid\", \"name\", \"email\", \"phone_nr\", \"address\", \"city\", \"birthdate\", \"final_date\", \"user_pid\", \"partner_pid\") VALUES ($1, $2, $3, $4, $5, $6, $7, $8, $9, $10) RETURNING \"id\", \"pid\", \"name\", \"email\", \"phone_nr\", \"address\", \"city\", \"birthdate\", \"final_date\", \"status\", \"user_pid\", \"parents_pid\", \"previous_partners\", \"children_pid\", \"partner_pid\", \"created_at\", \"updated_at\"\n" [3mrows_affected[0m[2m=[0m1 [3mrows_returned[0m[2m=[0m1 [3melapsed[0m[2m=[0m3.053501ms [3melapsed_secs[0m[2m=[0m0.003053501 [2m[3menvironment[0m[2m=[0mdevelopment[0m [2m[3mtask[0m[2m=[0m"seed_tree"[0m
[2m2026-02-08T13:57:26.855167Z[0m [32m INFO[0m [1mapp[0m:[1mtask[0m: [2mfamilyserver_backend::tasks::seed_graph[0m[2m:[0m Created medlem entry for Tom Mumford [2m[3menvironment[0m[2m=[0mdevelopment[0m [2m[3mtask[0m[2m=[0m"seed_tree"[0m
[2m2026-02-08T13:57:26.855216Z[0m [32m INFO[0m [1mapp[0m:[1mtask[0m: [2mfamilyserver_backend::tasks::seed_graph[0m[2m:[0m [INFO] Adding user as editor to medlem [2m[3menvironment[0m[2m=[0mdevelopment[0m [2m[3mtask[0m[2m=[0m"seed_tree"[0m
[2m2026-02-08T13:57:26.858737Z[0m [32m INFO[0m [1mapp[0m:[1mtask[0m: [2msqlx::query[0m[2m:[0m [3msummary[0m[2m=[0m"INSERT INTO \"medlem_editors\" (\"medlem_pid\", …" [3mdb.statement[0m[2m=[0m"\n\nINSERT INTO \"medlem_editors\" (\"medlem_pid\", \"user_pid\", \"role\") VALUES ($1, $2, $3) RETURNING \"id\", \"medlem_pid\", \"user_pid\", \"role\"\n" [3mrows_affected[0m[2m=[0m1 [3mrows_returned[0m[2m=[0m1 [3melapsed[0m[2m=[0m3.196754ms [3melapsed_secs[0m[2m=[0m0.003196754 [2m[3menvironment[0m[2m=[0mdevelopment[0m [2m[3mtask[0m[2m=[0m"seed_tree"[0m
[2m2026-02-08T13:57:26.858874Z[0m [32m INFO[0m [1mapp[0m:[1mtask[0m: [2mfamilyserver_backend::tasks::seed_graph[0m[2m:[0m User was added as editor for medlem [2m[3menvironment[0m[2m=[0mdevelopment[0m [2m[3mtask[0m[2m=[0m"seed_tree"[0m
[2m2026-02-08T13:57:26.859565Z[0m [32m INFO[0m [1mapp[0m:[1mtask[0m: [2msqlx::query[0m[2m:[0m [3msummary[0m[2m=[0m"SELECT \"user\".\"created_at\", \"user\".\"updated_at\", \"user\".\"id\", …" [3mdb.statement[0m[2m=[0m"\n\nSELECT \"user\".\"created_at\", \"user\".\"updated_at\", \"user\".\"id\", \"user\".\"pid\", \"user\".\"email\", \"user\".\"password\", \"user\".\"api_key\", \"user\".\"name\", \"user\".\"reset_token\", \"user\".\"reset_sent_at\", \"user\".\"magic_link_token\", \"user\".\"magic_link_token_expiration\" FROM \"user\" WHERE \"user\".\"name\" = $1 LIMIT $2\n" [3mrows_affected[0m[2m=[0m0 [3mrows_returned[0m[2m=[0m0 [3melapsed[0m[2m=[0m302.567µs [3melapsed_secs[0m[2m=[0m0.000302567 [2m[3menvironment[0m[2m=[0mdevelopment[0m [2m[3mtask[0m[2m=[0m"seed_tree"[0m
[2m2026-02-08T13:57:27.338727Z[0m [32m INFO[0m [1mapp[0m:[1mtask[0m: [2msqlx::query[0m[2m:[0m [3msummary[0m[2m=[0m"INSERT INTO \"user\" (\"pid\", …" [3mdb.statement[0m[2m=[0m"\n\nINSERT INTO \"user\" (\"pid\", \"email\", \"password\", \"api_key\", \"name\") VALUES ($1, $2, $3, $4, $5) RETURNING \"created_at\", \"updated_at\", \"id\", \"pid\", \"email\", \"password\", \"api_key\", \"name\", \"reset_token\", \"reset_sent_at\", \"magic_link_token\", \"magic_link_token_expiration\"\n" [3mrows_affected[0m[2m=[0m1 [3mrows_returned[0m[2m=[0m1 [3melapsed[0m[2m=[0m6.448814ms [3melapsed_secs[0m[2m=[0m0.006448814 [2m[3menvironment[0m[2m=[0mdevelopment[0m [2m[3mtask[0m[2m=[0m"seed_tree"[0m
[2m2026-02-08T13:57:27.339709Z[0m [32m INFO[0m [1mapp[0m:[1mtask[0m: [2msqlx::query[0m[2m:[0m [3msummary[0m[2m=[0m"SELECT \"medlem\".\"id\", \"medlem\".\"pid\", \"medlem\".\"name\", …" [3mdb.statement[0m[2m=[0m"\n\nSELECT \"medlem\".\"id\", \"medlem\".\"pid\", \"medlem\".\"name\", \"medlem\".\"email\", \"medlem\".\"phone_nr\", \"medlem\".\"address\", \"medlem\".\"city\", \"medlem\".\"birthdate\", \"medlem\".\"final_date\", \"medlem\".\"status\", \"medlem\".\"user_pid\", \"medlem\".\"parents_pid\", \"medlem\".\"previous_partners\", \"medlem\".\"children_pid\", \"medlem\".\"partner_pid\", \"medlem\".\"created_at\", \"medlem\".\"updated_at\" FROM \"medlem\" WHERE \"medlem\".\"name\" = $1 LIMIT $2\n" [3mrows_affected[0m[2m=[0m0 [3mrows_returned[0m[2m=[0m0 [3melapsed[0m[2m=[0m307.419µs [3melapsed_secs[0m[2m=[0m0.000307419 [2m[3menvironment[0m[2m=[0mdevelopment[0m [2m[3mtask[0m[2m=[0m"seed_tree"[0m
[2m2026-02-08T13:57:27.343456Z[0m [32m INFO[0m [1mapp[0m:[1mtask[0m: [2msqlx::query[0m[2m:[0m [3msummary[0m[2m=[0m"INSERT INTO \"medlem\" (\"pid\", …" [3mdb.statement[0m[2m=[0m"\n\nINSERT INTO \"medlem\" (\"pid\", \"name\", \"email\", \"phone_nr\", \"address\", \"city\", \"birthdate\", \"final_date\", \"user_pid\", \"partner_pid\") VALUES ($1, $2, $3, $4, $5, $6, $7, $8, $9, $10) RETURNING \"id\", \"pid\", \"name\", \"email\", \"phone_nr\", \"address\", \"city\", \"birthdate\", \"final_date\", \"status\", \"user_pid\", \"parents_pid\", \"previous_partners\", \"children_pid\", \"partner_pid\", \"created_at\", \"updated_at\"\n" [3mrows_affected[0m[2m=[0m1 [3mrows_returned[0m[2m=[0m1 [3melapsed[0m[2m=[0m3.262297ms [3melapsed_secs[0m[2m=[0m0.003262297 [2m[3menvironment[0m[2m=[0mdevelopment[0m [2m[3mtask[0m[2m=[0m"seed_tree"[0m
[2m2026-02-08T13:57:27.343627Z[0m [32m INFO[0m [1mapp[0m:[1mtask[0m: [2mfamilyserver_backend::tasks::seed_graph[0m[2m:[0m Created medlem entry for Lise Wistoft f. Mumford [2m[3menvironment[0m[2m=[0mdevelopment[0m [2m[3mtask[0m[2m=[0m"seed_tree"[0m
[2m2026-02-08T13:57:27.343712Z[0m [32m INFO[0m [1mapp[0m:[1mtask[0m: [2mfamilyserver_backend::tasks::seed_graph[0m[2m:[0m [INFO] Adding user as editor to medlem [2m[3menvironment[0m[2m=[0mdevelopment[0m [2m[3mtask[0m[2m=[0m"seed_tree"[0m
[2m2026-02-08T13:57:27.347212Z[0m [32m INFO[0m [1mapp[0m:[1mtask[0m: [2msqlx::query[0m[2m:[0m [3msummary[0m[2m=[0m"INSERT INTO \"medlem_editors\" (\"medlem_pid\", …" [3mdb.statement[0m[2m=[0m"\n\nINSERT INTO \"medlem_editors\" (\"medlem_pid\", \"user_pid\", \"role\") VALUES ($1, $2, $3) RETURNING \"id\", \"medlem_pid\", \"user_pid\", \"role\"\n" [3mrows_affected[0m[2m=[0m1 [3mrows_returned[0m[2m=[0m1 [3melapsed[0m[2m=[0m3.092048ms [3melapsed_secs[0m[2m=[0m0.003092048 [2m[3menvironment[0m[2m=[0mdevelopment[0m [2m[3mtask[0m[2m=[0m"seed_tree"[0m
[2m2026-02-08T13:57:27.347352Z[0m [32m INFO[0m [1mapp[0m:[1mtask[0m: [2mfamilyserver_backend::tasks::seed_graph[0m[2m:[0m User was added as editor for medlem [2m[3menvironment[0m[2m=[0mdevelopment[0m [2m[3mtask[0m[2m=[0m"seed_tree"[0m
[2m2026-02-08T13:57:27.348130Z[0m [32m INFO[0m [1mapp[0m:[1mtask[0m: [2msqlx::query[0m[2m:[0m [3msummary[0m[2m=[0m"SELECT \"user\".\"created_at\", \"user\".\"updated_at\", \"user\".\"id\", …" [3mdb.statement[0m[2m=[0m"\n\nSELECT \"user\".\"created_at\", \"user\".\"updated_at\", \"user\".\"id\", \"user\".\"pid\", \"user\".\"email\", \"user\".\"password\", \"user\".\"api_key\", \"user\".\"name\", \"user\".\"reset_token\", \"user\".\"reset_sent_at\", \"user\".\"magic_link_token\", \"user\".\"magic_link_token_expiration\" FROM \"user\" WHERE \"user\".\"name\" = $1 LIMIT $2\n" [3mrows_affected[0m[2m=[0m0 [3mrows_returned[0m[2m=[0m0 [3melapsed[0m[2m=[0m248.411µs [3melapsed_secs[0m[2m=[0m0.000248411 [2m[3menvironment[0m[2m=[0mdevelopment[0m [2m[3mtask[0m[2m=[0m"seed_tree"[0m
[2m2026-02-08T13:57:27.825812Z[0m [32m INFO[0m [1mapp[0m:[1mtask[0m: [2msqlx::query[0m[2m:[0m [3msummary[0m[2m=[0m"INSERT INTO \"user\" (\"pid\", …" [3mdb.statement[0m[2m=[0m"\n\nINSERT INTO \"user\" (\"pid\", \"email\", \"password\", \"api_key\", \"name\") VALUES ($1, $2, $3, $4, $5) RETURNING \"created_at\", \"updated_at\", \"id\", \"pid\", \"email\", \"password\", \"api_key\", \"name\", \"reset_token\", \"reset_sent_at\", \"magic_link_token\", \"magic_link_token_expiration\"\n" [3mrows_affected[0m[2m=[0m1 [3mrows_returned[0m[2m=[0m1 [3melapsed[0m[2m=[0m6.434591ms [3melapsed_secs[0m[2m=[0m0.006434591 [2m[3menvironment[0m[2m=[0mdevelopment[0m [2m[3mtask[0m[2m=[0m"seed_tree"[0m
[2m2026-02-08T13:57:27.826762Z[0m [32m INFO[0m [1mapp[0m:[1mtask[0m: [2msqlx::query[0m[2m:[0m [3msummary[0m[2m=[0m"SELECT \"medlem\".\"id\", \"medlem\".\"pid\", \"medlem\".\"name\", …" [3mdb.statement[0m[2m=[0m"\n\nSELECT \"medlem\".\"id\", \"medlem\".\"pid\", \"medlem\".\"name\", \"medlem\".\"email\", \"medlem\".\"phone_nr\", \"medlem\".\"address\", \"medlem\".\"city\", \"medlem\".\"birthdate\", \"medlem\".\"final_date\", \"medlem\".\"status\", \"medlem\".\"user_pid\", \"medlem\".\"parents_pid\", \"medlem\".\"previous_partners\", \"medlem\".\"children_pid\", \"medlem\".\"partner_pid\", \"medlem\".\"created_at\", \"medlem\".\"updated_at\" FROM \"medlem\" WHERE \"medlem\".\"name\" = $1 LIMIT $2\n" [3mrows_affected[0m[2m=[0m0 [3mrows_returned[0m[2m=[0m0 [3melapsed[0m[2m=[0m336.244µs [3melapsed_secs[0m[2m=[0m0.000336244 [2m[3menvironment[0m[2m=[0mdevelopment[0m [2m[3mtask[0m[2m=[0m"seed_tree"[0m
[2m2026-02-08T13:57:27.830302Z[0m [32m INFO[0m [1mapp[0m:[1mtask[0m: [2msqlx::query[0m[2m:[0m [3msummary[0m[2m=[0m"INSERT INTO \"medlem\" (\"pid\", …" [3mdb.statement[0m[2m=[0m"\n\nINSERT INTO \"medlem\" (\"pid\", \"name\", \"email\", \"phone_nr\", \"address\", \"city\", \"birthdate\", \"final_date\", \"user_pid\", \"partner_pid\") VALUES ($1, $2, $3, $4, $5, $6, $7, $8, $9, $10) RETURNING \"id\", \"pid\", \"name\", \"email\", \"phone_nr\", \"address\", \"city\", \"birthdate\", \"final_date\", \"status\", \"user_pid\", \"parents_pid\", \"previous_partners\", \"children_pid\", \"partner_pid\", \"created_at\", \"updated_at\"\n" [3mrows_affected[0m[2m=[0m1 [3mrows_returned[0m[2m=[0m1 [3melapsed[0m[2m=[0m3.081651ms [3melapsed_secs[0m[2m=[0m0.003081651 [2m[3menvironment[0m[2m=[0mdevelopment[0m [2m[3mtask[0m[2m=[0m"seed_tree"[0m
[2m2026-02-08T13:57:27.830560Z[0m [32m INFO[0m [1mapp[0m:[1mtask[0m: [2mfamilyserver_backend::tasks::seed_graph[0m[2m:[0m Created medlem entry for Silke Wistoft Thomsen [2m[3menvironment[0m[2m=[0mdevelopment[0m [2m[3mtask[0m[2m=[0m"seed_tree"[0m
[2m2026-02-08T13:57:27.830616Z[0m [32m INFO[0m [1mapp[0m:[1mtask[0m: [2mfamilyserver_backend::tasks::seed_graph[0m[2m:[0m [INFO] Adding user as editor to medlem [2m[3menvironment[0m[2m=[0mdevelopment[0m [2m[3mtask[0m[2m=[0m"seed_tree"[0m
[2m2026-02-08T13:57:27.833941Z[0m [32m INFO[0m [1mapp[0m:[1mtask[0m: [2msqlx::query[0m[2m:[0m [3msummary[0m[2m=[0m"INSERT INTO \"medlem_editors\" (\"medlem_pid\", …" [3mdb.statement[0m[2m=[0m"\n\nINSERT INTO \"medlem_editors\" (\"medlem_pid\", \"user_pid\", \"role\") VALUES ($1, $2, $3) RETURNING \"id\", \"medlem_pid\", \"user_pid\", \"role\"\n" [3mrows_affected[0m[2m=[0m1 [3mrows_returned[0m[2m=[0m1 [3melapsed[0m[2m=[0m2.945999ms [3melapsed_secs[0m[2m=[0m0.002945999 [2m[3menvironment[0m[2m=[0mdevelopment[0m [2m[3mtask[0m[2m=[0m"seed_tree"[0m
[2m2026-02-08T13:57:27.834083Z[0m [32m INFO[0m [1mapp[0m:[1mtask[0m: [2mfamilyserver_backend::tasks::seed_graph[0m[2m:[0m User was added as editor for medlem [2m[3menvironment[0m[2m=[0mdevelopment[0m [2m[3mtask[0m[2m=[0m"seed_tree"[0m
[2m2026-02-08T13:57:27.834756Z[0m [32m INFO[0m [1mapp[0m:[1mtask[0m: [2msqlx::query[0m[2m:[0m [3msummary[0m[2m=[0m"SELECT \"user\".\"created_at\", \"user\".\"updated_at\", \"user\".\"id\", …" [3mdb.statement[0m[2m=[0m"\n\nSELECT \"user\".\"created_at\", \"user\".\"updated_at\", \"user\".\"id\", \"user\".\"pid\", \"user\".\"email\", \"user\".\"password\", \"user\".\"api_key\", \"user\".\"name\", \"user\".\"reset_token\", \"user\".\"reset_sent_at\", \"user\".\"magic_link_token\", \"user\".\"magic_link_token_expiration\" FROM \"user\" WHERE \"user\".\"name\" = $1 LIMIT $2\n" [3mrows_affected[0m[2m=[0m0 [3mrows_returned[0m[2m=[0m0 [3melapsed[0m[2m=[0m346.627µs [3melapsed_secs[0m[2m=[0m0.000346627 [2m[3menvironment[0m[2m=[0mdevelopment[0m [2m[3mtask[0m[2m=[0m"seed_tree"[0m
[2m2026-02-08T13:57:28.308646Z[0m [32m INFO[0m [1mapp[0m:[1mtask[0m: [2msqlx::query[0m[2m:[0m [3msummary[0m[2m=[0m"INSERT INTO \"user\" (\"pid\", …" [3mdb.statement[0m[2m=[0m"\n\nINSERT INTO \"user\" (\"pid\", \"email\", \"password\", \"api_key\", \"name\") VALUES ($1, $2, $3, $4, $5) RETURNING \"created_at\", \"updated_at\", \"id\", \"pid\", \"email\", \"password\", \"api_key\", \"name\", \"reset_token\", \"reset_sent_at\", \"magic_link_token\", \"magic_link_token_expiration\"\n" [3mrows_affected[0m[2m=[0m1 [3mrows_returned[0m[2m=[0m1 [3melapsed[0m[2m=[0m6.543644ms [3melapsed_secs[0m[2m=[0m0.006543644 [2m[3menvironment[0m[2m=[0mdevelopment[0m [2m[3mtask[0m[2m=[0m"seed_tree"[0m
[2m2026-02-08T13:57:28.309574Z[0m [32m INFO[0m [1mapp[0m:[1mtask[0m: [2msqlx::query[0m[2m:[0m [3msummary[0m[2m=[0m"SELECT \"medlem\".\"id\", \"medlem\".\"pid\", \"medlem\".\"name\", …" [3mdb.statement[0m[2m=[0m"\n\nSELECT \"medlem\".\"id\", \"medlem\".\"pid\", \"medlem\".\"name\", \"medlem\".\"email\", \"medlem\".\"phone_nr\", \"medlem\".\"address\", \"medlem\".\"city\", \"medlem\".\"birthdate\", \"medlem\".\"final_date\", \"medlem\".\"status\", \"medlem\".\"user_pid\", \"medlem\".\"parents_pid\", \"medlem\".\"previous_partners\", \"medlem\".\"children_pid\", \"medlem\".\"partner_pid\", \"medlem\".\"created_at\", \"medlem\".\"updated_at\" FROM \"medlem\" WHERE \"medlem\".\"name\" = $1 LIMIT $2\n" [3mrows_affected[0m[2m=[0m0 [3mrows_returned[0m[2m=[0m0 [3melapsed[0m[2m=[0m321.663µs [3melapsed_secs[0m[2m=[0m0.000321663 [2m[3menvironment[0m[2m=[0mdevelopment[0m [2m[3mtask[0m[2m=[0m"seed_tree"[0m
[2m2026-02-08T13:57:28.313253Z[0m [32m INFO[0m [1mapp[0m:[1mtask[0m: [2msqlx::query[0m[2m:[0m [3msummary[0m[2m=[0m"INSERT INTO \"medlem\" (\"pid\", …" [3mdb.statement[0m[2m=[0m"\n\nINSERT INTO \"medlem\" (\"pid\", \"name\", \"email\", \"phone_nr\", \"address\", \"city\", \"birthdate\", \"final_date\", \"user_pid\", \"partner_pid\") VALUES ($1, $2, $3, $4, $5, $6, $7, $8, $9, $10) RETURNING \"id\", \"pid\", \"name\", \"email\", \"phone_nr\", \"address\", \"city\", \"birthdate\", \"final_date\", \"status\", \"user_pid\", \"parents_pid\", \"previous_partners\", \"children_pid\", \"partner_pid\", \"created_at\", \"updated_at\"\n" [3mrows_affected[0m[2m=[0m1 [3mrows_returned[0m[2m=[0m1 [3melapsed[0m[2m=[0m3.123472ms [3melapsed_secs[0m[2m=[0m0.003123472 [2m[3menvironment[0m[2m=[0mdevelopment[0m [2m[3mtask[0m[2m=[0m"seed_tree"[0m
[2m2026-02-08T13:57:28.313466Z[0m [32m INFO[0m [1mapp[0m:[1mtask[0m: [2mfamilyserver_backend::tasks::seed_graph[0m[2m:[0m Created medlem entry for Sabine Wistoft Thomsen [2m[3menvironment[0m[2m=[0mdevelopment[0m [2m[3mtask[0m[2m=[0m"seed_tree"[0m
[2m2026-02-08T13:57:28.313562Z[0m [32m INFO[0m [1mapp[0m:[1mtask[0m: [2mfamilyserver_backend::tasks::seed_graph[0m[2m:[0m [INFO] Adding user as editor to medlem [2m[3menvironment[0m[2m=[0mdevelopment[0m [2m[3mtask[0m[2m=[0m"seed_tree"[0m
[2m2026-02-08T13:57:28.317104Z[0m [32m INFO[0m [1mapp[0m:[1mtask[0m: [2msqlx::query[0m[2m:[0m [3msummary[0m[2m=[0m"INSERT INTO \"medlem_editors\" (\"medlem_pid\", …" [3mdb.statement[0m[2m=[0m"\n\nINSERT INTO \"medlem_editors\" (\"medlem_pid\", \"user_pid\", \"role\") VALUES ($1, $2, $3) RETURNING \"id\", \"medlem_pid\", \"user_pid\", \"role\"\n" [3mrows_affected[0m[2m=[0m1 [3mrows_returned[0m[2m=[0m1 [3melapsed[0m[2m=[0m3.056285ms [3melapsed_secs[0m[2m=[0m0.003056285 [2m[3menvironment[0m[2m=[0mdevelopment[0m [2m[3mtask[0m[2m=[0m"seed_tree"[0m
[2m2026-02-08T13:57:28.317245Z[0m [32m INFO[0m [1mapp[0m:[1mtask[0m: [2mfamilyserver_backend::tasks::seed_graph[0m[2m:[0m User was added as editor for medlem [2m[3menvironment[0m[2m=[0mdevelopment[0m [2m[3mtask[0m[2m=[0m"seed_tree"[0m
[2m2026-02-08T13:57:28.318065Z[0m [32m INFO[0m [1mapp[0m:[1mtask[0m: [2msqlx::query[0m[2m:[0m [3msummary[0m[2m=[0m"SELECT \"user\".\"created_at\", \"user\".\"updated_at\", \"user\".\"id\", …" [3mdb.statement[0m[2m=[0m"\n\nSELECT \"user\".\"created_at\", \"user\".\"updated_at\", \"user\".\"id\", \"user\".\"pid\", \"user\".\"email\", \"user\".\"password\", \"user\".\"api_key\", \"user\".\"name\", \"user\".\"reset_token\", \"user\".\"reset_sent_at\", \"user\".\"magic_link_token\", \"user\".\"magic_link_token_expiration\" FROM \"user\" WHERE \"user\".\"name\" = $1 LIMIT $2\n" [3mrows_affected[0m[2m=[0m0 [3mrows_returned[0m[2m=[0m0 [3melapsed[0m[2m=[0m326.84µs [3melapsed_secs[0m[2m=[0m0.00032684 [2m[3menvironment[0m[2m=[0mdevelopment[0m [2m[3mtask[0m[2m=[0m"seed_tree"[0m
[2m2026-02-08T13:57:28.798241Z[0m [32m INFO[0m [1mapp[0m:[1mtask[0m: [2msqlx::query[0m[2m:[0m [3msummary[0m[2m=[0m"INSERT INTO \"user\" (\"pid\", …" [3mdb.statement[0m[2m=[0m"\n\nINSERT INTO \"user\" (\"pid\", \"email\", \"password\", \"api_key\", \"name\") VALUES ($1, $2, $3, $4, $5) RETURNING \"created_at\", \"updated_at\", \"id\", \"pid\", \"email\", \"password\", \"api_key\", \"name\", \"reset_token\", \"reset_sent_at\", \"magic_link_token\", \"magic_link_token_expiration\"\n" [3mrows_affected[0m[2m=[0m1 [3mrows_returned[0m[2m=[0m1 [3melapsed[0m[2m=[0m6.379233ms [3melapsed_secs[0m[2m=[0m0.006379233 [2m[3menvironment[0m[2m=[0mdevelopment[0m [2m[3mtask[0m[2m=[0m"seed_tree"[0m
[2m2026-02-08T13:57:28.799217Z[0m [32m INFO[0m [1mapp[0m:[1mtask[0m: [2msqlx::query[0m[2m:[0m [3msummary[0m[2m=[0m"SELECT \"medlem\".\"id\", \"medlem\".\"pid\", \"medlem\".\"name\", …" [3mdb.statement[0m[2m=[0m"\n\nSELECT \"medlem\".\"id\", \"medlem\".\"pid\", \"medlem\".\"name\", \"medlem\".\"email\", \"medlem\".\"phone_nr\", \"medlem\".\"address\", \"medlem\".\"city\", \"medlem\".\"birthdate\", \"medlem\".\"final_date\", \"medlem\".\"status\", \"medlem\".\"user_pid\", \"medlem\".\"parents_pid\", \"medlem\".\"previous_partners\", \"medlem\".\"children_pid\", \"medlem\".\"partner_pid\", \"medlem\".\"created_at\", \"medlem\".\"updated_at\" FROM \"medlem\" WHERE \"medlem\".\"name\" = $1 LIMIT $2\n" [3mrows_affected[0m[2m=[0m0 [3mrows_returned[0m[2m=[0m0 [3melapsed[0m[2m=[0m302.196µs [3melapsed_secs[0m[2m=[0m0.000302196 [2m[3menvironment[0m[2m=[0mdevelopment[0m [2m[3mtask[0m[2m=[0m"seed_tree"[0m
[2m2026-02-08T13:57:28.802742Z[0m [32m INFO[0m [1mapp[0m:[1mtask[0m: [2msqlx::query[0m[2m:[0m [3msummary[0m[2m=[0m"INSERT INTO \"medlem\" (\"pid\", …" [3mdb.statement[0m[2m=[0m"\n\nINSERT INTO \"medlem\" (\"pid\", \"name\", \"email\", \"phone_nr\", \"address\", \"city\", \"birthdate\", \"final_date\", \"user_pid\", \"partner_pid\") VALUES ($1, $2, $3, $4, $5, $6, $7, $8, $9, $10) RETURNING \"id\", \"pid\", \"name\", \"email\", \"phone_nr\", \"address\", \"city\", \"birthdate\", \"final_date\", \"status\", \"user_pid\", \"parents_pid\", \"previous_partners\", \"children_pid\", \"partner_pid\", \"created_at\", \"updated_at\"\n" [3mrows_affected[0m[2m=[0m1 [3mrows_returned[0m[2m=[0m1 [3melapsed[0m[2m=[0m3.040707ms [3melapsed_secs[0m[2m=[0m0.003040707 [2m[3menvironment[0m[2m=[0mdevelopment[0m [2m[3mtask[0m[2m=[0m"seed_tree"[0m
[2m2026-02-08T13:57:28.802941Z[0m [32m INFO[0m [1mapp[0m:[1mtask[0m: [2mfamilyserver_backend::tasks::seed_graph[0m[2m:[0m Created medlem entry for Joe Mumford [2m[3menvironment[0m[2m=[0mdevelopment[0m [2m[3mtask[0m[2m=[0m"seed_tree"[0m
[2m2026-02-08T13:57:28.802997Z[0m [32m INFO[0m [1mapp[0m:[1mtask[0m: [2mfamilyserver_backend::tasks::seed_graph[0m[2m:[0m [INFO] Adding user as editor to medlem [2m[3menvironment[0m[2m=[0mdevelopment[0m [2m[3mtask[0m[2m=[0m"seed_tree"[0m
[2m2026-02-08T13:57:28.806306Z[0m [32m INFO[0m [1mapp[0m:[1mtask[0m: [2msqlx::query[0m[2m:[0m [3msummary[0m[2m=[0m"INSERT INTO \"medlem_editors\" (\"medlem_pid\", …" [3mdb.statement[0m[2m=[0m"\n\nINSERT INTO \"medlem_editors\" (\"medlem_pid\", \"user_pid\", \"role\") VALUES ($1, $2, $3) RETURNING \"id\", \"medlem_pid\", \"user_pid\", \"role\"\n" [3mrows_affected[0m[2m=[0m1 [3mrows_returned[0m[2m=[0m1 [3melapsed[0m[2m=[0m2.920591ms [3melapsed_secs[0m[2m=[0m0.002920591 [2m[3menvironment[0m[2m=[0mdevelopment[0m [2m[3mtask[0m[2m=[0m"seed_tree"[0m
[2m2026-02-08T13:57:28.806462Z[0m [32m INFO[0m [1mapp[0m:[1mtask[0m: [2mfamilyserver_backend::tasks::seed_graph[0m[2m:[0m User was added as editor for medlem [2m[3menvironment[0m[2m=[0mdevelopment[0m [2m[3mtask[0m[2m=[0m"seed_tree"[0m
[2m2026-02-08T13:57:28.807247Z[0m [32m INFO[0m [1mapp[0m:[1mtask[0m: [2msqlx::query[0m[2m:[0m [3msummary[0m[2m=[0m"SELECT \"medlem\".\"id\", \"medlem\".\"pid\", \"medlem\".\"name\", …" [3mdb.statement[0m[2m=[0m"\n\nSELECT \"medlem\".\"id\", \"medlem\".\"pid\", \"medlem\".\"name\", \"medlem\".\"email\", \"medlem\".\"phone_nr\", \"medlem\".\"address\", \"medlem\".\"city\", \"medlem\".\"birthdate\", \"medlem\".\"final_date\", \"medlem\".\"status\", \"medlem\".\"user_pid\", \"medlem\".\"parents_pid\", \"medlem\".\"previous_partners\", \"medlem\".\"children_pid\", \"medlem\".\"partner_pid\", \"medlem\".\"created_at\", \"medlem\".\"updated_at\" FROM \"medlem\" WHERE \"medlem\".\"name\" = $1 LIMIT $2\n" [3mrows_affected[0m[2m=[0m0 [3mrows_returned[0m[2m=[0m0 [3melapsed[0m[2m=[0m312.044µs [3melapsed_secs[0m[2m=[0m0.000312044 [2m[3menvironment[0m[2m=[0mdevelopment[0m [2m[3mtask[0m[2m=[0m"seed_tree"[0m
[2m2026-02-08T13:57:28.810571Z[0m [32m INFO[0m [1mapp[0m:[1mtask[0m: [2msqlx::query[0m[2m:[0m [3msummary[0m[2m=[0m"INSERT INTO \"medlem\" (\"pid\", …" [3mdb.statement[0m[2m=[0m"\n\nINSERT INTO \"medlem\" (\"pid\", \"name\", \"email\", \"phone_nr\", \"address\", \"city\", \"birthdate\", \"final_date\", \"user_pid\", \"partner_pid\") VALUES ($1, $2, $3, $4, $5, $6, $7, $8, $9, $10) RETURNING \"id\", \"pid\", \"name\", \"email\", \"phone_nr\", \"address\", \"city\", \"birthdate\", \"final_date\", \"status\", \"user_pid\", \"parents_pid\", \"previous_partners\", \"children_pid\", \"partner_pid\", \"created_at\", \"updated_at\"\n" [3mrows_affected[0m[2m=[0m1 [3mrows_returned[0m[2m=[0m1 [3melapsed[0m[2m=[0m2.851204ms [3melapsed_secs[0m[2m=[0m0.002851204 [2m[3menvironment[0m[2m=[0mdevelopment[0m [2m[3mtask[0m[2m=[0m"seed_tree"[0m
[2m2026-02-08T13:57:28.810756Z[0m [32m INFO[0m [1mapp[0m:[1mtask[0m: [2mfamilyserver_backend::tasks::seed_graph[0m[2m:[0m Created medlem entry for ~ Jørgen Peter Schumacher [2m[3menvironment[0m[2m=[0mdevelopment[0m [2m[3mtask[0m[2m=[0m"seed_tree"[0m
[2m2026-02-08T13:57:28.810808Z[0m [31mERROR[0m [1mapp[0m:[1mtask[0m: [2mfamilyserver_backend::tasks::seed_graph[0m[2m:[0m [WARN] No user created for ~ Jørgen Peter Schumacher, cannot add editor privileges [2m[3menvironment[0m[2m=[0mdevelopment[0m [2m[3mtask[0m[2m=[0m"seed_tree"[0m
[2m2026-02-08T13:57:28.811710Z[0m [32m INFO[0m [1mapp[0m:[1mtask[0m: [2msqlx::query[0m[2m:[0m [3msummary[0m[2m=[0m"SELECT \"user\".\"created_at\", \"user\".\"updated_at\", \"user\".\"id\", …" [3mdb.statement[0m[2m=[0m"\n\nSELECT \"user\".\"created_at\", \"user\".\"updated_at\", \"user\".\"id\", \"user\".\"pid\", \"user\".\"email\", \"user\".\"password\", \"user\".\"api_key\", \"user\".\"name\", \"user\".\"reset_token\", \"user\".\"reset_sent_at\", \"user\".\"magic_link_token\", \"user\".\"magic_link_token_expiration\" FROM \"user\" WHERE \"user\".\"name\" = $1 LIMIT $2\n" [3mrows_affected[0m[2m=[0m0 [3mrows_returned[0m[2m=[0m0 [3melapsed[0m[2m=[0m413.276µs [3melapsed_secs[0m[2m=[0m0.000413276 [2m[3menvironment[0m[2m=[0mdevelopment[0m [2m[3mtask[0m[2m=[0m"seed_tree"[0m
[2m2026-02-08T13:57:29.291564Z[0m [32m INFO[0m [1mapp[0m:[1mtask[0m: [2msqlx::query[0m[2m:[0m [3msummary[0m[2m=[0m"INSERT INTO \"user\" (\"pid\", …" [3mdb.statement[0m[2m=[0m"\n\nINSERT INTO \"user\" (\"pid\", \"email\", \"password\", \"api_key\", \"name\") VALUES ($1, $2, $3, $4, $5) RETURNING \"created_at\", \"updated_at\", \"id\", \"pid\", \"email\", \"password\", \"api_key\", \"name\", \"reset_token\", \"reset_sent_at\", \"magic_link_token\", \"magic_link_token_expiration\"\n" [3mrows_affected[0m[2m=[0m1 [3mrows_returned[0m[2m=[0m1 [3melapsed[0m[2m=[0m6.590631ms [3melapsed_secs[0m[2m=[0m0.006590631 [2m[3menvironment[0m[2m=[0mdevelopment[0m [2m[3mtask[0m[2m=[0m"seed_tree"[0m
[2m2026-02-08T13:57:29.292415Z[0m [32m INFO[0m [1mapp[0m:[1mtask[0m: [2msqlx::query[0m[2m:[0m [3msummary[0m[2m=[0m"SELECT \"medlem\".\"id\", \"medlem\".\"pid\", \"medlem\".\"name\", …" [3mdb.statement[0m[2m=[0m"\n\nSELECT \"medlem\".\"id\", \"medlem\".\"pid\", \"medlem\".\"name\", \"medlem\".\"email\", \"medlem\".\"phone_nr\", \"medlem\".\"address\", \"medlem\".\"city\", \"medlem\".\"birthdate\", \"medlem\".\"final_date\", \"medlem\".\"status\", \"medlem\".\"user_pid\", \"medlem\".\"parents_pid\", \"medlem\".\"previous_partners\", \"medlem\".\"children_pid\", \"medlem\".\"partner_pid\", \"medlem\".\"created_at\", \"medlem\".\"updated_at\" FROM \"medlem\" WHERE \"medlem\".\"name\" = $1 LIMIT $2\n" [3mrows_affected[0m[2m=[0m0 [3mrows_returned[0m[2m=[0m0 [3melapsed[0m[2m=[0m243.834µs [3melapsed_secs[0m[2m=[0m0.000243834 [2m[3menvironment[0m[2m=[0mdevelopment[0m [2m[3mtask[0m[2m=[0m"seed_tree"[0m
[2m2026-02-08T13:57:29.295929Z[0m [32m INFO[0m [1mapp[0m:[1mtask[0m: [2msqlx::query[0m[2m:[0m [3msummary[0m[2m=[0m"INSERT INTO \"medlem\" (\"pid\", …" [3mdb.statement[0m[2m=[0m"\n\nINSERT INTO \"medlem\" (\"pid\", \"name\", \"email\", \"phone_nr\", \"address\", \"city\", \"birthdate\", \"final_date\", \"user_pid\", \"partner_pid\") VALUES ($1, $2, $3, $4, $5, $6, $7, $8, $9, $10) RETURNING \"id\", \"pid\", \"name\", \"email\", \"phone_nr\", \"address\", \"city\", \"birthdate\", \"final_date\", \"status\", \"user_pid\", \"parents_pid\", \"previous_partners\", \"children_pid\", \"partner_pid\", \"created_at\", \"updated_at\"\n" [3mrows_affected[0m[2m=[0m1 [3mrows_returned[0m[2m=[0m1 [3melapsed[0m[2m=[0m3.05903ms [3melapsed_secs[0m[2m=[0m0.00305903 [2m[3menvironment[0m[2m=[0mdevelopment[0m [2m[3mtask[0m[2m=[0m"seed_tree"[0m
[2m2026-02-08T13:57:29.296114Z[0m [32m INFO[0m [1mapp[0m:[1mtask[0m: [2mfamilyserver_backend::tasks::seed_graph[0m[2m:[0m Created medlem entry for Kirsten Wistoft f. Vestergaard [2m[3menvironment[0m[2m=[0mdevelopment[0m [2m[3mtask[0m[2m=[0m"seed_tree"[0m
[2m2026-02-08T13:57:29.296201Z[0m [32m INFO[0m [1mapp[0m:[1mtask[0m: [2mfamilyserver_backend::tasks::seed_graph[0m[2m:[0m [INFO] Adding user as editor to medlem [2m[3menvironment[0m[2m=[0mdevelopment[0m [2m[3mtask[0m[2m=[0m"seed_tree"[0m
[2m2026-02-08T13:57:29.299671Z[0m [32m INFO[0m [1mapp[0m:[1mtask[0m: [2msqlx::query[0m[2m:[0m [3msummary[0m[2m=[0m"INSERT INTO \"medlem_editors\" (\"medlem_pid\", …" [3mdb.statement[0m[2m=[0m"\n\nINSERT INTO \"medlem_editors\" (\"medlem_pid\", \"user_pid\", \"role\") VALUES ($1, $2, $3) RETURNING \"id\", \"medlem_pid\", \"user_pid\", \"role\"\n" [3mrows_affected[0m[2m=[0m1 [3mrows_returned[0m[2m=[0m1 [3melapsed[0m[2m=[0m3.096096ms [3melapsed_secs[0m[2m=[0m0.003096096 [2m[3menvironment[0m[2m=[0mdevelopment[0m [2m[3mtask[0m[2m=[0m"seed_tree"[0m
[2m2026-02-08T13:57:29.299810Z[0m [32m INFO[0m [1mapp[0m:[1mtask[0m: [2mfamilyserver_backend::tasks::seed_graph[0m[2m:[0m User was added as editor for medlem [2m[3menvironment[0m[2m=[0mdevelopment[0m [2m[3mtask[0m[2m=[0m"seed_tree"[0m
[2m2026-02-08T13:57:29.300580Z[0m [32m INFO[0m [1mapp[0m:[1mtask[0m: [2msqlx::query[0m[2m:[0m [3msummary[0m[2m=[0m"SELECT \"medlem\".\"id\", \"medlem\".\"pid\", \"medlem\".\"name\", …" [3mdb.statement[0m[2m=[0m"\n\nSELECT \"medlem\".\"id\", \"medlem\".\"pid\", \"medlem\".\"name\", \"medlem\".\"email\", \"medlem\".\"phone_nr\", \"medlem\".\"address\", \"medlem\".\"city\", \"medlem\".\"birthdate\", \"medlem\".\"final_date\", \"medlem\".\"status\", \"medlem\".\"user_pid\", \"medlem\".\"parents_pid\", \"medlem\".\"previous_partners\", \"medlem\".\"children_pid\", \"medlem\".\"partner_pid\", \"medlem\".\"created_at\", \"medlem\".\"updated_at\" FROM \"medlem\" WHERE \"medlem\".\"name\" = $1 LIMIT $2\n" [3mrows_affected[0m[2m=[0m0 [3mrows_returned[0m[2m=[0m0 [3melapsed[0m[2m=[0m309.519µs [3melapsed_secs[0m[2m=[0m0.000309519 [2m[3menvironment[0m[2m=[0mdevelopment[0m [2m[3mtask[0m[2m=[0m"seed_tree"[0m
[2m2026-02-08T13:57:29.304016Z[0m [32m INFO[0m [1mapp[0m:[1mtask[0m: [2msqlx::query[0m[2m:[0m [3msummary[0m[2m=[0m"INSERT INTO \"medlem\" (\"pid\", …" [3mdb.statement[0m[2m=[0m"\n\nINSERT INTO \"medlem\" (\"pid\", \"name\", \"email\", \"phone_nr\", \"address\", \"city\", \"birthdate\", \"final_date\", \"user_pid\", \"partner_pid\") VALUES ($1, $2, $3, $4, $5, $6, $7, $8, $9, $10) RETURNING \"id\", \"pid\", \"name\", \"email\", \"phone_nr\", \"address\", \"city\", \"birthdate\", \"final_date\", \"status\", \"user_pid\", \"parents_pid\", \"previous_partners\", \"children_pid\", \"partner_pid\", \"created_at\", \"updated_at\"\n" [3mrows_affected[0m[2m=[0m1 [3mrows_returned[0m[2m=[0m1 [3melapsed[0m[2m=[0m3.016571ms [3melapsed_secs[0m[2m=[0m0.003016571 [2m[3menvironment[0m[2m=[0mdevelopment[0m [2m[3mtask[0m[2m=[0m"seed_tree"[0m
[2m2026-02-08T13:57:29.304186Z[0m [32m INFO[0m [1mapp[0m:[1mtask[0m: [2mfamilyserver_backend::tasks::seed_graph[0m[2m:[0m Created medlem entry for ~ Thomas Ottosen [2m[3menvironment[0m[2m=[0mdevelopment[0m [2m[3mtask[0m[2m=[0m"seed_tree"[0m
[2m2026-02-08T13:57:29.304238Z[0m [31mERROR[0m [1mapp[0m:[1mtask[0m: [2mfamilyserver_backend::tasks::seed_graph[0m[2m:[0m [WARN] No user created for ~ Thomas Ottosen, cannot add editor privileges [2m[3menvironment[0m[2m=[0mdevelopment[0m [2m[3mtask[0m[2m=[0m"seed_tree"[0m
[2m2026-02-08T13:57:29.305109Z[0m [32m INFO[0m [1mapp[0m:[1mtask[0m: [2msqlx::query[0m[2m:[0m [3msummary[0m[2m=[0m"SELECT \"user\".\"created_at\", \"user\".\"updated_at\", \"user\".\"id\", …" [3mdb.statement[0m[2m=[0m"\n\nSELECT \"user\".\"created_at\", \"user\".\"updated_at\", \"user\".\"id\", \"user\".\"pid\", \"user\".\"email\", \"user\".\"password\", \"user\".\"api_key\", \"user\".\"name\", \"user\".\"reset_token\", \"user\".\"reset_sent_at\", \"user\".\"magic_link_token\", \"user\".\"magic_link_token_expiration\" FROM \"user\" WHERE \"user\".\"name\" = $1 LIMIT $2\n" [3mrows_affected[0m[2m=[0m0 [3mrows_returned[0m[2m=[0m0 [3melapsed[0m[2m=[0m393.506µs [3melapsed_secs[0m[2m=[0m0.000393506 [2m[3menvironment[0m[2m=[0mdevelopment[0m [2m[3mtask[0m[2m=[0m"seed_tree"[0m
[2m2026-02-08T13:57:29.777837Z[0m [32m INFO[0m [1mapp[0m:[1mtask[0m: [2msqlx::query[0m[2m:[0m [3msummary[0m[2m=[0m"INSERT INTO \"user\" (\"pid\", …" [3mdb.statement[0m[2m=[0m"\n\nINSERT INTO \"user\" (\"pid\", \"email\", \"password\", \"api_key\", \"name\") VALUES ($1, $2, $3, $4, $5) RETURNING \"created_at\", \"updated_at\", \"id\", \"pid\", \"email\", \"password\", \"api_key\", \"name\", \"reset_token\", \"reset_sent_at\", \"magic_link_token\", \"magic_link_token_expiration\"\n" [3mrows_affected[0m[2m=[0m1 [3mrows_returned[0m[2m=[0m1 [3melapsed[0m[2m=[0m6.401183ms [3melapsed_secs[0m[2m=[0m0.006401183 [2m[3menvironment[0m[2m=[0mdevelopment[0m [2m[3mtask[0m[2m=[0m"seed_tree"[0m
[2m2026-02-08T13:57:29.778766Z[0m [32m INFO[0m [1mapp[0m:[1mtask[0m: [2msqlx::query[0m[2m:[0m [3msummary[0m[2m=[0m"SELECT \"medlem\".\"id\", \"medlem\".\"pid\", \"medlem\".\"name\", …" [3mdb.statement[0m[2m=[0m"\n\nSELECT \"medlem\".\"id\", \"medlem\".\"pid\", \"medlem\".\"name\", \"medlem\".\"email\", \"medlem\".\"phone_nr\", \"medlem\".\"address\", \"medlem\".\"city\", \"medlem\".\"birthdate\", \"medlem\".\"final_date\", \"medlem\".\"status\", \"medlem\".\"user_pid\", \"medlem\".\"parents_pid\", \"medlem\".\"previous_partners\", \"medlem\".\"children_pid\", \"medlem\".\"partner_pid\", \"medlem\".\"created_at\", \"medlem\".\"updated_at\" FROM \"medlem\" WHERE \"medlem\".\"name\" = $1 LIMIT $2\n" [3mrows_affected[0m[2m=[0m0 [3mrows_returned[0m[2m=[0m0 [3melapsed[0m[2m=[0m288.53µs [3melapsed_secs[0m[2m=[0m0.00028853 [2m[3menvironment[0m[2m=[0mdevelopment[0m [2m[3mtask[0m[2m=[0m"seed_tree"[0m
[2m2026-02-08T13:57:29.782532Z[0m [32m INFO[0m [1mapp[0m:[1mtask[0m: [2msqlx::query[0m[2m:[0m [3msummary[0m[2m=[0m"INSERT INTO \"medlem\" (\"pid\", …" [3mdb.statement[0m[2m=[0m"\n\nINSERT INTO \"medlem\" (\"pid\", \"name\", \"email\", \"phone_nr\", \"address\", \"city\", \"birthdate\", \"final_date\", \"user_pid\", \"partner_pid\") VALUES ($1, $2, $3, $4, $5, $6, $7, $8, $9, $10) RETURNING \"id\", \"pid\", \"name\", \"email\", \"phone_nr\", \"address\", \"city\", \"birthdate\", \"final_date\", \"status\", \"user_pid\", \"parents_pid\", \"previous_partners\", \"children_pid\", \"partner_pid\", \"created_at\", \"updated_at\"\n" [3mrows_affected[0m[2m=[0m1 [3mrows_returned[0m[2m=[0m1 [3melapsed[0m[2m=[0m3.242913ms [3melapsed_secs[0m[2m=[0m0.003242913 [2m[3menvironment[0m[2m=[0mdevelopment[0m [2m[3mtask[0m[2m=[0m"seed_tree"[0m
[2m2026-02-08T13:57:29.782720Z[0m [32m INFO[0m [1mapp[0m:[1mtask[0m: [2mfamilyserver_backend::tasks::seed_graph[0m[2m:[0m Created medlem entry for Louise V Schumacher [2m[3menvironment[0m[2m=[0mdevelopment[0m [2m[3mtask[0m[2m=[0m"seed_tree"[0m
[2m2026-02-08T13:57:29.782779Z[0m [32m INFO[0m [1mapp[0m:[1mtask[0m: [2mfamilyserver_backend::tasks::seed_graph[0m[2m:[0m [INFO] Adding user as editor to medlem [2m[3menvironment[0m[2m=[0mdevelopment[0m [2m[3mtask[0m[2m=[0m"seed_tree"[0m
[2m2026-02-08T13:57:29.786336Z[0m [32m INFO[0m [1mapp[0m:[1mtask[0m: [2msqlx::query[0m[2m:[0m [3msummary[0m[2m=[0m"INSERT INTO \"medlem_editors\" (\"medlem_pid\", …" [3mdb.statement[0m[2m=[0m"\n\nINSERT INTO \"medlem_editors\" (\"medlem_pid\", \"user_pid\", \"role\") VALUES ($1, $2, $3) RETURNING \"id\", \"medlem_pid\", \"user_pid\", \"role\"\n" [3mrows_affected[0m[2m=[0m1 [3mrows_returned[0m[2m=[0m1 [3melapsed[0m[2m=[0m3.073481ms [3melapsed_secs[0m[2m=[0m0.003073481 [2m[3menvironment[0m[2m=[0mdevelopment[0m [2m[3mtask[0m[2m=[0m"seed_tree"[0m
[2m2026-02-08T13:57:29.786543Z[0m [32m INFO[0m [1mapp[0m:[1mtask[0m: [2mfamilyserver_backend::tasks::seed_graph[0m[2m:[0m User was added as editor for medlem [2m[3menvironment[0m[2m=[0mdevelopment[0m [2m[3mtask[0m[2m=[0m"seed_tree"[0m
[2m2026-02-08T13:57:29.787254Z[0m [32m INFO[0m [1mapp[0m:[1mtask[0m: [2msqlx::query[0m[2m:[0m [3msummary[0m[2m=[0m"SELECT \"medlem\".\"id\", \"medlem\".\"pid\", \"medlem\".\"name\", …" [3mdb.statement[0m[2m=[0m"\n\nSELECT \"medlem\".\"id\", \"medlem\".\"pid\", \"medlem\".\"name\", \"medlem\".\"email\", \"medlem\".\"phone_nr\", \"medlem\".\"address\", \"medlem\".\"city\", \"medlem\".\"birthdate\", \"medlem\".\"final_date\", \"medlem\".\"status\", \"medlem\".\"user_pid\", \"medlem\".\"parents_pid\", \"medlem\".\"previous_partners\", \"medlem\".\"children_pid\", \"medlem\".\"partner_pid\", \"medlem\".\"created_at\", \"medlem\".\"updated_at\" FROM \"medlem\" WHERE \"medlem\".\"name\" = $1 LIMIT $2\n" [3mrows_affected[0m[2m=[0m0 [3mrows_returned[0m[2m=[0m0 [3melapsed[0m[2m=[0m214.563µs [3melapsed_secs[0m[2m=[0m0.000214563 [2m[3menvironment[0m[2m=[0mdevelopment[0m [2m[3mtask[0m[2m=[0m"seed_tree"[0m
[2m2026-02-08T13:57:29.790939Z[0m [32m INFO[0m [1mapp[0m:[1mtask[0m: [2msqlx::query[0m[2m:[0m [3msummary[0m[2m=[0m"INSERT INTO \"medlem\" (\"pid\", …" [3mdb.statement[0m[2m=[0m"\n\nINSERT INTO \"medlem\" (\"pid\", \"name\", \"email\", \"phone_nr\", \"address\", \"city\", \"birthdate\", \"final_date\", \"user_pid\", \"partner_pid\") VALUES ($1, $2, $3, $4, $5, $6, $7, $8, $9, $10) RETURNING \"id\", \"pid\", \"name\", \"email\", \"phone_nr\", \"address\", \"city\", \"birthdate\", \"final_date\", \"status\", \"user_pid\", \"parents_pid\", \"previous_partners\", \"children_pid\", \"partner_pid\", \"created_at\", \"updated_at\"\n" [3mrows_affected[0m[2m=[0m1 [3mrows_returned[0m[2m=[0m1 [3melapsed[0m[2m=[0m3.096209ms [3melapsed_secs[0m[2m=[0m0.003096209 [2m[3menvironment[0m[2m=[0mdevelopment[0m [2m[3mtask[0m[2m=[0m"seed_tree"[0m
[2m2026-02-08T13:57:29.791107Z[0m [32m INFO[0m [1mapp[0m:[1mtask[0m: [2mfamilyserver_backend::tasks::seed_graph[0m[2m:[0m Created medlem entry for Christine Schumacher Ottosen [2m[3menvironment[0m[2m=[0mdevelopment[0m [2m[3mtask[0m[2m=[0m"seed_tree"[0m
[2m2026-02-08T13:57:29.791171Z[0m [31mERROR[0m [1mapp[0m:[1mtask[0m: [2mfamilyserver_backend::tasks::seed_graph[0m[2m:[0m [WARN] No user created for Christine Schumacher Ottosen, cannot add editor privileges [2m[3menvironment[0m[2m=[0mdevelopment[0m [2m[3mtask[0m[2m=[0m"seed_tree"[0m
[2m2026-02-08T13:57:29.791908Z[0m [32m INFO[0m [1mapp[0m:[1mtask[0m: [2msqlx::query[0m[2m:[0m [3msummary[0m[2m=[0m"SELECT \"medlem\".\"id\", \"medlem\".\"pid\", \"medlem\".\"name\", …" [3mdb.statement[0m[2m=[0m"\n\nSELECT \"medlem\".\"id\", \"medlem\".\"pid\", \"medlem\".\"name\", \"medlem\".\"email\", \"medlem\".\"phone_nr\", \"medlem\".\"address\", \"medlem\".\"city\", \"medlem\".\"birthdate\", \"medlem\".\"final_date\", \"medlem\".\"status\", \"medlem\".\"user_pid\", \"medlem\".\"parents_pid\", \"medlem\".\"previous_partners\", \"medlem\".\"children_pid\", \"medlem\".\"partner_pid\", \"medlem\".\"created_at\", \"medlem\".\"updated_at\" FROM \"medlem\" WHERE \"medlem\".\"name\" = $1 LIMIT $2\n" [3mrows_affected[0m[2m=[0m0 [3mrows_returned[0m[2m=[0m0 [3melapsed[0m[2m=[0m229.619µs [3melapsed_secs[0m[2m=[0m0.000229619 [2m[3menvironment[0m[2m=[0mdevelopment[0m [2m[3mtask[0m[2m=[0m"seed_tree"[0m
[2m2026-02-08T13:57:29.795279Z[0m [32m INFO[0m [1mapp[0m:[1mtask[0m: [2msqlx::query[0m[2m:[0m [3msummary[0m[2m=[0m"INSERT INTO \"medlem\" (\"pid\", …" [3mdb.statement[0m[2m=[0m"\n\nINSERT INTO \"medlem\" (\"pid\", \"name\", \"email\", \"phone_nr\", \"address\", \"city\", \"birthdate\", \"final_date\", \"user_pid\", \"partner_pid\") VALUES ($1, $2, $3, $4, $5, $6, $7, $8, $9, $10) RETURNING \"id\", \"pid\", \"name\", \"email\", \"phone_nr\", \"address\", \"city\", \"birthdate\", \"final_date\", \"status\", \"user_pid\", \"parents_pid\", \"previous_partners\", \"children_pid\", \"partner_pid\", \"created_at\", \"updated_at\"\n" [3mrows_affected[0m[2m=[0m1 [3mrows_returned[0m[2m=[0m1 [3melapsed[0m[2m=[0m2.972869ms [3melapsed_secs[0m[2m=[0m0.002972869 [2m[3menvironment[0m[2m=[0mdevelopment[0m [2m[3mtask[0m[2m=[0m"seed_tree"[0m
[2m2026-02-08T13:57:29.795471Z[0m [32m INFO[0m [1mapp[0m:[1mtask[0m: [2mfamilyserver_backend::tasks::seed_graph[0m[2m:[0m Created medlem entry for Rasmus Schumacher Ottosen [2m[3menvironment[0m[2m=[0mdevelopment[0m [2m[3mtask[0m[2m=[0m"seed_tree"[0m
[2m2026-02-08T13:57:29.795533Z[0m [31mERROR[0m [1mapp[0m:[1mtask[0m: [2mfamilyserver_backend::tasks::seed_graph[0m[2m:[0m [WARN] No user created for Rasmus Schumacher Ottosen, cannot add editor privileges [2m[3menvironment[0m[2m=[0mdevelopment[0m [2m[3mtask[0m[2m=[0m"seed_tree"[0m
[2m2026-02-08T13:57:29.796351Z[0m [32m INFO[0m [1mapp[0m:[1mtask[0m: [2msqlx::query[0m[2m:[0m [3msummary[0m[2m=[0m"SELECT \"user\".\"created_at\", \"user\".\"updated_at\", \"user\".\"id\", …" [3mdb.statement[0m[2m=[0m"\n\nSELECT \"user\".\"created_at\", \"user\".\"updated_at\", \"user\".\"id\", \"user\".\"pid\", \"user\".\"email\", \"user\".\"password\", \"user\".\"api_key\", \"user\".\"name\", \"user\".\"reset_token\", \"user\".\"reset_sent_at\", \"user\".\"magic_link_token\", \"user\".\"magic_link_token_expiration\" FROM \"user\" WHERE \"user\".\"name\" = $1 LIMIT $2\n" [3mrows_affected[0m[2m=[0m0 [3mrows_returned[0m[2m=[0m0 [3melapsed[0m[2m=[0m349.917µs [3melapsed_secs[0m[2m=[0m0.000349917 [2m[3menvironment[0m[2m=[0mdevelopment[0m [2m[3mtask[0m[2m=[0m"seed_tree"[0m
[2m2026-02-08T13:57:30.277311Z[0m [32m INFO[0m [1mapp[0m:[1mtask[0m: [2msqlx::query[0m[2m:[0m [3msummary[0m[2m=[0m"INSERT INTO \"user\" (\"pid\", …" [3mdb.statement[0m[2m=[0m"\n\nINSERT INTO \"user\" (\"pid\", \"email\", \"password\", \"api_key\", \"name\") VALUES ($1, $2, $3, $4, $5) RETURNING \"created_at\", \"updated_at\", \"id\", \"pid\", \"email\", \"password\", \"api_key\", \"name\", \"reset_token\", \"reset_sent_at\", \"magic_link_token\", \"magic_link_token_expiration\"\n" [3mrows_affected[0m[2m=[0m1 [3mrows_returned[0m[2m=[0m1 [3melapsed[0m[2m=[0m6.477604ms [3melapsed_secs[0m[2m=[0m0.006477604 [2m[3menvironment[0m[2m=[0mdevelopment[0m [2m[3mtask[0m[2m=[0m"seed_tree"[0m
[2m2026-02-08T13:57:30.278123Z[0m [32m INFO[0m [1mapp[0m:[1mtask[0m: [2msqlx::query[0m[2m:[0m [3msummary[0m[2m=[0m"SELECT \"medlem\".\"id\", \"medlem\".\"pid\", \"medlem\".\"name\", …" [3mdb.statement[0m[2m=[0m"\n\nSELECT \"medlem\".\"id\", \"medlem\".\"pid\", \"medlem\".\"name\", \"medlem\".\"email\", \"medlem\".\"phone_nr\", \"medlem\".\"address\", \"medlem\".\"city\", \"medlem\".\"birthdate\", \"medlem\".\"final_date\", \"medlem\".\"status\", \"medlem\".\"user_pid\", \"medlem\".\"parents_pid\", \"medlem\".\"previous_partners\", \"medlem\".\"children_pid\", \"medlem\".\"partner_pid\", \"medlem\".\"created_at\", \"medlem\".\"updated_at\" FROM \"medlem\" WHERE \"medlem\".\"name\" = $1 LIMIT $2\n" [3mrows_affected[0m[2m=[0m0 [3mrows_returned[0m[2m=[0m0 [3melapsed[0m[2m=[0m242.953µs [3melapsed_secs[0m[2m=[0m0.000242953 [2m[3menvironment[0m[2m=[0mdevelopment[0m [2m[3mtask[0m[2m=[0m"seed_tree"[0m
[2m2026-02-08T13:57:30.281735Z[0m [32m INFO[0m [1mapp[0m:[1mtask[0m: [2msqlx::query[0m[2m:[0m [3msummary[0m[2m=[0m"INSERT INTO \"medlem\" (\"pid\", …" [3mdb.statement[0m[2m=[0m"\n\nINSERT INTO \"medlem\" (\"pid\", \"name\", \"email\", \"phone_nr\", \"address\", \"city\", \"birthdate\", \"final_date\", \"user_pid\", \"partner_pid\") VALUES ($1, $2, $3, $4, $5, $6, $7, $8, $9, $10) RETURNING \"id\", \"pid\", \"name\", \"email\", \"phone_nr\", \"address\", \"city\", \"birthdate\", \"final_date\", \"status\", \"user_pid\", \"parents_pid\", \"previous_partners\", \"children_pid\", \"partner_pid\", \"created_at\", \"updated_at\"\n" [3mrows_affected[0m[2m=[0m1 [3mrows_returned[0m[2m=[0m1 [3melapsed[0m[2m=[0m3.117895ms [3melapsed_secs[0m[2m=[0m0.003117895 [2m[3menvironment[0m[2m=[0mdevelopment[0m [2m[3mtask[0m[2m=[0m"seed_tree"[0m
[2m2026-02-08T13:57:30.281917Z[0m [32m INFO[0m [1mapp[0m:[1mtask[0m: [2mfamilyserver_backend::tasks::seed_graph[0m[2m:[0m Created medlem entry for Pernille S V Schumacher [2m[3menvironment[0m[2m=[0mdevelopment[0m [2m[3mtask[0m[2m=[0m"seed_tree"[0m
[2m2026-02-08T13:57:30.281988Z[0m [32m INFO[0m [1mapp[0m:[1mtask[0m: [2mfamilyserver_backend::tasks::seed_graph[0m[2m:[0m [INFO] Adding user as editor to medlem [2m[3menvironment[0m[2m=[0mdevelopment[0m [2m[3mtask[0m[2m=[0m"seed_tree"[0m
[2m2026-02-08T13:57:30.285388Z[0m [32m INFO[0m [1mapp[0m:[1mtask[0m: [2msqlx::query[0m[2m:[0m [3msummary[0m[2m=[0m"INSERT INTO \"medlem_editors\" (\"medlem_pid\", …" [3mdb.statement[0m[2m=[0m"\n\nINSERT INTO \"medlem_editors\" (\"medlem_pid\", \"user_pid\", \"role\") VALUES ($1, $2, $3) RETURNING \"id\", \"medlem_pid\", \"user_pid\", \"role\"\n" [3mrows_affected[0m[2m=[0m1 [3mrows_returned[0m[2m=[0m1 [3melapsed[0m[2m=[0m2.987482ms [3melapsed_secs[0m[2m=[0m0.002987482 [2m[3menvironment[0m[2m=[0mdevelopment[0m [2m[3mtask[0m[2m=[0m"seed_tree"[0m
[2m2026-02-08T13:57:30.285540Z[0m [32m INFO[0m [1mapp[0m:[1mtask[0m: [2mfamilyserver_backend::tasks::seed_graph[0m[2m:[0m User was added as editor for medlem [2m[3menvironment[0m[2m=[0mdevelopment[0m [2m[3mtask[0m[2m=[0m"seed_tree"[0m
[2m2026-02-08T13:57:30.286409Z[0m [32m INFO[0m [1mapp[0m:[1mtask[0m: [2msqlx::query[0m[2m:[0m [3msummary[0m[2m=[0m"SELECT \"user\".\"created_at\", \"user\".\"updated_at\", \"user\".\"id\", …" [3mdb.statement[0m[2m=[0m"\n\nSELECT \"user\".\"created_at\", \"user\".\"updated_at\", \"user\".\"id\", \"user\".\"pid\", \"user\".\"email\", \"user\".\"password\", \"user\".\"api_key\", \"user\".\"name\", \"user\".\"reset_token\", \"user\".\"reset_sent_at\", \"user\".\"magic_link_token\", \"user\".\"magic_link_token_expiration\" FROM \"user\" WHERE \"user\".\"name\" = $1 LIMIT $2\n" [3mrows_affected[0m[2m=[0m0 [3mrows_returned[0m[2m=[0m0 [3melapsed[0m[2m=[0m358.49µs [3melapsed_secs[0m[2m=[0m0.00035849 [2m[3menvironment[0m[2m=[0mdevelopment[0m [2m[3mtask[0m[2m=[0m"seed_tree"[0m
[2m2026-02-08T13:57:30.764120Z[0m [32m INFO[0m [1mapp[0m:[1mtask[0m: [2msqlx::query[0m[2m:[0m [3msummary[0m[2m=[0m"INSERT INTO \"user\" (\"pid\", …" [3mdb.statement[0m[2m=[0m"\n\nINSERT INTO \"user\" (\"pid\", \"email\", \"password\", \"api_key\", \"name\") VALUES ($1, $2, $3, $4, $5) RETURNING \"created_at\", \"updated_at\", \"id\", \"pid\", \"email\", \"password\", \"api_key\", \"name\", \"reset_token\", \"reset_sent_at\", \"magic_link_token\", \"magic_link_token_expiration\"\n" [3mrows_affected[0m[2m=[0m1 [3mrows_returned[0m[2m=[0m1 [3melapsed[0m[2m=[0m6.353908ms [3melapsed_secs[0m[2m=[0m0.006353908 [2m[3menvironment[0m[2m=[0mdevelopment[0m [2m[3mtask[0m[2m=[0m"seed_tree"[0m
[2m2026-02-08T13:57:30.765041Z[0m [32m INFO[0m [1mapp[0m:[1mtask[0m: [2msqlx::query[0m[2m:[0m [3msummary[0m[2m=[0m"SELECT \"medlem\".\"id\", \"medlem\".\"pid\", \"medlem\".\"name\", …" [3mdb.statement[0m[2m=[0m"\n\nSELECT \"medlem\".\"id\", \"medlem\".\"pid\", \"medlem\".\"name\", \"medlem\".\"email\", \"medlem\".\"phone_nr\", \"medlem\".\"address\", \"medlem\".\"city\", \"medlem\".\"birthdate\", \"medlem\".\"final_date\", \"medlem\".\"status\", \"medlem\".\"user_pid\", \"medlem\".\"parents_pid\", \"medlem\".\"previous_partners\", \"medlem\".\"children_pid\", \"medlem\".\"partner_pid\", \"medlem\".\"created_at\", \"medlem\".\"updated_at\" FROM \"medlem\" WHERE \"medlem\".\"name\" = $1 LIMIT $2\n" [3mrows_affected[0m[2m=[0m0 [3mrows_returned[0m[2m=[0m0 [3melapsed[0m[2m=[0m310.313µs [3melapsed_secs[0m[2m=[0m0.000310313 [2m[3menvironment[0m[2m=[0mdevelopment[0m [2m[3mtask[0m[2m=[0m"seed_tree"[0m
[2m2026-02-08T13:57:30.768737Z[0m [32m INFO[0m [1mapp[0m:[1mtask[0m: [2msqlx::query[0m[2m:[0m [3msummary[0m[2m=[0m"INSERT INTO \"medlem\" (\"pid\", …" [3mdb.statement[0m[2m=[0m"\n\nINSERT INTO \"medlem\" (\"pid\", \"name\", \"email\", \"phone_nr\", \"address\", \"city\", \"birthdate\", \"final_date\", \"user_pid\", \"partner_pid\") VALUES ($1, $2, $3, $4, $5, $6, $7, $8, $9, $10) RETURNING \"id\", \"pid\", \"name\", \"email\", \"phone_nr\", \"address\", \"city\", \"birthdate\", \"final_date\", \"status\", \"user_pid\", \"parents_pid\", \"previous_partners\", \"children_pid\", \"partner_pid\", \"created_at\", \"updated_at\"\n" [3mrows_affected[0m[2m=[0m1 [3mrows_returned[0m[2m=[0m1 [3melapsed[0m[2m=[0m3.158889ms [3melapsed_secs[0m[2m=[0m0.003158889 [2m[3menvironment[0m[2m=[0mdevelopment[0m [2m[3mtask[0m[2m=[0m"seed_tree"[0m
[2m2026-02-08T13:57:30.768924Z[0m [32m INFO[0m [1mapp[0m:[1mtask[0m: [2mfamilyserver_backend::tasks::seed_graph[0m[2m:[0m Created medlem entry for Veronica Wistoft Erdmann [2m[3menvironment[0m[2m=[0mdevelopment[0m [2m[3mtask[0m[2m=[0m"seed_tree"[0m
[2m2026-02-08T13:57:30.768984Z[0m [32m INFO[0m [1mapp[0m:[1mtask[0m: [2mfamilyserver_backend::tasks::seed_graph[0m[2m:[0m [INFO] Adding user as editor to medlem [2m[3menvironment[0m[2m=[0mdevelopment[0m [2m[3mtask[0m[2m=[0m"seed_tree"[0m
[2m2026-02-08T13:57:30.772334Z[0m [32m INFO[0m [1mapp[0m:[1mtask[0m: [2msqlx::query[0m[2m:[0m [3msummary[0m[2m=[0m"INSERT INTO \"medlem_editors\" (\"medlem_pid\", …" [3mdb.statement[0m[2m=[0m"\n\nINSERT INTO \"medlem_editors\" (\"medlem_pid\", \"user_pid\", \"role\") VALUES ($1, $2, $3) RETURNING \"id\", \"medlem_pid\", \"user_pid\", \"role\"\n" [3mrows_affected[0m[2m=[0m1 [3mrows_returned[0m[2m=[0m1 [3melapsed[0m[2m=[0m3.028625ms [3melapsed_secs[0m[2m=[0m0.003028625 [2m[3menvironment[0m[2m=[0mdevelopment[0m [2m[3mtask[0m[2m=[0m"seed_tree"[0m
[2m2026-02-08T13:57:30.772507Z[0m [32m INFO[0m [1mapp[0m:[1mtask[0m: [2mfamilyserver_backend::tasks::seed_graph[0m[2m:[0m User was added as editor for medlem [2m[3menvironment[0m[2m=[0mdevelopment[0m [2m[3mtask[0m[2m=[0m"seed_tree"[0m
[2m2026-02-08T13:57:30.773137Z[0m [32m INFO[0m [1mapp[0m:[1mtask[0m: [2msqlx::query[0m[2m:[0m [3msummary[0m[2m=[0m"SELECT \"medlem\".\"id\", \"medlem\".\"pid\", \"medlem\".\"name\", …" [3mdb.statement[0m[2m=[0m"\n\nSELECT \"medlem\".\"id\", \"medlem\".\"pid\", \"medlem\".\"name\", \"medlem\".\"email\", \"medlem\".\"phone_nr\", \"medlem\".\"address\", \"medlem\".\"city\", \"medlem\".\"birthdate\", \"medlem\".\"final_date\", \"medlem\".\"status\", \"medlem\".\"user_pid\", \"medlem\".\"parents_pid\", \"medlem\".\"previous_partners\", \"medlem\".\"children_pid\", \"medlem\".\"partner_pid\", \"medlem\".\"created_at\", \"medlem\".\"updated_at\" FROM \"medlem\" WHERE \"medlem\".\"name\" = $1 LIMIT $2\n" [3mrows_affected[0m[2m=[0m0 [3mrows_returned[0m[2m=[0m0 [3melapsed[0m[2m=[0m221.592µs [3melapsed_secs[0m[2m=[0m0.000221592 [2m[3menvironment[0m[2m=[0mdevelopment[0m [2m[3mtask[0m[2m=[0m"seed_tree"[0m
[2m2026-02-08T13:57:30.776794Z[0m [32m INFO[0m [1mapp[0m:[1mtask[0m: [2msqlx::query[0m[2m:[0m [3msummary[0m[2m=[0m"INSERT INTO \"medlem\" (\"pid\", …" [3mdb.statement[0m[2m=[0m"\n\nINSERT INTO \"medlem\" (\"pid\", \"name\", \"email\", \"phone_nr\", \"address\", \"city\", \"birthdate\", \"final_date\", \"user_pid\", \"partner_pid\") VALUES ($1, $2, $3, $4, $5, $6, $7, $8, $9, $10) RETURNING \"id\", \"pid\", \"name\", \"email\", \"phone_nr\", \"address\", \"city\", \"birthdate\", \"final_date\", \"status\", \"user_pid\", \"parents_pid\", \"previous_partners\", \"children_pid\", \"partner_pid\", \"created_at\", \"updated_at\"\n" [3mrows_affected[0m[2m=[0m1 [3mrows_returned[0m[2m=[0m1 [3melapsed[0m[2m=[0m3.198972ms [3melapsed_secs[0m[2m=[0m0.003198972 [2m[3menvironment[0m[2m=[0mdevelopment[0m [2m[3mtask[0m[2m=[0m"seed_tree"[0m
[2m2026-02-08T13:57:30.776980Z[0m [32m INFO[0m [1mapp[0m:[1mtask[0m: [2mfamilyserver_backend::tasks::seed_graph[0m[2m:[0m Created medlem entry for 1. ~ Kaj Emborg [2m[3menvironment[0m[2m=[0mdevelopment[0m [2m[3mtask[0m[2m=[0m"seed_tree"[0m
[2m2026-02-08T13:57:30.777048Z[0m [31mERROR[0m [1mapp[0m:[1mtask[0m: [2mfamilyserver_backend::tasks::seed_graph[0m[2m:[0m [WARN] No user created for 1. ~ Kaj Emborg, cannot add editor privileges [2m[3menvironment[0m[2m=[0mdevelopment[0m [2m[3mtask[0m[2m=[0m"seed_tree"[0m
[2m2026-02-08T13:57:30.777595Z[0m [32m INFO[0m [1mapp[0m:[1mtask[0m: [2msqlx::query[0m[2m:[0m [3msummary[0m[2m=[0m"SELECT \"user\".\"created_at\", \"user\".\"updated_at\", \"user\".\"id\", …" [3mdb.statement[0m[2m=[0m"\n\nSELECT \"user\".\"created_at\", \"user\".\"updated_at\", \"user\".\"id\", \"user\".\"pid\", \"user\".\"email\", \"user\".\"password\", \"user\".\"api_key\", \"user\".\"name\", \"user\".\"reset_token\", \"user\".\"reset_sent_at\", \"user\".\"magic_link_token\", \"user\".\"magic_link_token_expiration\" FROM \"user\" WHERE \"user\".\"name\" = $1 LIMIT $2\n" [3mrows_affected[0m[2m=[0m0 [3mrows_returned[0m[2m=[0m0 [3melapsed[0m[2m=[0m246.852µs [3melapsed_secs[0m[2m=[0m0.000246852 [2m[3menvironment[0m[2m=[0mdevelopment[0m [2m[3mtask[0m[2m=[0m"seed_tree"[0m
[2m2026-02-08T13:57:31.255091Z[0m [32m INFO[0m [1mapp[0m:[1mtask[0m: [2msqlx::query[0m[2m:[0m [3msummary[0m[2m=[0m"INSERT INTO \"user\" (\"pid\", …" [3mdb.statement[0m[2m=[0m"\n\nINSERT INTO \"user\" (\"pid\", \"email\", \"password\", \"api_key\", \"name\") VALUES ($1, $2, $3, $4, $5) RETURNING \"created_at\", \"updated_at\", \"id\", \"pid\", \"email\", \"password\", \"api_key\", \"name\", \"reset_token\", \"reset_sent_at\", \"magic_link_token\", \"magic_link_token_expiration\"\n" [3mrows_affected[0m[2m=[0m1 [3mrows_returned[0m[2m=[0m1 [3melapsed[0m[2m=[0m9.326553ms [3melapsed_secs[0m[2m=[0m0.009326553 [2m[3menvironment[0m[2m=[0mdevelopment[0m [2m[3mtask[0m[2m=[0m"seed_tree"[0m
[2m2026-02-08T13:57:31.256095Z[0m [32m INFO[0m [1mapp[0m:[1mtask[0m: [2msqlx::query[0m[2m:[0m [3msummary[0m[2m=[0m"SELECT \"medlem\".\"id\", \"medlem\".\"pid\", \"medlem\".\"name\", …" [3mdb.statement[0m[2m=[0m"\n\nSELECT \"medlem\".\"id\", \"medlem\".\"pid\", \"medlem\".\"name\", \"medlem\".\"email\", \"medlem\".\"phone_nr\", \"medlem\".\"address\", \"medlem\".\"city\", \"medlem\".\"birthdate\", \"medlem\".\"final_date\", \"medlem\".\"status\", \"medlem\".\"user_pid\", \"medlem\".\"parents_pid\", \"medlem\".\"previous_partners\", \"medlem\".\"children_pid\", \"medlem\".\"partner_pid\", \"medlem\".\"created_at\", \"medlem\".\"updated_at\" FROM \"medlem\" WHERE \"medlem\".\"name\" = $1 LIMIT $2\n" [3mrows_affected[0m[2m=[0m0 [3mrows_returned[0m[2m=[0m0 [3melapsed[0m[2m=[0m350.976µs [3melapsed_secs[0m[2m=[0m0.000350976 [2m[3menvironment[0m[2m=[0mdevelopment[0m [2m[3mtask[0m[2m=[0m"seed_tree"[0m
[2m2026-02-08T13:57:31.260975Z[0m [32m INFO[0m [1mapp[0m:[1mtask[0m: [2msqlx::query[0m[2m:[0m [3msummary[0m[2m=[0m"INSERT INTO \"medlem\" (\"pid\", …" [3mdb.statement[0m[2m=[0m"\n\nINSERT INTO \"medlem\" (\"pid\", \"name\", \"email\", \"phone_nr\", \"address\", \"city\", \"birthdate\", \"final_date\", \"user_pid\", \"partner_pid\") VALUES ($1, $2, $3, $4, $5, $6, $7, $8, $9, $10) RETURNING \"id\", \"pid\", \"name\", \"email\", \"phone_nr\", \"address\", \"city\", \"birthdate\", \"final_date\", \"status\", \"user_pid\", \"parents_pid\", \"previous_partners\", \"children_pid\", \"partner_pid\", \"created_at\", \"updated_at\"\n" [3mrows_affected[0m[2m=[0m1 [3mrows_returned[0m[2m=[0m1 [3melapsed[0m[2m=[0m3.506694ms [3melapsed_secs[0m[2m=[0m0.003506694 [2m[3menvironment[0m[2m=[0mdevelopment[0m [2m[3mtask[0m[2m=[0m"seed_tree"[0m
[2m2026-02-08T13:57:31.261169Z[0m [32m INFO[0m [1mapp[0m:[1mtask[0m: [2mfamilyserver_backend::tasks::seed_graph[0m[2m:[0m Created medlem entry for Margrethe Wistoft f. Vestergaard [2m[3menvironment[0m[2m=[0mdevelopment[0m [2m[3mtask[0m[2m=[0m"seed_tree"[0m
[2m2026-02-08T13:57:31.261229Z[0m [32m INFO[0m [1mapp[0m:[1mtask[0m: [2mfamilyserver_backend::tasks::seed_graph[0m[2m:[0m [INFO] Adding user as editor to medlem [2m[3menvironment[0m[2m=[0mdevelopment[0m [2m[3mtask[0m[2m=[0m"seed_tree"[0m
[2m2026-02-08T13:57:31.264492Z[0m [32m INFO[0m [1mapp[0m:[1mtask[0m: [2msqlx::query[0m[2m:[0m [3msummary[0m[2m=[0m"INSERT INTO \"medlem_editors\" (\"medlem_pid\", …" [3mdb.statement[0m[2m=[0m"\n\nINSERT INTO \"medlem_editors\" (\"medlem_pid\", \"user_pid\", \"role\") VALUES ($1, $2, $3) RETURNING \"id\", \"medlem_pid\", \"user_pid\", \"role\"\n" [3mrows_affected[0m[2m=[0m1 [3mrows_returned[0m[2m=[0m1 [3melapsed[0m[2m=[0m2.898241ms [3melapsed_secs[0m[2m=[0m0.002898241 [2m[3menvironment[0m[2m=[0mdevelopment[0m [2m[3mtask[0m[2m=[0m"seed_tree"[0m
[2m2026-02-08T13:57:31.264625Z[0m [32m INFO[0m [1mapp[0m:[1mtask[0m: [2mfamilyserver_backend::tasks::seed_graph[0m[2m:[0m User was added as editor for medlem [2m[3menvironment[0m[2m=[0mdevelopment[0m [2m[3mtask[0m[2m=[0m"seed_tree"[0m
[2m2026-02-08T13:57:31.265323Z[0m [32m INFO[0m [1mapp[0m:[1mtask[0m: [2msqlx::query[0m[2m:[0m [3msummary[0m[2m=[0m"SELECT \"medlem\".\"id\", \"medlem\".\"pid\", \"medlem\".\"name\", …" [3mdb.statement[0m[2m=[0m"\n\nSELECT \"medlem\".\"id\", \"medlem\".\"pid\", \"medlem\".\"name\", \"medlem\".\"email\", \"medlem\".\"phone_nr\", \"medlem\".\"address\", \"medlem\".\"city\", \"medlem\".\"birthdate\", \"medlem\".\"final_date\", \"medlem\".\"status\", \"medlem\".\"user_pid\", \"medlem\".\"parents_pid\", \"medlem\".\"previous_partners\", \"medlem\".\"children_pid\", \"medlem\".\"partner_pid\", \"medlem\".\"created_at\", \"medlem\".\"updated_at\" FROM \"medlem\" WHERE \"medlem\".\"name\" = $1 LIMIT $2\n" [3mrows_affected[0m[2m=[0m0 [3mrows_returned[0m[2m=[0m0 [3melapsed[0m[2m=[0m289.638µs [3melapsed_secs[0m[2m=[0m0.000289638 [2m[3menvironment[0m[2m=[0mdevelopment[0m [2m[3mtask[0m[2m=[0m"seed_tree"[0m
[2m2026-02-08T13:57:31.268843Z[0m [32m INFO[0m [1mapp[0m:[1mtask[0m: [2msqlx::query[0m[2m:[0m [3msummary[0m[2m=[0m"INSERT INTO \"medlem\" (\"pid\", …" [3mdb.statement[0m[2m=[0m"\n\nINSERT INTO \"medlem\" (\"pid\", \"name\", \"email\", \"phone_nr\", \"address\", \"city\", \"birthdate\", \"final_date\", \"user_pid\", \"partner_pid\") VALUES ($1, $2, $3, $4, $5, $6, $7, $8, $9, $10) RETURNING \"id\", \"pid\", \"name\", \"email\", \"phone_nr\", \"address\", \"city\", \"birthdate\", \"final_date\", \"status\", \"user_pid\", \"parents_pid\", \"previous_partners\", \"children_pid\", \"partner_pid\", \"created_at\", \"updated_at\"\n" [3mrows_affected[0m[2m=[0m1 [3mrows_returned[0m[2m=[0m1 [3melapsed[0m[2m=[0m3.038042ms [3melapsed_secs[0m[2m=[0m0.003038042 [2m[3menvironment[0m[2m=[0mdevelopment[0m [2m[3mtask[0m[2m=[0m"seed_tree"[0m
[2m2026-02-08T13:57:31.269023Z[0m [32m INFO[0m [1mapp[0m:[1mtask[0m: [2mfamilyserver_backend::tasks::seed_graph[0m[2m:[0m Created medlem entry for ~ Michael Andersen [2m[3menvironment[0m[2m=[0mdevelopment[0m [2m[3mtask[0m[2m=[0m"seed_tree"[0m
[2m2026-02-08T13:57:31.269108Z[0m [31mERROR[0m [1mapp[0m:[1mtask[0m: [2mfamilyserver_backend::tasks::seed_graph[0m[2m:[0m [WARN] No user created for ~ Michael Andersen, cannot add editor privileges [2m[3menvironment[0m[2m=[0mdevelopment[0m [2m[3mtask[0m[2m=[0m"seed_tree"[0m
[2m2026-02-08T13:57:31.269866Z[0m [32m INFO[0m [1mapp[0m:[1mtask[0m: [2msqlx::query[0m[2m:[0m [3msummary[0m[2m=[0m"SELECT \"user\".\"created_at\", \"user\".\"updated_at\", \"user\".\"id\", …" [3mdb.statement[0m[2m=[0m"\n\nSELECT \"user\".\"created_at\", \"user\".\"updated_at\", \"user\".\"id\", \"user\".\"pid\", \"user\".\"email\", \"user\".\"password\", \"user\".\"api_key\", \"user\".\"name\", \"user\".\"reset_token\", \"user\".\"reset_sent_at\", \"user\".\"magic_link_token\", \"user\".\"magic_link_token_expiration\" FROM \"user\" WHERE \"user\".\"name\" = $1 LIMIT $2\n" [3mrows_affected[0m[2m=[0m0 [3mrows_returned[0m[2m=[0m0 [3melapsed[0m[2m=[0m348.287µs [3melapsed_secs[0m[2m=[0m0.000348287 [2m[3menvironment[0m[2m=[0mdevelopment[0m [2m[3mtask[0m[2m=[0m"seed_tree"[0m
[2m2026-02-08T13:57:31.747128Z[0m [32m INFO[0m [1mapp[0m:[1mtask[0m: [2msqlx::query[0m[2m:[0m [3msummary[0m[2m=[0m"INSERT INTO \"user\" (\"pid\", …" [3mdb.statement[0m[2m=[0m"\n\nINSERT INTO \"user\" (\"pid\", \"email\", \"password\", \"api_key\", \"name\") VALUES ($1, $2, $3, $4, $5) RETURNING \"created_at\", \"updated_at\", \"id\", \"pid\", \"email\", \"password\", \"api_key\", \"name\", \"reset_token\", \"reset_sent_at\", \"magic_link_token\", \"magic_link_token_expiration\"\n" [3mrows_affected[0m[2m=[0m1 [3mrows_returned[0m[2m=[0m1 [3melapsed[0m[2m=[0m6.641734ms [3melapsed_secs[0m[2m=[0m0.006641734 [2m[3menvironment[0m[2m=[0mdevelopment[0m [2m[3mtask[0m[2m=[0m"seed_tree"[0m
[2m2026-02-08T13:57:31.748098Z[0m [32m INFO[0m [1mapp[0m:[1mtask[0m: [2msqlx::query[0m[2m:[0m [3msummary[0m[2m=[0m"SELECT \"medlem\".\"id\", \"medlem\".\"pid\", \"medlem\".\"name\", …" [3mdb.statement[0m[2m=[0m"\n\nSELECT \"medlem\".\"id\", \"medlem\".\"pid\", \"medlem\".\"name\", \"medlem\".\"email\", \"medlem\".\"phone_nr\", \"medlem\".\"address\", \"medlem\".\"city\", \"medlem\".\"birthdate\", \"medlem\".\"final_date\", \"medlem\".\"status\", \"medlem\".\"user_pid\", \"medlem\".\"parents_pid\", \"medlem\".\"previous_partners\", \"medlem\".\"children_pid\", \"medlem\".\"partner_pid\", \"medlem\".\"created_at\", \"medlem\".\"updated_at\" FROM \"medlem\" WHERE \"medlem\".\"name\" = $1 LIMIT $2\n" [3mrows_affected[0m[2m=[0m0 [3mrows_returned[0m[2m=[0m0 [3melapsed[0m[2m=[0m286.979µs [3melapsed_secs[0m[2m=[0m0.000286979 [2m[3menvironment[0m[2m=[0mdevelopment[0m [2m[3mtask[0m[2m=[0m"seed_tree"[0m
[2m2026-02-08T13:57:31.751737Z[0m [32m INFO[0m [1mapp[0m:[1mtask[0m: [2msqlx::query[0m[2m:[0m [3msummary[0m[2m=[0m"INSERT INTO \"medlem\" (\"pid\", …" [3mdb.statement[0m[2m=[0m"\n\nINSERT INTO \"medlem\" (\"pid\", \"name\", \"email\", \"phone_nr\", \"address\", \"city\", \"birthdate\", \"final_date\", \"user_pid\", \"partner_pid\") VALUES ($1, $2, $3, $4, $5, $6, $7, $8, $9, $10) RETURNING \"id\", \"pid\", \"name\", \"email\", \"phone_nr\", \"address\", \"city\", \"birthdate\", \"final_date\", \"status\", \"user_pid\", \"parents_pid\", \"previous_partners\", \"children_pid\", \"partner_pid\", \"created_at\", \"updated_at\"\n" [3mrows_affected[0m[2m=[0m1 [3mrows_returned[0m[2m=[0m1 [3melapsed[0m[2m=[0m3.232108ms [3melapsed_secs[0m[2m=[0m0.003232108 [2m[3menvironment[0m[2m=[0mdevelopment[0m [2m[3mtask[0m[2m=[0m"seed_tree"[0m
[2m2026-02-08T13:57:31.751933Z[0m [32m INFO[0m [1mapp[0m:[1mtask[0m: [2mfamilyserver_backend::tasks::seed_graph[0m[2m:[0m Created medlem entry for Malene Emborg Andersen [2m[3menvironment[0m[2m=[0mdevelopment[0m [2m[3mtask[0m[2m=[0m"seed_tree"[0m
[2m2026-02-08T13:57:31.752000Z[0m [32m INFO[0m [1mapp[0m:[1mtask[0m: [2mfamilyserver_backend::tasks::seed_graph[0m[2m:[0m [INFO] Adding user as editor to medlem [2m[3menvironment[0m[2m=[0mdevelopment[0m [2m[3mtask[0m[2m=[0m"seed_tree"[0m
[2m2026-02-08T13:57:31.755389Z[0m [32m INFO[0m [1mapp[0m:[1mtask[0m: [2msqlx::query[0m[2m:[0m [3msummary[0m[2m=[0m"INSERT INTO \"medlem_editors\" (\"medlem_pid\", …" [3mdb.statement[0m[2m=[0m"\n\nINSERT INTO \"medlem_editors\" (\"medlem_pid\", \"user_pid\", \"role\") VALUES ($1, $2, $3) RETURNING \"id\", \"medlem_pid\", \"user_pid\", \"role\"\n" [3mrows_affected[0m[2m=[0m1 [3mrows_returned[0m[2m=[0m1 [3melapsed[0m[2m=[0m2.939377ms [3melapsed_secs[0m[2m=[0m0.002939377 [2m[3menvironment[0m[2m=[0mdevelopment[0m [2m[3mtask[0m[2m=[0m"seed_tree"[0m
[2m2026-02-08T13:57:31.755544Z[0m [32m INFO[0m [1mapp[0m:[1mtask[0m: [2mfamilyserver_backend::tasks::seed_graph[0m[2m:[0m User was added as editor for medlem [2m[3menvironment[0m[2m=[0mdevelopment[0m [2m[3mtask[0m[2m=[0m"seed_tree"[0m
[2m2026-02-08T13:57:31.756249Z[0m [32m INFO[0m [1mapp[0m:[1mtask[0m: [2msqlx::query[0m[2m:[0m [3msummary[0m[2m=[0m"SELECT \"medlem\".\"id\", \"medlem\".\"pid\", \"medlem\".\"name\", …" [3mdb.statement[0m[2m=[0m"\n\nSELECT \"medlem\".\"id\", \"medlem\".\"pid\", \"medlem\".\"name\", \"medlem\".\"email\", \"medlem\".\"phone_nr\", \"medlem\".\"address\", \"medlem\".\"city\", \"medlem\".\"birthdate\", \"medlem\".\"final_date\", \"medlem\".\"status\", \"medlem\".\"user_pid\", \"medlem\".\"parents_pid\", \"medlem\".\"previous_partners\", \"medlem\".\"children_pid\", \"medlem\".\"partner_pid\", \"medlem\".\"created_at\", \"medlem\".\"updated_at\" FROM \"medlem\" WHERE \"medlem\".\"name\" = $1 LIMIT $2\n" [3mrows_affected[0m[2m=[0m0 [3mrows_returned[0m[2m=[0m0 [3melapsed[0m[2m=[0m229.848µs [3melapsed_secs[0m[2m=[0m0.000229848 [2m[3menvironment[0m[2m=[0mdevelopment[0m [2m[3mtask[0m[2m=[0m"seed_tree"[0m
[2m2026-02-08T13:57:31.759934Z[0m [32m INFO[0m [1mapp[0m:[1mtask[0m: [2msqlx::query[0m[2m:[0m [3msummary[0m[2m=[0m"INSERT INTO \"medlem\" (\"pid\", …" [3mdb.statement[0m[2m=[0m"\n\nINSERT INTO \"medlem\" (\"pid\", \"name\", \"email\", \"phone_nr\", \"address\", \"city\", \"birthdate\", \"final_date\", \"user_pid\", \"partner_pid\") VALUES ($1, $2, $3, $4, $5, $6, $7, $8, $9, $10) RETURNING \"id\", \"pid\", \"name\", \"email\", \"phone_nr\", \"address\", \"city\", \"birthdate\", \"final_date\", \"status\", \"user_pid\", \"parents_pid\", \"previous_partners\", \"children_pid\", \"partner_pid\", \"created_at\", \"updated_at\"\n" [3mrows_affected[0m[2m=[0m1 [3mrows_returned[0m[2m=[0m1 [3melapsed[0m[2m=[0m3.191756ms [3melapsed_secs[0m[2m=[0m0.003191756 [2m[3menvironment[0m[2m=[0mdevelopment[0m [2m[3mtask[0m[2m=[0m"seed_tree"[0m
[2m2026-02-08T13:57:31.760103Z[0m [32m INFO[0m [1mapp[0m:[1mtask[0m: [2mfamilyserver_backend::tasks::seed_graph[0m[2m:[0m Created medlem entry for Ella Marie Emborg Andersen [2m[3menvironment[0m[2m=[0mdevelopment[0m [2m[3mtask[0m[2m=[0m"seed_tree"[0m
[2m2026-02-08T13:57:31.760151Z[0m [31mERROR[0m [1mapp[0m:[1mtask[0m: [2mfamilyserver_backend::tasks::seed_graph[0m[2m:[0m [WARN] No user created for Ella Marie Emborg Andersen, cannot add editor privileges [2m[3menvironment[0m[2m=[0mdevelopment[0m [2m[3mtask[0m[2m=[0m"seed_tree"[0m
[2m2026-02-08T13:57:31.760836Z[0m [32m INFO[0m [1mapp[0m:[1mtask[0m: [2msqlx::query[0m[2m:[0m [3msummary[0m[2m=[0m"SELECT \"medlem\".\"id\", \"medlem\".\"pid\", \"medlem\".\"name\", …" [3mdb.statement[0m[2m=[0m"\n\nSELECT \"medlem\".\"id\", \"medlem\".\"pid\", \"medlem\".\"name\", \"medlem\".\"email\", \"medlem\".\"phone_nr\", \"medlem\".\"address\", \"medlem\".\"city\", \"medlem\".\"birthdate\", \"medlem\".\"final_date\", \"medlem\".\"status\", \"medlem\".\"user_pid\", \"medlem\".\"parents_pid\", \"medlem\".\"previous_partners\", \"medlem\".\"children_pid\", \"medlem\".\"partner_pid\", \"medlem\".\"created_at\", \"medlem\".\"updated_at\" FROM \"medlem\" WHERE \"medlem\".\"name\" = $1 LIMIT $2\n" [3mrows_affected[0m[2m=[0m0 [3mrows_returned[0m[2m=[0m0 [3melapsed[0m[2m=[0m294.687µs [3melapsed_secs[0m[2m=[0m0.000294687 [2m[3menvironment[0m[2m=[0mdevelopment[0m [2m[3mtask[0m[2m=[0m"seed_tree"[0m
[2m2026-02-08T13:57:31.764193Z[0m [32m INFO[0m [1mapp[0m:[1mtask[0m: [2msqlx::query[0m[2m:[0m [3msummary[0m[2m=[0m"INSERT INTO \"medlem\" (\"pid\", …" [3mdb.statement[0m[2m=[0m"\n\nINSERT INTO \"medlem\" (\"pid\", \"name\", \"email\", \"phone_nr\", \"address\", \"city\", \"birthdate\", \"final_date\", \"user_pid\", \"partner_pid\") VALUES ($1, $2, $3, $4, $5, $6, $7, $8, $9, $10) RETURNING \"id\", \"pid\", \"name\", \"email\", \"phone_nr\", \"address\", \"city\", \"birthdate\", \"final_date\", \"status\", \"user_pid\", \"parents_pid\", \"previous_partners\", \"children_pid\", \"partner_pid\", \"created_at\", \"updated_at\"\n" [3mrows_affected[0m[2m=[0m1 [3mrows_returned[0m[2m=[0m1 [3melapsed[0m[2m=[0m2.943075ms [3melapsed_secs[0m[2m=[0m0.002943075 [2m[3menvironment[0m[2m=[0mdevelopment[0m [2m[3mtask[0m[2m=[0m"seed_tree"[0m
[2m2026-02-08T13:57:31.764365Z[0m [32m INFO[0m [1mapp[0m:[1mtask[0m: [2mfamilyserver_backend::tasks::seed_graph[0m[2m:[0m Created medlem entry for Toke Klemen Emborg Andersen [2m[3menvironment[0m[2m=[0mdevelopment[0m [2m[3mtask[0m[2m=[0m"seed_tree"[0m
[2m2026-02-08T13:57:31.764419Z[0m [31mERROR[0m [1mapp[0m:[1mtask[0m: [2mfamilyserver_backend::tasks::seed_graph[0m[2m:[0m [WARN] No user created for Toke Klemen Emborg Andersen, cannot add editor privileges [2m[3menvironment[0m[2m=[0mdevelopment[0m [2m[3mtask[0m[2m=[0m"seed_tree"[0m
[2m2026-02-08T13:57:31.765205Z[0m [32m INFO[0m [1mapp[0m:[1mtask[0m: [2msqlx::query[0m[2m:[0m [3msummary[0m[2m=[0m"SELECT \"user\".\"created_at\", \"user\".\"updated_at\", \"user\".\"id\", …" [3mdb.statement[0m[2m=[0m"\n\nSELECT \"user\".\"created_at\", \"user\".\"updated_at\", \"user\".\"id\", \"user\".\"pid\", \"user\".\"email\", \"user\".\"password\", \"user\".\"api_key\", \"user\".\"name\", \"user\".\"reset_token\", \"user\".\"reset_sent_at\", \"user\".\"magic_link_token\", \"user\".\"magic_link_token_expiration\" FROM \"user\" WHERE \"user\".\"name\" = $1 LIMIT $2\n" [3mrows_affected[0m[2m=[0m0 [3mrows_returned[0m[2m=[0m0 [3melapsed[0m[2m=[0m331.693µs [3melapsed_secs[0m[2m=[0m0.000331693 [2m[3menvironment[0m[2m=[0mdevelopment[0m [2m[3mtask[0m[2m=[0m"seed_tree"[0m
[2m2026-02-08T13:57:32.246148Z[0m [32m INFO[0m [1mapp[0m:[1mtask[0m: [2msqlx::query[0m[2m:[0m [3msummary[0m[2m=[0m"INSERT INTO \"user\" (\"pid\", …" [3mdb.statement[0m[2m=[0m"\n\nINSERT INTO \"user\" (\"pid\", \"email\", \"password\", \"api_key\", \"name\") VALUES ($1, $2, $3, $4, $5) RETURNING \"created_at\", \"updated_at\", \"id\", \"pid\", \"email\", \"password\", \"api_key\", \"name\", \"reset_token\", \"reset_sent_at\", \"magic_link_token\", \"magic_link_token_expiration\"\n" [3mrows_affected[0m[2m=[0m1 [3mrows_returned[0m[2m=[0m1 [3melapsed[0m[2m=[0m6.748659ms [3melapsed_secs[0m[2m=[0m0.006748659 [2m[3menvironment[0m[2m=[0mdevelopment[0m [2m[3mtask[0m[2m=[0m"seed_tree"[0m
[2m2026-02-08T13:57:32.247148Z[0m [32m INFO[0m [1mapp[0m:[1mtask[0m: [2msqlx::query[0m[2m:[0m [3msummary[0m[2m=[0m"SELECT \"medlem\".\"id\", \"medlem\".\"pid\", \"medlem\".\"name\", …" [3mdb.statement[0m[2m=[0m"\n\nSELECT \"medlem\".\"id\", \"medlem\".\"pid\", \"medlem\".\"name\", \"medlem\".\"email\", \"medlem\".\"phone_nr\", \"medlem\".\"address\", \"medlem\".\"city\", \"medlem\".\"birthdate\", \"medlem\".\"final_date\", \"medlem\".\"status\", \"medlem\".\"user_pid\", \"medlem\".\"parents_pid\", \"medlem\".\"previous_partners\", \"medlem\".\"children_pid\", \"medlem\".\"partner_pid\", \"medlem\".\"created_at\", \"medlem\".\"updated_at\" FROM \"medlem\" WHERE \"medlem\".\"name\" = $1 LIMIT $2\n" [3mrows_affected[0m[2m=[0m0 [3mrows_returned[0m[2m=[0m0 [3melapsed[0m[2m=[0m290.249µs [3melapsed_secs[0m[2m=[0m0.000290249 [2m[3menvironment[0m[2m=[0mdevelopment[0m [2m[3mtask[0m[2m=[0m"seed_tree"[0m
[2m2026-02-08T13:57:32.250976Z[0m [32m INFO[0m [1mapp[0m:[1mtask[0m: [2msqlx::query[0m[2m:[0m [3msummary[0m[2m=[0m"INSERT INTO \"medlem\" (\"pid\", …" [3mdb.statement[0m[2m=[0m"\n\nINSERT INTO \"medlem\" (\"pid\", \"name\", \"email\", \"phone_nr\", \"address\", \"city\", \"birthdate\", \"final_date\", \"user_pid\", \"partner_pid\") VALUES ($1, $2, $3, $4, $5, $6, $7, $8, $9, $10) RETURNING \"id\", \"pid\", \"name\", \"email\", \"phone_nr\", \"address\", \"city\", \"birthdate\", \"final_date\", \"status\", \"user_pid\", \"parents_pid\", \"previous_partners\", \"children_pid\", \"partner_pid\", \"created_at\", \"updated_at\"\n" [3mrows_affected[0m[2m=[0m1 [3mrows_returned[0m[2m=[0m1 [3melapsed[0m[2m=[0m3.255343ms [3melapsed_secs[0m[2m=[0m0.003255343 [2m[3menvironment[0m[2m=[0mdevelopment[0m [2m[3mtask[0m[2m=[0m"seed_tree"[0m
[2m2026-02-08T13:57:32.251184Z[0m [32m INFO[0m [1mapp[0m:[1mtask[0m: [2mfamilyserver_backend::tasks::seed_graph[0m[2m:[0m Created medlem entry for ~ Søren Lassen [2m[3menvironment[0m[2m=[0mdevelopment[0m [2m[3mtask[0m[2m=[0m"seed_tree"[0m
[2m2026-02-08T13:57:32.251254Z[0m [32m INFO[0m [1mapp[0m:[1mtask[0m: [2mfamilyserver_backend::tasks::seed_graph[0m[2m:[0m [INFO] Adding user as editor to medlem [2m[3menvironment[0m[2m=[0mdevelopment[0m [2m[3mtask[0m[2m=[0m"seed_tree"[0m
[2m2026-02-08T13:57:32.254851Z[0m [32m INFO[0m [1mapp[0m:[1mtask[0m: [2msqlx::query[0m[2m:[0m [3msummary[0m[2m=[0m"INSERT INTO \"medlem_editors\" (\"medlem_pid\", …" [3mdb.statement[0m[2m=[0m"\n\nINSERT INTO \"medlem_editors\" (\"medlem_pid\", \"user_pid\", \"role\") VALUES ($1, $2, $3) RETURNING \"id\", \"medlem_pid\", \"user_pid\", \"role\"\n" [3mrows_affected[0m[2m=[0m1 [3mrows_returned[0m[2m=[0m1 [3melapsed[0m[2m=[0m3.153689ms [3melapsed_secs[0m[2m=[0m0.003153689 [2m[3menvironment[0m[2m=[0mdevelopment[0m [2m[3mtask[0m[2m=[0m"seed_tree"[0m
[2m2026-02-08T13:57:32.254987Z[0m [32m INFO[0m [1mapp[0m:[1mtask[0m: [2mfamilyserver_backend::tasks::seed_graph[0m[2m:[0m User was added as editor for medlem [2m[3menvironment[0m[2m=[0mdevelopment[0m [2m[3mtask[0m[2m=[0m"seed_tree"[0m
[2m2026-02-08T13:57:32.255867Z[0m [32m INFO[0m [1mapp[0m:[1mtask[0m: [2msqlx::query[0m[2m:[0m [3msummary[0m[2m=[0m"SELECT \"user\".\"created_at\", \"user\".\"updated_at\", \"user\".\"id\", …" [3mdb.statement[0m[2m=[0m"\n\nSELECT \"user\".\"created_at\", \"user\".\"updated_at\", \"user\".\"id\", \"user\".\"pid\", \"user\".\"email\", \"user\".\"password\", \"user\".\"api_key\", \"user\".\"name\", \"user\".\"reset_token\", \"user\".\"reset_sent_at\", \"user\".\"magic_link_token\", \"user\".\"magic_link_token_expiration\" FROM \"user\" WHERE \"user\".\"name\" = $1 LIMIT $2\n" [3mrows_affected[0m[2m=[0m0 [3mrows_returned[0m[2m=[0m0 [3melapsed[0m[2m=[0m379.978µs [3melapsed_secs[0m[2m=[0m0.000379978 [2m[3menvironment[0m[2m=[0mdevelopment[0m [2m[3mtask[0m[2m=[0m"seed_tree"[0m
[2m2026-02-08T13:57:32.729678Z[0m [32m INFO[0m [1mapp[0m:[1mtask[0m: [2msqlx::query[0m[2m:[0m [3msummary[0m[2m=[0m"INSERT INTO \"user\" (\"pid\", …" [3mdb.statement[0m[2m=[0m"\n\nINSERT INTO \"user\" (\"pid\", \"email\", \"password\", \"api_key\", \"name\") VALUES ($1, $2, $3, $4, $5) RETURNING \"created_at\", \"updated_at\", \"id\", \"pid\", \"email\", \"password\", \"api_key\", \"name\", \"reset_token\", \"reset_sent_at\", \"magic_link_token\", \"magic_link_token_expiration\"\n" [3mrows_affected[0m[2m=[0m1 [3mrows_returned[0m[2m=[0m1 [3melapsed[0m[2m=[0m6.512172ms [3melapsed_secs[0m[2m=[0m0.006512172 [2m[3menvironment[0m[2m=[0mdevelopment[0m [2m[3mtask[0m[2m=[0m"seed_tree"[0m
[2m2026-02-08T13:57:32.730577Z[0m [32m INFO[0m [1mapp[0m:[1mtask[0m: [2msqlx::query[0m[2m:[0m [3msummary[0m[2m=[0m"SELECT \"medlem\".\"id\", \"medlem\".\"pid\", \"medlem\".\"name\", …" [3mdb.statement[0m[2m=[0m"\n\nSELECT \"medlem\".\"id\", \"medlem\".\"pid\", \"medlem\".\"name\", \"medlem\".\"email\", \"medlem\".\"phone_nr\", \"medlem\".\"address\", \"medlem\".\"city\", \"medlem\".\"birthdate\", \"medlem\".\"final_date\", \"medlem\".\"status\", \"medlem\".\"user_pid\", \"medlem\".\"parents_pid\", \"medlem\".\"previous_partners\", \"medlem\".\"children_pid\", \"medlem\".\"partner_pid\", \"medlem\".\"created_at\", \"medlem\".\"updated_at\" FROM \"medlem\" WHERE \"medlem\".\"name\" = $1 LIMIT $2\n" [3mrows_affected[0m[2m=[0m0 [3mrows_returned[0m[2m=[0m0 [3melapsed[0m[2m=[0m322.259µs [3melapsed_secs[0m[2m=[0m0.000322259 [2m[3menvironment[0m[2m=[0mdevelopment[0m [2m[3mtask[0m[2m=[0m"seed_tree"[0m
[2m2026-02-08T13:57:32.734294Z[0m [32m INFO[0m [1mapp[0m:[1mtask[0m: [2msqlx::query[0m[2m:[0m [3msummary[0m[2m=[0m"INSERT INTO \"medlem\" (\"pid\", …" [3mdb.statement[0m[2m=[0m"\n\nINSERT INTO \"medlem\" (\"pid\", \"name\", \"email\", \"phone_nr\", \"address\", \"city\", \"birthdate\", \"final_date\", \"user_pid\", \"partner_pid\") VALUES ($1, $2, $3, $4, $5, $6, $7, $8, $9, $10) RETURNING \"id\", \"pid\", \"name\", \"email\", \"phone_nr\", \"address\", \"city\", \"birthdate\", \"final_date\", \"status\", \"user_pid\", \"parents_pid\", \"previous_partners\", \"children_pid\", \"partner_pid\", \"created_at\", \"updated_at\"\n" [3mrows_affected[0m[2m=[0m1 [3mrows_returned[0m[2m=[0m1 [3melapsed[0m[2m=[0m3.219834ms [3melapsed_secs[0m[2m=[0m0.003219834 [2m[3menvironment[0m[2m=[0mdevelopment[0m [2m[3mtask[0m[2m=[0m"seed_tree"[0m
[2m2026-02-08T13:57:32.734528Z[0m [32m INFO[0m [1mapp[0m:[1mtask[0m: [2mfamilyserver_backend::tasks::seed_graph[0m[2m:[0m Created medlem entry for Mette Emborg Lassen [2m[3menvironment[0m[2m=[0mdevelopment[0m [2m[3mtask[0m[2m=[0m"seed_tree"[0m
[2m2026-02-08T13:57:32.734606Z[0m [32m INFO[0m [1mapp[0m:[1mtask[0m: [2mfamilyserver_backend::tasks::seed_graph[0m[2m:[0m [INFO] Adding user as editor to medlem [2m[3menvironment[0m[2m=[0mdevelopment[0m [2m[3mtask[0m[2m=[0m"seed_tree"[0m
[2m2026-02-08T13:57:32.738190Z[0m [32m INFO[0m [1mapp[0m:[1mtask[0m: [2msqlx::query[0m[2m:[0m [3msummary[0m[2m=[0m"INSERT INTO \"medlem_editors\" (\"medlem_pid\", …" [3mdb.statement[0m[2m=[0m"\n\nINSERT INTO \"medlem_editors\" (\"medlem_pid\", \"user_pid\", \"role\") VALUES ($1, $2, $3) RETURNING \"id\", \"medlem_pid\", \"user_pid\", \"role\"\n" [3mrows_affected[0m[2m=[0m1 [3mrows_returned[0m[2m=[0m1 [3melapsed[0m[2m=[0m3.171787ms [3melapsed_secs[0m[2m=[0m0.003171787 [2m[3menvironment[0m[2m=[0mdevelopment[0m [2m[3mtask[0m[2m=[0m"seed_tree"[0m
[2m2026-02-08T13:57:32.738321Z[0m [32m INFO[0m [1mapp[0m:[1mtask[0m: [2mfamilyserver_backend::tasks::seed_graph[0m[2m:[0m User was added as editor for medlem [2m[3menvironment[0m[2m=[0mdevelopment[0m [2m[3mtask[0m[2m=[0m"seed_tree"[0m
[2m2026-02-08T13:57:32.739169Z[0m [32m INFO[0m [1mapp[0m:[1mtask[0m: [2msqlx::query[0m[2m:[0m [3msummary[0m[2m=[0m"SELECT \"medlem\".\"id\", \"medlem\".\"pid\", \"medlem\".\"name\", …" [3mdb.statement[0m[2m=[0m"\n\nSELECT \"medlem\".\"id\", \"medlem\".\"pid\", \"medlem\".\"name\", \"medlem\".\"email\", \"medlem\".\"phone_nr\", \"medlem\".\"address\", \"medlem\".\"city\", \"medlem\".\"birthdate\", \"medlem\".\"final_date\", \"medlem\".\"status\", \"medlem\".\"user_pid\", \"medlem\".\"parents_pid\", \"medlem\".\"previous_partners\", \"medlem\".\"children_pid\", \"medlem\".\"partner_pid\", \"medlem\".\"created_at\", \"medlem\".\"updated_at\" FROM \"medlem\" WHERE \"medlem\".\"name\" = $1 LIMIT $2\n" [3mrows_affected[0m[2m=[0m0 [3mrows_returned[0m[2m=[0m0 [3melapsed[0m[2m=[0m294.743µs [3melapsed_secs[0m[2m=[0m0.000294743 [2m[3menvironment[0m[2m=[0mdevelopment[0m [2m[3mtask[0m[2m=[0m"seed_tree"[0m
[2m2026-02-08T13:57:32.742551Z[0m [32m INFO[0m [1mapp[0m:[1mtask[0m: [2msqlx::query[0m[2m:[0m [3msummary[0m[2m=[0m"INSERT INTO \"medlem\" (\"pid\", …" [3mdb.statement[0m[2m=[0m"\n\nINSERT INTO \"medlem\" (\"pid\", \"name\", \"email\", \"phone_nr\", \"address\", \"city\", \"birthdate\", \"final_date\", \"user_pid\", \"partner_pid\") VALUES ($1, $2, $3, $4, $5, $6, $7, $8, $9, $10) RETURNING \"id\", \"pid\", \"name\", \"email\", \"phone_nr\", \"address\", \"city\", \"birthdate\", \"final_date\", \"status\", \"user_pid\", \"parents_pid\", \"previous_partners\", \"children_pid\", \"partner_pid\", \"created_at\", \"updated_at\"\n" [3mrows_affected[0m[2m=[0m1 [3mrows_returned[0m[2m=[0m1 [3melapsed[0m[2m=[0m2.932251ms [3melapsed_secs[0m[2m=[0m0.002932251 [2m[3menvironment[0m[2m=[0mdevelopment[0m [2m[3mtask[0m[2m=[0m"seed_tree"[0m
[2m2026-02-08T13:57:32.742736Z[0m [32m INFO[0m [1mapp[0m:[1mtask[0m: [2mfamilyserver_backend::tasks::seed_graph[0m[2m:[0m Created medlem entry for Ingrid Emborg Lassen [2m[3menvironment[0m[2m=[0mdevelopment[0m [2m[3mtask[0m[2m=[0m"seed_tree"[0m
[2m2026-02-08T13:57:32.742807Z[0m [31mERROR[0m [1mapp[0m:[1mtask[0m: [2mfamilyserver_backend::tasks::seed_graph[0m[2m:[0m [WARN] No user created for Ingrid Emborg Lassen, cannot add editor privileges [2m[3menvironment[0m[2m=[0mdevelopment[0m [2m[3mtask[0m[2m=[0m"seed_tree"[0m
[2m2026-02-08T13:57:32.743600Z[0m [32m INFO[0m [1mapp[0m:[1mtask[0m: [2msqlx::query[0m[2m:[0m [3msummary[0m[2m=[0m"SELECT \"medlem\".\"id\", \"medlem\".\"pid\", \"medlem\".\"name\", …" [3mdb.statement[0m[2m=[0m"\n\nSELECT \"medlem\".\"id\", \"medlem\".\"pid\", \"medlem\".\"name\", \"medlem\".\"email\", \"medlem\".\"phone_nr\", \"medlem\".\"address\", \"medlem\".\"city\", \"medlem\".\"birthdate\", \"medlem\".\"final_date\", \"medlem\".\"status\", \"medlem\".\"user_pid\", \"medlem\".\"parents_pid\", \"medlem\".\"previous_partners\", \"medlem\".\"children_pid\", \"medlem\".\"partner_pid\", \"medlem\".\"created_at\", \"medlem\".\"updated_at\" FROM \"medlem\" WHERE \"medlem\".\"name\" = $1 LIMIT $2\n" [3mrows_affected[0m[2m=[0m0 [3mrows_returned[0m[2m=[0m0 [3melapsed[0m[2m=[0m326.407µs [3melapsed_secs[0m[2m=[0m0.000326407 [2m[3menvironment[0m[2m=[0mdevelopment[0m [2m[3mtask[0m[2m=[0m"seed_tree"[0m
[2m2026-02-08T13:57:32.747156Z[0m [32m INFO[0m [1mapp[0m:[1mtask[0m: [2msqlx::query[0m[2m:[0m [3msummary[0m[2m=[0m"INSERT INTO \"medlem\" (\"pid\", …" [3mdb.statement[0m[2m=[0m"\n\nINSERT INTO \"medlem\" (\"pid\", \"name\", \"email\", \"phone_nr\", \"address\", \"city\", \"birthdate\", \"final_date\", \"user_pid\", \"partner_pid\") VALUES ($1, $2, $3, $4, $5, $6, $7, $8, $9, $10) RETURNING \"id\", \"pid\", \"name\", \"email\", \"phone_nr\", \"address\", \"city\", \"birthdate\", \"final_date\", \"status\", \"user_pid\", \"parents_pid\", \"previous_partners\", \"children_pid\", \"partner_pid\", \"created_at\", \"updated_at\"\n" [3mrows_affected[0m[2m=[0m1 [3mrows_returned[0m[2m=[0m1 [3melapsed[0m[2m=[0m3.056935ms [3melapsed_secs[0m[2m=[0m0.003056935 [2m[3menvironment[0m[2m=[0mdevelopment[0m [2m[3mtask[0m[2m=[0m"seed_tree"[0m
[2m2026-02-08T13:57:32.747321Z[0m [32m INFO[0m [1mapp[0m:[1mtask[0m: [2mfamilyserver_backend::tasks::seed_graph[0m[2m:[0m Created medlem entry for Daniel Emborg Lassen [2m[3menvironment[0m[2m=[0mdevelopment[0m [2m[3mtask[0m[2m=[0m"seed_tree"[0m
[2m2026-02-08T13:57:32.747375Z[0m [31mERROR[0m [1mapp[0m:[1mtask[0m: [2mfamilyserver_backend::tasks::seed_graph[0m[2m:[0m [WARN] No user created for Daniel Emborg Lassen, cannot add editor privileges [2m[3menvironment[0m[2m=[0mdevelopment[0m [2m[3mtask[0m[2m=[0m"seed_tree"[0m
[2m2026-02-08T13:57:32.748097Z[0m [32m INFO[0m [1mapp[0m:[1mtask[0m: [2msqlx::query[0m[2m:[0m [3msummary[0m[2m=[0m"SELECT \"medlem\".\"id\", \"medlem\".\"pid\", \"medlem\".\"name\", …" [3mdb.statement[0m[2m=[0m"\n\nSELECT \"medlem\".\"id\", \"medlem\".\"pid\", \"medlem\".\"name\", \"medlem\".\"email\", \"medlem\".\"phone_nr\", \"medlem\".\"address\", \"medlem\".\"city\", \"medlem\".\"birthdate\", \"medlem\".\"final_date\", \"medlem\".\"status\", \"medlem\".\"user_pid\", \"medlem\".\"parents_pid\", \"medlem\".\"previous_partners\", \"medlem\".\"children_pid\", \"medlem\".\"partner_pid\", \"medlem\".\"created_at\", \"medlem\".\"updated_at\" FROM \"medlem\" WHERE \"medlem\".\"name\" = $1 LIMIT $2\n" [3mrows_affected[0m[2m=[0m0 [3mrows_returned[0m[2m=[0m0 [3melapsed[0m[2m=[0m296.294µs [3melapsed_secs[0m[2m=[0m0.000296294 [2m[3menvironment[0m[2m=[0mdevelopment[0m [2m[3mtask[0m[2m=[0m"seed_tree"[0m
[2m2026-02-08T13:57:32.751414Z[0m [32m INFO[0m [1mapp[0m:[1mtask[0m: [2msqlx::query[0m[2m:[0m [3msummary[0m[2m=[0m"INSERT INTO \"medlem\" (\"pid\", …" [3mdb.statement[0m[2m=[0m"\n\nINSERT INTO \"medlem\" (\"pid\", \"name\", \"email\", \"phone_nr\", \"address\", \"city\", \"birthdate\", \"final_date\", \"user_pid\", \"partner_pid\") VALUES ($1, $2, $3, $4, $5, $6, $7, $8, $9, $10) RETURNING \"id\", \"pid\", \"name\", \"email\", \"phone_nr\", \"address\", \"city\", \"birthdate\", \"final_date\", \"status\", \"user_pid\", \"parents_pid\", \"previous_partners\", \"children_pid\", \"partner_pid\", \"created_at\", \"updated_at\"\n" [3mrows_affected[0m[2m=[0m1 [3mrows_returned[0m[2m=[0m1 [3melapsed[0m[2m=[0m2.854574ms [3melapsed_secs[0m[2m=[0m0.002854574 [2m[3menvironment[0m[2m=[0mdevelopment[0m [2m[3mtask[0m[2m=[0m"seed_tree"[0m
[2m2026-02-08T13:57:32.751584Z[0m [32m INFO[0m [1mapp[0m:[1mtask[0m: [2mfamilyserver_backend::tasks::seed_graph[0m[2m:[0m Created medlem entry for ~ Klaus Andreasen [2m[3menvironment[0m[2m=[0mdevelopment[0m [2m[3mtask[0m[2m=[0m"seed_tree"[0m
[2m2026-02-08T13:57:32.751632Z[0m [31mERROR[0m [1mapp[0m:[1mtask[0m: [2mfamilyserver_backend::tasks::seed_graph[0m[2m:[0m [WARN] No user created for ~ Klaus Andreasen, cannot add editor privileges [2m[3menvironment[0m[2m=[0mdevelopment[0m [2m[3mtask[0m[2m=[0m"seed_tree"[0m
[2m2026-02-08T13:57:32.752305Z[0m [32m INFO[0m [1mapp[0m:[1mtask[0m: [2msqlx::query[0m[2m:[0m [3msummary[0m[2m=[0m"SELECT \"user\".\"created_at\", \"user\".\"updated_at\", \"user\".\"id\", …" [3mdb.statement[0m[2m=[0m"\n\nSELECT \"user\".\"created_at\", \"user\".\"updated_at\", \"user\".\"id\", \"user\".\"pid\", \"user\".\"email\", \"user\".\"password\", \"user\".\"api_key\", \"user\".\"name\", \"user\".\"reset_token\", \"user\".\"reset_sent_at\", \"user\".\"magic_link_token\", \"user\".\"magic_link_token_expiration\" FROM \"user\" WHERE \"user\".\"name\" = $1 LIMIT $2\n" [3mrows_affected[0m[2m=[0m0 [3mrows_returned[0m[2m=[0m0 [3melapsed[0m[2m=[0m277.595µs [3melapsed_secs[0m[2m=[0m0.000277595 [2m[3menvironment[0m[2m=[0mdevelopment[0m [2m[3mtask[0m[2m=[0m"seed_tree"[0m
[2m2026-02-08T13:57:33.232787Z[0m [32m INFO[0m [1mapp[0m:[1mtask[0m: [2msqlx::query[0m[2m:[0m [3msummary[0m[2m=[0m"INSERT INTO \"user\" (\"pid\", …" [3mdb.statement[0m[2m=[0m"\n\nINSERT INTO \"user\" (\"pid\", \"email\", \"password\", \"api_key\", \"name\") VALUES ($1, $2, $3, $4, $5) RETURNING \"created_at\", \"updated_at\", \"id\", \"pid\", \"email\", \"password\", \"api_key\", \"name\", \"reset_token\", \"reset_sent_at\", \"magic_link_token\", \"magic_link_token_expiration\"\n" [3mrows_affected[0m[2m=[0m1 [3mrows_returned[0m[2m=[0m1 [3melapsed[0m[2m=[0m6.668715ms [3melapsed_secs[0m[2m=[0m0.006668715 [2m[3menvironment[0m[2m=[0mdevelopment[0m [2m[3mtask[0m[2m=[0m"seed_tree"[0m
[2m2026-02-08T13:57:33.233605Z[0m [32m INFO[0m [1mapp[0m:[1mtask[0m: [2msqlx::query[0m[2m:[0m [3msummary[0m[2m=[0m"SELECT \"medlem\".\"id\", \"medlem\".\"pid\", \"medlem\".\"name\", …" [3mdb.statement[0m[2m=[0m"\n\nSELECT \"medlem\".\"id\", \"medlem\".\"pid\", \"medlem\".\"name\", \"medlem\".\"email\", \"medlem\".\"phone_nr\", \"medlem\".\"address\", \"medlem\".\"city\", \"medlem\".\"birthdate\", \"medlem\".\"final_date\", \"medlem\".\"status\", \"medlem\".\"user_pid\", \"medlem\".\"parents_pid\", \"medlem\".\"previous_partners\", \"medlem\".\"children_pid\", \"medlem\".\"partner_pid\", \"medlem\".\"created_at\", \"medlem\".\"updated_at\" FROM \"medlem\" WHERE \"medlem\".\"name\" = $1 LIMIT $2\n" [3mrows_affected[0m[2m=[0m0 [3mrows_returned[0m[2m=[0m0 [3melapsed[0m[2m=[0m278.305µs [3melapsed_secs[0m[2m=[0m0.000278305 [2m[3menvironment[0m[2m=[0mdevelopment[0m [2m[3mtask[0m[2m=[0m"seed_tree"[0m
[2m2026-02-08T13:57:33.237296Z[0m [32m INFO[0m [1mapp[0m:[1mtask[0m: [2msqlx::query[0m[2m:[0m [3msummary[0m[2m=[0m"INSERT INTO \"medlem\" (\"pid\", …" [3mdb.statement[0m[2m=[0m"\n\nINSERT INTO \"medlem\" (\"pid\", \"name\", \"email\", \"phone_nr\", \"address\", \"city\", \"birthdate\", \"final_date\", \"user_pid\", \"partner_pid\") VALUES ($1, $2, $3, $4, $5, $6, $7, $8, $9, $10) RETURNING \"id\", \"pid\", \"name\", \"email\", \"phone_nr\", \"address\", \"city\", \"birthdate\", \"final_date\", \"status\", \"user_pid\", \"parents_pid\", \"previous_partners\", \"children_pid\", \"partner_pid\", \"created_at\", \"updated_at\"\n" [3mrows_affected[0m[2m=[0m1 [3mrows_returned[0m[2m=[0m1 [3melapsed[0m[2m=[0m3.167826ms [3melapsed_secs[0m[2m=[0m0.003167826 [2m[3menvironment[0m[2m=[0mdevelopment[0m [2m[3mtask[0m[2m=[0m"seed_tree"[0m
[2m2026-02-08T13:57:33.237495Z[0m [32m INFO[0m [1mapp[0m:[1mtask[0m: [2mfamilyserver_backend::tasks::seed_graph[0m[2m:[0m Created medlem entry for Karin Emborg Andreasen [2m[3menvironment[0m[2m=[0mdevelopment[0m [2m[3mtask[0m[2m=[0m"seed_tree"[0m
[2m2026-02-08T13:57:33.237576Z[0m [32m INFO[0m [1mapp[0m:[1mtask[0m: [2mfamilyserver_backend::tasks::seed_graph[0m[2m:[0m [INFO] Adding user as editor to medlem [2m[3menvironment[0m[2m=[0mdevelopment[0m [2m[3mtask[0m[2m=[0m"seed_tree"[0m
[2m2026-02-08T13:57:33.240989Z[0m [32m INFO[0m [1mapp[0m:[1mtask[0m: [2msqlx::query[0m[2m:[0m [3msummary[0m[2m=[0m"INSERT INTO \"medlem_editors\" (\"medlem_pid\", …" [3mdb.statement[0m[2m=[0m"\n\nINSERT INTO \"medlem_editors\" (\"medlem_pid\", \"user_pid\", \"role\") VALUES ($1, $2, $3) RETURNING \"id\", \"medlem_pid\", \"user_pid\", \"role\"\n" [3mrows_affected[0m[2m=[0m1 [3mrows_returned[0m[2m=[0m1 [3melapsed[0m[2m=[0m3.019239ms [3melapsed_secs[0m[2m=[0m0.003019239 [2m[3menvironment[0m[2m=[0mdevelopment[0m [2m[3mtask[0m[2m=[0m"seed_tree"[0m
[2m2026-02-08T13:57:33.241121Z[0m [32m INFO[0m [1mapp[0m:[1mtask[0m: [2mfamilyserver_backend::tasks::seed_graph[0m[2m:[0m User was added as editor for medlem [2m[3menvironment[0m[2m=[0mdevelopment[0m [2m[3mtask[0m[2m=[0m"seed_tree"[0m
[2m2026-02-08T13:57:33.241843Z[0m [32m INFO[0m [1mapp[0m:[1mtask[0m: [2msqlx::query[0m[2m:[0m [3msummary[0m[2m=[0m"SELECT \"medlem\".\"id\", \"medlem\".\"pid\", \"medlem\".\"name\", …" [3mdb.statement[0m[2m=[0m"\n\nSELECT \"medlem\".\"id\", \"medlem\".\"pid\", \"medlem\".\"name\", \"medlem\".\"email\", \"medlem\".\"phone_nr\", \"medlem\".\"address\", \"medlem\".\"city\", \"medlem\".\"birthdate\", \"medlem\".\"final_date\", \"medlem\".\"status\", \"medlem\".\"user_pid\", \"medlem\".\"parents_pid\", \"medlem\".\"previous_partners\", \"medlem\".\"children_pid\", \"medlem\".\"partner_pid\", \"medlem\".\"created_at\", \"medlem\".\"updated_at\" FROM \"medlem\" WHERE \"medlem\".\"name\" = $1 LIMIT $2\n" [3mrows_affected[0m[2m=[0m0 [3mrows_returned[0m[2m=[0m0 [3melapsed[0m[2m=[0m275.207µs [3melapsed_secs[0m[2m=[0m0.000275207 [2m[3menvironment[0m[2m=[0mdevelopment[0m [2m[3mtask[0m[2m=[0m"seed_tree"[0m
[2m2026-02-08T13:57:33.245284Z[0m [32m INFO[0m [1mapp[0m:[1mtask[0m: [2msqlx::query[0m[2m:[0m [3msummary[0m[2m=[0m"INSERT INTO \"medlem\" (\"pid\", …" [3mdb.statement[0m[2m=[0m"\n\nINSERT INTO \"medlem\" (\"pid\", \"name\", \"email\", \"phone_nr\", \"address\", \"city\", \"birthdate\", \"final_date\", \"user_pid\", \"partner_pid\") VALUES ($1, $2, $3, $4, $5, $6, $7, $8, $9, $10) RETURNING \"id\", \"pid\", \"name\", \"email\", \"phone_nr\", \"address\", \"city\", \"birthdate\", \"final_date\", \"status\", \"user_pid\", \"parents_pid\", \"previous_partners\", \"children_pid\", \"partner_pid\", \"created_at\", \"updated_at\"\n" [3mrows_affected[0m[2m=[0m1 [3mrows_returned[0m[2m=[0m1 [3melapsed[0m[2m=[0m3.036454ms [3melapsed_secs[0m[2m=[0m0.003036454 [2m[3menvironment[0m[2m=[0mdevelopment[0m [2m[3mtask[0m[2m=[0m"seed_tree"[0m
[2m2026-02-08T13:57:33.245478Z[0m [32m INFO[0m [1mapp[0m:[1mtask[0m: [2mfamilyserver_backend::tasks::seed_graph[0m[2m:[0m Created medlem entry for Philip Andreasen [2m[3menvironment[0m[2m=[0mdevelopment[0m [2m[3mtask[0m[2m=[0m"seed_tree"[0m
[2m2026-02-08T13:57:33.245541Z[0m [31mERROR[0m [1mapp[0m:[1mtask[0m: [2mfamilyserver_backend::tasks::seed_graph[0m[2m:[0m [WARN] No user created for Philip Andreasen, cannot add editor privileges [2m[3menvironment[0m[2m=[0mdevelopment[0m [2m[3mtask[0m[2m=[0m"seed_tree"[0m
[2m2026-02-08T13:57:33.246211Z[0m [32m INFO[0m [1mapp[0m:[1mtask[0m: [2msqlx::query[0m[2m:[0m [3msummary[0m[2m=[0m"SELECT \"medlem\".\"id\", \"medlem\".\"pid\", \"medlem\".\"name\", …" [3mdb.statement[0m[2m=[0m"\n\nSELECT \"medlem\".\"id\", \"medlem\".\"pid\", \"medlem\".\"name\", \"medlem\".\"email\", \"medlem\".\"phone_nr\", \"medlem\".\"address\", \"medlem\".\"city\", \"medlem\".\"birthdate\", \"medlem\".\"final_date\", \"medlem\".\"status\", \"medlem\".\"user_pid\", \"medlem\".\"parents_pid\", \"medlem\".\"previous_partners\", \"medlem\".\"children_pid\", \"medlem\".\"partner_pid\", \"medlem\".\"created_at\", \"medlem\".\"updated_at\" FROM \"medlem\" WHERE \"medlem\".\"name\" = $1 LIMIT $2\n" [3mrows_affected[0m[2m=[0m0 [3mrows_returned[0m[2m=[0m0 [3melapsed[0m[2m=[0m239.261µs [3melapsed_secs[0m[2m=[0m0.000239261 [2m[3menvironment[0m[2m=[0mdevelopment[0m [2m[3mtask[0m[2m=[0m"seed_tree"[0m
[2m2026-02-08T13:57:33.249569Z[0m [32m INFO[0m [1mapp[0m:[1mtask[0m: [2msqlx::query[0m[2m:[0m [3msummary[0m[2m=[0m"INSERT INTO \"medlem\" (\"pid\", …" [3mdb.statement[0m[2m=[0m"\n\nINSERT INTO \"medlem\" (\"pid\", \"name\", \"email\", \"phone_nr\", \"address\", \"city\", \"birthdate\", \"final_date\", \"user_pid\", \"partner_pid\") VALUES ($1, $2, $3, $4, $5, $6, $7, $8, $9, $10) RETURNING \"id\", \"pid\", \"name\", \"email\", \"phone_nr\", \"address\", \"city\", \"birthdate\", \"final_date\", \"status\", \"user_pid\", \"parents_pid\", \"previous_partners\", \"children_pid\", \"partner_pid\", \"created_at\", \"updated_at\"\n" [3mrows_affected[0m[2m=[0m1 [3mrows_returned[0m[2m=[0m1 [3melapsed[0m[2m=[0m2.951357ms [3melapsed_secs[0m[2m=[0m0.002951357 [2m[3menvironment[0m[2m=[0mdevelopment[0m [2m[3mtask[0m[2m=[0m"seed_tree"[0m
[2m2026-02-08T13:57:33.249756Z[0m [32m INFO[0m [1mapp[0m:[1mtask[0m: [2mfamilyserver_backend::tasks::seed_graph[0m[2m:[0m Created medlem entry for Mads Andreasen [2m[3menvironment[0m[2m=[0mdevelopment[0m [2m[3mtask[0m[2m=[0m"seed_tree"[0m
[2m2026-02-08T13:57:33.249817Z[0m [31mERROR[0m [1mapp[0m:[1mtask[0m: [2mfamilyserver_backend::tasks::seed_graph[0m[2m:[0m [WARN] No user created for Mads Andreasen, cannot add editor privileges [2m[3menvironment[0m[2m=[0mdevelopment[0m [2m[3mtask[0m[2m=[0m"seed_tree"[0m
[2m2026-02-08T13:57:33.250423Z[0m [32m INFO[0m [1mapp[0m:[1mtask[0m: [2msqlx::query[0m[2m:[0m [3msummary[0m[2m=[0m"SELECT \"user\".\"created_at\", \"user\".\"updated_at\", \"user\".\"id\", …" [3mdb.statement[0m[2m=[0m"\n\nSELECT \"user\".\"created_at\", \"user\".\"updated_at\", \"user\".\"id\", \"user\".\"pid\", \"user\".\"email\", \"user\".\"password\", \"user\".\"api_key\", \"user\".\"name\", \"user\".\"reset_token\", \"user\".\"reset_sent_at\", \"user\".\"magic_link_token\", \"user\".\"magic_link_token_expiration\" FROM \"user\" WHERE \"user\".\"name\" = $1 LIMIT $2\n" [3mrows_affected[0m[2m=[0m0 [3mrows_returned[0m[2m=[0m0 [3melapsed[0m[2m=[0m215.319µs [3melapsed_secs[0m[2m=[0m0.000215319 [2m[3menvironment[0m[2m=[0mdevelopment[0m [2m[3mtask[0m[2m=[0m"seed_tree"[0m
[2m2026-02-08T13:57:33.727507Z[0m [32m INFO[0m [1mapp[0m:[1mtask[0m: [2msqlx::query[0m[2m:[0m [3msummary[0m[2m=[0m"INSERT INTO \"user\" (\"pid\", …" [3mdb.statement[0m[2m=[0m"\n\nINSERT INTO \"user\" (\"pid\", \"email\", \"password\", \"api_key\", \"name\") VALUES ($1, $2, $3, $4, $5) RETURNING \"created_at\", \"updated_at\", \"id\", \"pid\", \"email\", \"password\", \"api_key\", \"name\", \"reset_token\", \"reset_sent_at\", \"magic_link_token\", \"magic_link_token_expiration\"\n" [3mrows_affected[0m[2m=[0m1 [3mrows_returned[0m[2m=[0m1 [3melapsed[0m[2m=[0m6.558837ms [3melapsed_secs[0m[2m=[0m0.006558837 [2m[3menvironment[0m[2m=[0mdevelopment[0m [2m[3mtask[0m[2m=[0m"seed_tree"[0m
[2m2026-02-08T13:57:33.728590Z[0m [32m INFO[0m [1mapp[0m:[1mtask[0m: [2msqlx::query[0m[2m:[0m [3msummary[0m[2m=[0m"SELECT \"medlem\".\"id\", \"medlem\".\"pid\", \"medlem\".\"name\", …" [3mdb.statement[0m[2m=[0m"\n\nSELECT \"medlem\".\"id\", \"medlem\".\"pid\", \"medlem\".\"name\", \"medlem\".\"email\", \"medlem\".\"phone_nr\", \"medlem\".\"address\", \"medlem\".\"city\", \"medlem\".\"birthdate\", \"medlem\".\"final_date\", \"medlem\".\"status\", \"medlem\".\"user_pid\", \"medlem\".\"parents_pid\", \"medlem\".\"previous_partners\", \"medlem\".\"children_pid\", \"medlem\".\"partner_pid\", \"medlem\".\"created_at\", \"medlem\".\"updated_at\" FROM \"medlem\" WHERE \"medlem\".\"name\" = $1 LIMIT $2\n" [3mrows_affected[0m[2m=[0m0 [3mrows_returned[0m[2m=[0m0 [3melapsed[0m[2m=[0m419.364µs [3melapsed_secs[0m[2m=[0m0.000419364 [2m[3menvironment[0m[2m=[0mdevelopment[0m [2m[3mtask[0m[2m=[0m"seed_tree"[0m
[2m2026-02-08T13:57:33.732114Z[0m [32m INFO[0m [1mapp[0m:[1mtask[0m: [2msqlx::query[0m[2m:[0m [3msummary[0m[2m=[0m"INSERT INTO \"medlem\" (\"pid\", …" [3mdb.statement[0m[2m=[0m"\n\nINSERT INTO \"medlem\" (\"pid\", \"name\", \"email\", \"phone_nr\", \"address\", \"city\", \"birthdate\", \"final_date\", \"user_pid\", \"partner_pid\") VALUES ($1, $2, $3, $4, $5, $6, $7, $8, $9, $10) RETURNING \"id\", \"pid\", \"name\", \"email\", \"phone_nr\", \"address\", \"city\", \"birthdate\", \"final_date\", \"status\", \"user_pid\", \"parents_pid\", \"previous_partners\", \"children_pid\", \"partner_pid\", \"created_at\", \"updated_at\"\n" [3mrows_affected[0m[2m=[0m1 [3mrows_returned[0m[2m=[0m1 [3melapsed[0m[2m=[0m3.058815ms [3melapsed_secs[0m[2m=[0m0.003058815 [2m[3menvironment[0m[2m=[0mdevelopment[0m [2m[3mtask[0m[2m=[0m"seed_tree"[0m
[2m2026-02-08T13:57:33.732284Z[0m [32m INFO[0m [1mapp[0m:[1mtask[0m: [2mfamilyserver_backend::tasks::seed_graph[0m[2m:[0m Created medlem entry for Rebecca Andreasen [2m[3menvironment[0m[2m=[0mdevelopment[0m [2m[3mtask[0m[2m=[0m"seed_tree"[0m
[2m2026-02-08T13:57:33.732332Z[0m [32m INFO[0m [1mapp[0m:[1mtask[0m: [2mfamilyserver_backend::tasks::seed_graph[0m[2m:[0m [INFO] Adding user as editor to medlem [2m[3menvironment[0m[2m=[0mdevelopment[0m [2m[3mtask[0m[2m=[0m"seed_tree"[0m
[2m2026-02-08T13:57:33.735742Z[0m [32m INFO[0m [1mapp[0m:[1mtask[0m: [2msqlx::query[0m[2m:[0m [3msummary[0m[2m=[0m"INSERT INTO \"medlem_editors\" (\"medlem_pid\", …" [3mdb.statement[0m[2m=[0m"\n\nINSERT INTO \"medlem_editors\" (\"medlem_pid\", \"user_pid\", \"role\") VALUES ($1, $2, $3) RETURNING \"id\", \"medlem_pid\", \"user_pid\", \"role\"\n" [3mrows_affected[0m[2m=[0m1 [3mrows_returned[0m[2m=[0m1 [3melapsed[0m[2m=[0m2.977226ms [3melapsed_secs[0m[2m=[0m0.002977226 [2m[3menvironment[0m[2m=[0mdevelopment[0m [2m[3mtask[0m[2m=[0m"seed_tree"[0m
[2m2026-02-08T13:57:33.735876Z[0m [32m INFO[0m [1mapp[0m:[1mtask[0m: [2mfamilyserver_backend::tasks::seed_graph[0m[2m:[0m User was added as editor for medlem [2m[3menvironment[0m[2m=[0mdevelopment[0m [2m[3mtask[0m[2m=[0m"seed_tree"[0m
[2m2026-02-08T13:57:33.736537Z[0m [32m INFO[0m [1mapp[0m:[1mtask[0m: [2msqlx::query[0m[2m:[0m [3msummary[0m[2m=[0m"SELECT \"user\".\"created_at\", \"user\".\"updated_at\", \"user\".\"id\", …" [3mdb.statement[0m[2m=[0m"\n\nSELECT \"user\".\"created_at\", \"user\".\"updated_at\", \"user\".\"id\", \"user\".\"pid\", \"user\".\"email\", \"user\".\"password\", \"user\".\"api_key\", \"user\".\"name\", \"user\".\"reset_token\", \"user\".\"reset_sent_at\", \"user\".\"magic_link_token\", \"user\".\"magic_link_token_expiration\" FROM \"user\" WHERE \"user\".\"name\" = $1 LIMIT $2\n" [3mrows_affected[0m[2m=[0m0 [3mrows_returned[0m[2m=[0m0 [3melapsed[0m[2m=[0m286.581µs [3melapsed_secs[0m[2m=[0m0.000286581 [2m[3menvironment[0m[2m=[0mdevelopment[0m [2m[3mtask[0m[2m=[0m"seed_tree"[0m
[2m2026-02-08T13:57:34.213011Z[0m [32m INFO[0m [1mapp[0m:[1mtask[0m: [2msqlx::query[0m[2m:[0m [3msummary[0m[2m=[0m"INSERT INTO \"user\" (\"pid\", …" [3mdb.statement[0m[2m=[0m"\n\nINSERT INTO \"user\" (\"pid\", \"email\", \"password\", \"api_key\", \"name\") VALUES ($1, $2, $3, $4, $5) RETURNING \"created_at\", \"updated_at\", \"id\", \"pid\", \"email\", \"password\", \"api_key\", \"name\", \"reset_token\", \"reset_sent_at\", \"magic_link_token\", \"magic_link_token_expiration\"\n" [3mrows_affected[0m[2m=[0m1 [3mrows_returned[0m[2m=[0m1 [3melapsed[0m[2m=[0m6.233349ms [3melapsed_secs[0m[2m=[0m0.006233349 [2m[3menvironment[0m[2m=[0mdevelopment[0m [2m[3mtask[0m[2m=[0m"seed_tree"[0m
[2m2026-02-08T13:57:34.214086Z[0m [32m INFO[0m [1mapp[0m:[1mtask[0m: [2msqlx::query[0m[2m:[0m [3msummary[0m[2m=[0m"SELECT \"medlem\".\"id\", \"medlem\".\"pid\", \"medlem\".\"name\", …" [3mdb.statement[0m[2m=[0m"\n\nSELECT \"medlem\".\"id\", \"medlem\".\"pid\", \"medlem\".\"name\", \"medlem\".\"email\", \"medlem\".\"phone_nr\", \"medlem\".\"address\", \"medlem\".\"city\", \"medlem\".\"birthdate\", \"medlem\".\"final_date\", \"medlem\".\"status\", \"medlem\".\"user_pid\", \"medlem\".\"parents_pid\", \"medlem\".\"previous_partners\", \"medlem\".\"children_pid\", \"medlem\".\"partner_pid\", \"medlem\".\"created_at\", \"medlem\".\"updated_at\" FROM \"medlem\" WHERE \"medlem\".\"name\" = $1 LIMIT $2\n" [3mrows_affected[0m[2m=[0m0 [3mrows_returned[0m[2m=[0m0 [3melapsed[0m[2m=[0m362.76µs [3melapsed_secs[0m[2m=[0m0.00036276 [2m[3menvironment[0m[2m=[0mdevelopment[0m [2m[3mtask[0m[2m=[0m"seed_tree"[0m
[2m2026-02-08T13:57:34.217546Z[0m [32m INFO[0m [1mapp[0m:[1mtask[0m: [2msqlx::query[0m[2m:[0m [3msummary[0m[2m=[0m"INSERT INTO \"medlem\" (\"pid\", …" [3mdb.statement[0m[2m=[0m"\n\nINSERT INTO \"medlem\" (\"pid\", \"name\", \"email\", \"phone_nr\", \"address\", \"city\", \"birthdate\", \"final_date\", \"user_pid\", \"partner_pid\") VALUES ($1, $2, $3, $4, $5, $6, $7, $8, $9, $10) RETURNING \"id\", \"pid\", \"name\", \"email\", \"phone_nr\", \"address\", \"city\", \"birthdate\", \"final_date\", \"status\", \"user_pid\", \"parents_pid\", \"previous_partners\", \"children_pid\", \"partner_pid\", \"created_at\", \"updated_at\"\n" [3mrows_affected[0m[2m=[0m1 [3mrows_returned[0m[2m=[0m1 [3melapsed[0m[2m=[0m2.961152ms [3melapsed_secs[0m[2m=[0m0.002961152 [2m[3menvironment[0m[2m=[0mdevelopment[0m [2m[3mtask[0m[2m=[0m"seed_tree"[0m
[2m2026-02-08T13:57:34.217731Z[0m [32m INFO[0m [1mapp[0m:[1mtask[0m: [2mfamilyserver_backend::tasks::seed_graph[0m[2m:[0m Created medlem entry for Klaus Emborg [2m[3menvironment[0m[2m=[0mdevelopment[0m [2m[3mtask[0m[2m=[0m"seed_tree"[0m
[2m2026-02-08T13:57:34.217806Z[0m [32m INFO[0m [1mapp[0m:[1mtask[0m: [2mfamilyserver_backend::tasks::seed_graph[0m[2m:[0m [INFO] Adding user as editor to medlem [2m[3menvironment[0m[2m=[0mdevelopment[0m [2m[3mtask[0m[2m=[0m"seed_tree"[0m
[2m2026-02-08T13:57:34.221008Z[0m [32m INFO[0m [1mapp[0m:[1mtask[0m: [2msqlx::query[0m[2m:[0m [3msummary[0m[2m=[0m"INSERT INTO \"medlem_editors\" (\"medlem_pid\", …" [3mdb.statement[0m[2m=[0m"\n\nINSERT INTO \"medlem_editors\" (\"medlem_pid\", \"user_pid\", \"role\") VALUES ($1, $2, $3) RETURNING \"id\", \"medlem_pid\", \"user_pid\", \"role\"\n" [3mrows_affected[0m[2m=[0m1 [3mrows_returned[0m[2m=[0m1 [3melapsed[0m[2m=[0m2.791866ms [3melapsed_secs[0m[2m=[0m0.002791866 [2m[3menvironment[0m[2m=[0mdevelopment[0m [2m[3mtask[0m[2m=[0m"seed_tree"[0m
[2m2026-02-08T13:57:34.221144Z[0m [32m INFO[0m [1mapp[0m:[1mtask[0m: [2mfamilyserver_backend::tasks::seed_graph[0m[2m:[0m User was added as editor for medlem [2m[3menvironment[0m[2m=[0mdevelopment[0m [2m[3mtask[0m[2m=[0m"seed_tree"[0m
[2m2026-02-08T13:57:34.221941Z[0m [32m INFO[0m [1mapp[0m:[1mtask[0m: [2msqlx::query[0m[2m:[0m [3msummary[0m[2m=[0m"SELECT \"medlem\".\"id\", \"medlem\".\"pid\", \"medlem\".\"name\", …" [3mdb.statement[0m[2m=[0m"\n\nSELECT \"medlem\".\"id\", \"medlem\".\"pid\", \"medlem\".\"name\", \"medlem\".\"email\", \"medlem\".\"phone_nr\", \"medlem\".\"address\", \"medlem\".\"city\", \"medlem\".\"birthdate\", \"medlem\".\"final_date\", \"medlem\".\"status\", \"medlem\".\"user_pid\", \"medlem\".\"parents_pid\", \"medlem\".\"previous_partners\", \"medlem\".\"children_pid\", \"medlem\".\"partner_pid\", \"medlem\".\"created_at\", \"medlem\".\"updated_at\" FROM \"medlem\" WHERE \"medlem\".\"name\" = $1 LIMIT $2\n" [3mrows_affected[0m[2m=[0m0 [3mrows_returned[0m[2m=[0m0 [3melapsed[0m[2m=[0m268.234µs [3melapsed_secs[0m[2m=[0m0.000268234 [2m[3menvironment[0m[2m=[0mdevelopment[0m [2m[3mtask[0m[2m=[0m"seed_tree"[0m
[2m2026-02-08T13:57:34.225286Z[0m [32m INFO[0m [1mapp[0m:[1mtask[0m: [2msqlx::query[0m[2m:[0m [3msummary[0m[2m=[0m"INSERT INTO \"medlem\" (\"pid\", …" [3mdb.statement[0m[2m=[0m"\n\nINSERT INTO \"medlem\" (\"pid\", \"name\", \"email\", \"phone_nr\", \"address\", \"city\", \"birthdate\", \"final_date\", \"user_pid\", \"partner_pid\") VALUES ($1, $2, $3, $4, $5, $6, $7, $8, $9, $10) RETURNING \"id\", \"pid\", \"name\", \"email\", \"phone_nr\", \"address\", \"city\", \"birthdate\", \"final_date\", \"status\", \"user_pid\", \"parents_pid\", \"previous_partners\", \"children_pid\", \"partner_pid\", \"created_at\", \"updated_at\"\n" [3mrows_affected[0m[2m=[0m1 [3mrows_returned[0m[2m=[0m1 [3melapsed[0m[2m=[0m2.922751ms [3melapsed_secs[0m[2m=[0m0.002922751 [2m[3menvironment[0m[2m=[0mdevelopment[0m [2m[3mtask[0m[2m=[0m"seed_tree"[0m
[2m2026-02-08T13:57:34.225476Z[0m [32m INFO[0m [1mapp[0m:[1mtask[0m: [2mfamilyserver_backend::tasks::seed_graph[0m[2m:[0m Created medlem entry for Mikkel Emborg [2m[3menvironment[0m[2m=[0mdevelopment[0m [2m[3mtask[0m[2m=[0m"seed_tree"[0m
[2m2026-02-08T13:57:34.225570Z[0m [31mERROR[0m [1mapp[0m:[1mtask[0m: [2mfamilyserver_backend::tasks::seed_graph[0m[2m:[0m [WARN] No user created for Mikkel Emborg, cannot add editor privileges [2m[3menvironment[0m[2m=[0mdevelopment[0m [2m[3mtask[0m[2m=[0m"seed_tree"[0m
[2m2026-02-08T13:57:34.226233Z[0m [32m INFO[0m [1mapp[0m:[1mtask[0m: [2msqlx::query[0m[2m:[0m [3msummary[0m[2m=[0m"SELECT \"medlem\".\"id\", \"medlem\".\"pid\", \"medlem\".\"name\", …" [3mdb.statement[0m[2m=[0m"\n\nSELECT \"medlem\".\"id\", \"medlem\".\"pid\", \"medlem\".\"name\", \"medlem\".\"email\", \"medlem\".\"phone_nr\", \"medlem\".\"address\", \"medlem\".\"city\", \"medlem\".\"birthdate\", \"medlem\".\"final_date\", \"medlem\".\"status\", \"medlem\".\"user_pid\", \"medlem\".\"parents_pid\", \"medlem\".\"previous_partners\", \"medlem\".\"children_pid\", \"medlem\".\"partner_pid\", \"medlem\".\"created_at\", \"medlem\".\"updated_at\" FROM \"medlem\" WHERE \"medlem\".\"name\" = $1 LIMIT $2\n" [3mrows_affected[0m[2m=[0m0 [3mrows_returned[0m[2m=[0m0 [3melapsed[0m[2m=[0m239.093µs [3melapsed_secs[0m[2m=[0m0.000239093 [2m[3menvironment[0m[2m=[0mdevelopment[0m [2m[3mtask[0m[2m=[0m"seed_tree"[0m
[2m2026-02-08T13:57:34.229433Z[0m [32m INFO[0m [1mapp[0m:[1mtask[0m: [2msqlx::query[0m[2m:[0m [3msummary[0m[2m=[0m"INSERT INTO \"medlem\" (\"pid\", …" [3mdb.statement[0m[2m=[0m"\n\nINSERT INTO \"medlem\" (\"pid\", \"name\", \"email\", \"phone_nr\", \"address\", \"city\", \"birthdate\", \"final_date\", \"user_pid\", \"partner_pid\") VALUES ($1, $2, $3, $4, $5, $6, $7, $8, $9, $10) RETURNING \"id\", \"pid\", \"name\", \"email\", \"phone_nr\", \"address\", \"city\", \"birthdate\", \"final_date\", \"status\", \"user_pid\", \"parents_pid\", \"previous_partners\", \"children_pid\", \"partner_pid\", \"created_at\", \"updated_at\"\n" [3mrows_affected[0m[2m=[0m1 [3mrows_returned[0m[2m=[0m1 [3melapsed[0m[2m=[0m2.673859ms [3melapsed_secs[0m[2m=[0m0.002673859 [2m[3menvironment[0m[2m=[0mdevelopment[0m [2m[3mtask[0m[2m=[0m"seed_tree"[0m
[2m2026-02-08T13:57:34.229633Z[0m [32m INFO[0m [1mapp[0m:[1mtask[0m: [2mfamilyserver_backend::tasks::seed_graph[0m[2m:[0m Created medlem entry for Kasper Emborg [2m[3menvironment[0m[2m=[0mdevelopment[0m [2m[3mtask[0m[2m=[0m"seed_tree"[0m
[2m2026-02-08T13:57:34.229704Z[0m [31mERROR[0m [1mapp[0m:[1mtask[0m: [2mfamilyserver_backend::tasks::seed_graph[0m[2m:[0m [WARN] No user created for Kasper Emborg, cannot add editor privileges [2m[3menvironment[0m[2m=[0mdevelopment[0m [2m[3mtask[0m[2m=[0m"seed_tree"[0m
[2m2026-02-08T13:57:34.230401Z[0m [32m INFO[0m [1mapp[0m:[1mtask[0m: [2msqlx::query[0m[2m:[0m [3msummary[0m[2m=[0m"SELECT \"medlem\".\"id\", \"medlem\".\"pid\", \"medlem\".\"name\", …" [3mdb.statement[0m[2m=[0m"\n\nSELECT \"medlem\".\"id\", \"medlem\".\"pid\", \"medlem\".\"name\", \"medlem\".\"email\", \"medlem\".\"phone_nr\", \"medlem\".\"address\", \"medlem\".\"city\", \"medlem\".\"birthdate\", \"medlem\".\"final_date\", \"medlem\".\"status\", \"medlem\".\"user_pid\", \"medlem\".\"parents_pid\", \"medlem\".\"previous_partners\", \"medlem\".\"children_pid\", \"medlem\".\"partner_pid\", \"medlem\".\"created_at\", \"medlem\".\"updated_at\" FROM \"medlem\" WHERE \"medlem\".\"name\" = $1 LIMIT $2\n" [3mrows_affected[0m[2m=[0m0 [3mrows_returned[0m[2m=[0m0 [3melapsed[0m[2m=[0m256.146µs [3melapsed_secs[0m[2m=[0m0.000256146 [2m[3menvironment[0m[2m=[0mdevelopment[0m [2m[3mtask[0m[2m=[0m"seed_tree"[0m
[2m2026-02-08T13:57:34.233756Z[0m [32m INFO[0m [1mapp[0m:[1mtask[0m: [2msqlx::query[0m[2m:[0m [3msummary[0m[2m=[0m"INSERT INTO \"medlem\" (\"pid\", …" [3mdb.statement[0m[2m=[0m"\n\nINSERT INTO \"medlem\" (\"pid\", \"name\", \"email\", \"phone_nr\", \"address\", \"city\", \"birthdate\", \"final_date\", \"user_pid\", \"partner_pid\") VALUES ($1, $2, $3, $4, $5, $6, $7, $8, $9, $10) RETURNING \"id\", \"pid\", \"name\", \"email\", \"phone_nr\", \"address\", \"city\", \"birthdate\", \"final_date\", \"status\", \"user_pid\", \"parents_pid\", \"previous_partners\", \"children_pid\", \"partner_pid\", \"created_at\", \"updated_at\"\n" [3mrows_affected[0m[2m=[0m1 [3mrows_returned[0m[2m=[0m1 [3melapsed[0m[2m=[0m2.860796ms [3melapsed_secs[0m[2m=[0m0.002860796 [2m[3menvironment[0m[2m=[0mdevelopment[0m [2m[3mtask[0m[2m=[0m"seed_tree"[0m
[2m2026-02-08T13:57:34.233927Z[0m [32m INFO[0m [1mapp[0m:[1mtask[0m: [2mfamilyserver_backend::tasks::seed_graph[0m[2m:[0m Created medlem entry for Kamilla Emborg [2m[3menvironment[0m[2m=[0mdevelopment[0m [2m[3mtask[0m[2m=[0m"seed_tree"[0m
[2m2026-02-08T13:57:34.233996Z[0m [31mERROR[0m [1mapp[0m:[1mtask[0m: [2mfamilyserver_backend::tasks::seed_graph[0m[2m:[0m [WARN] No user created for Kamilla Emborg, cannot add editor privileges [2m[3menvironment[0m[2m=[0mdevelopment[0m [2m[3mtask[0m[2m=[0m"seed_tree"[0m
[2m2026-02-08T13:57:34.234687Z[0m [32m INFO[0m [1mapp[0m:[1mtask[0m: [2msqlx::query[0m[2m:[0m [3msummary[0m[2m=[0m"SELECT \"medlem\".\"id\", \"medlem\".\"pid\", \"medlem\".\"name\", …" [3mdb.statement[0m[2m=[0m"\n\nSELECT \"medlem\".\"id\", \"medlem\".\"pid\", \"medlem\".\"name\", \"medlem\".\"email\", \"medlem\".\"phone_nr\", \"medlem\".\"address\", \"medlem\".\"city\", \"medlem\".\"birthdate\", \"medlem\".\"final_date\", \"medlem\".\"status\", \"medlem\".\"user_pid\", \"medlem\".\"parents_pid\", \"medlem\".\"previous_partners\", \"medlem\".\"children_pid\", \"medlem\".\"partner_pid\", \"medlem\".\"created_at\", \"medlem\".\"updated_at\" FROM \"medlem\" WHERE \"medlem\".\"name\" = $1 LIMIT $2\n" [3mrows_affected[0m[2m=[0m0 [3mrows_returned[0m[2m=[0m0 [3melapsed[0m[2m=[0m310.319µs [3melapsed_secs[0m[2m=[0m0.000310319 [2m[3menvironment[0m[2m=[0mdevelopment[0m [2m[3mtask[0m[2m=[0m"seed_tree"[0m
[2m2026-02-08T13:57:34.237867Z[0m [32m INFO[0m [1mapp[0m:[1mtask[0m: [2msqlx::query[0m[2m:[0m [3msummary[0m[2m=[0m"INSERT INTO \"medlem\" (\"pid\", …" [3mdb.statement[0m[2m=[0m"\n\nINSERT INTO \"medlem\" (\"pid\", \"name\", \"email\", \"phone_nr\", \"address\", \"city\", \"birthdate\", \"final_date\", \"user_pid\", \"partner_pid\") VALUES ($1, $2, $3, $4, $5, $6, $7, $8, $9, $10) RETURNING \"id\", \"pid\", \"name\", \"email\", \"phone_nr\", \"address\", \"city\", \"birthdate\", \"final_date\", \"status\", \"user_pid\", \"parents_pid\", \"previous_partners\", \"children_pid\", \"partner_pid\", \"created_at\", \"updated_at\"\n" [3mrows_affected[0m[2m=[0m1 [3mrows_returned[0m[2m=[0m1 [3melapsed[0m[2m=[0m2.756069ms [3melapsed_secs[0m[2m=[0m0.002756069 [2m[3menvironment[0m[2m=[0mdevelopment[0m [2m[3mtask[0m[2m=[0m"seed_tree"[0m
[2m2026-02-08T13:57:34.238048Z[0m [32m INFO[0m [1mapp[0m:[1mtask[0m: [2mfamilyserver_backend::tasks::seed_graph[0m[2m:[0m Created medlem entry for Michael Emborg [2m[3menvironment[0m[2m=[0mdevelopment[0m [2m[3mtask[0m[2m=[0m"seed_tree"[0m
[2m2026-02-08T13:57:34.238102Z[0m [31mERROR[0m [1mapp[0m:[1mtask[0m: [2mfamilyserver_backend::tasks::seed_graph[0m[2m:[0m [WARN] No user created for Michael Emborg, cannot add editor privileges [2m[3menvironment[0m[2m=[0mdevelopment[0m [2m[3mtask[0m[2m=[0m"seed_tree"[0m
[2m2026-02-08T13:57:34.238668Z[0m [32m INFO[0m [1mapp[0m:[1mtask[0m: [2msqlx::query[0m[2m:[0m [3msummary[0m[2m=[0m"SELECT \"medlem\".\"id\", \"medlem\".\"pid\", \"medlem\".\"name\", …" [3mdb.statement[0m[2m=[0m"\n\nSELECT \"medlem\".\"id\", \"medlem\".\"pid\", \"medlem\".\"name\", \"medlem\".\"email\", \"medlem\".\"phone_nr\", \"medlem\".\"address\", \"medlem\".\"city\", \"medlem\".\"birthdate\", \"medlem\".\"final_date\", \"medlem\".\"status\", \"medlem\".\"user_pid\", \"medlem\".\"parents_pid\", \"medlem\".\"previous_partners\", \"medlem\".\"children_pid\", \"medlem\".\"partner_pid\", \"medlem\".\"created_at\", \"medlem\".\"updated_at\" FROM \"medlem\" WHERE \"medlem\".\"name\" = $1 LIMIT $2\n" [3mrows_affected[0m[2m=[0m0 [3mrows_returned[0m[2m=[0m0 [3melapsed[0m[2m=[0m234.78µs [3melapsed_secs[0m[2m=[0m0.00023478 [2m[3menvironment[0m[2m=[0mdevelopment[0m [2m[3mtask[0m[2m=[0m"seed_tree"[0m
[2m2026-02-08T13:57:34.245498Z[0m [32m INFO[0m [1mapp[0m:[1mtask[0m: [2msqlx::query[0m[2m:[0m [3msummary[0m[2m=[0m"INSERT INTO \"medlem\" (\"pid\", …" [3mdb.statement[0m[2m=[0m"\n\nINSERT INTO \"medlem\" (\"pid\", \"name\", \"email\", \"phone_nr\", \"address\", \"city\", \"birthdate\", \"final_date\", \"user_pid\", \"partner_pid\") VALUES ($1, $2, $3, $4, $5, $6, $7, $8, $9, $10) RETURNING \"id\", \"pid\", \"name\", \"email\", \"phone_nr\", \"address\", \"city\", \"birthdate\", \"final_date\", \"status\", \"user_pid\", \"parents_pid\", \"previous_partners\", \"children_pid\", \"partner_pid\", \"created_at\", \"updated_at\"\n" [3mrows_affected[0m[2m=[0m1 [3mrows_returned[0m[2m=[0m1 [3melapsed[0m[2m=[0m6.436262ms [3melapsed_secs[0m[2m=[0m0.006436262 [2m[3menvironment[0m[2m=[0mdevelopment[0m [2m[3mtask[0m[2m=[0m"seed_tree"[0m
[2m2026-02-08T13:57:34.245676Z[0m [32m INFO[0m [1mapp[0m:[1mtask[0m: [2mfamilyserver_backend::tasks::seed_graph[0m[2m:[0m Created medlem entry for ~ Hans Christian O. Iskov [2m[3menvironment[0m[2m=[0mdevelopment[0m [2m[3mtask[0m[2m=[0m"seed_tree"[0m
[2m2026-02-08T13:57:34.245747Z[0m [31mERROR[0m [1mapp[0m:[1mtask[0m: [2mfamilyserver_backend::tasks::seed_graph[0m[2m:[0m [WARN] No user created for ~ Hans Christian O. Iskov, cannot add editor privileges [2m[3menvironment[0m[2m=[0mdevelopment[0m [2m[3mtask[0m[2m=[0m"seed_tree"[0m
[2m2026-02-08T13:57:34.246433Z[0m [32m INFO[0m [1mapp[0m:[1mtask[0m: [2msqlx::query[0m[2m:[0m [3msummary[0m[2m=[0m"SELECT \"medlem\".\"id\", \"medlem\".\"pid\", \"medlem\".\"name\", …" [3mdb.statement[0m[2m=[0m"\n\nSELECT \"medlem\".\"id\", \"medlem\".\"pid\", \"medlem\".\"name\", \"medlem\".\"email\", \"medlem\".\"phone_nr\", \"medlem\".\"address\", \"medlem\".\"city\", \"medlem\".\"birthdate\", \"medlem\".\"final_date\", \"medlem\".\"status\", \"medlem\".\"user_pid\", \"medlem\".\"parents_pid\", \"medlem\".\"previous_partners\", \"medlem\".\"children_pid\", \"medlem\".\"partner_pid\", \"medlem\".\"created_at\", \"medlem\".\"updated_at\" FROM \"medlem\" WHERE \"medlem\".\"name\" = $1 LIMIT $2\n" [3mrows_affected[0m[2m=[0m0 [3mrows_returned[0m[2m=[0m0 [3melapsed[0m[2m=[0m261.478µs [3melapsed_secs[0m[2m=[0m0.000261478 [2m[3menvironment[0m[2m=[0mdevelopment[0m [2m[3mtask[0m[2m=[0m"seed_tree"[0m
[2m2026-02-08T13:57:34.249481Z[0m [32m INFO[0m [1mapp[0m:[1mtask[0m: [2msqlx::query[0m[2m:[0m [3msummary[0m[2m=[0m"INSERT INTO \"medlem\" (\"pid\", …" [3mdb.statement[0m[2m=[0m"\n\nINSERT INTO \"medlem\" (\"pid\", \"name\", \"email\", \"phone_nr\", \"address\", \"city\", \"birthdate\", \"final_date\", \"user_pid\", \"partner_pid\") VALUES ($1, $2, $3, $4, $5, $6, $7, $8, $9, $10) RETURNING \"id\", \"pid\", \"name\", \"email\", \"phone_nr\", \"address\", \"city\", \"birthdate\", \"final_date\", \"status\", \"user_pid\", \"parents_pid\", \"previous_partners\", \"children_pid\", \"partner_pid\", \"created_at\", \"updated_at\"\n" [3mrows_affected[0m[2m=[0m1 [3mrows_returned[0m[2m=[0m1 [3melapsed[0m[2m=[0m2.674187ms [3melapsed_secs[0m[2m=[0m0.002674187 [2m[3menvironment[0m[2m=[0mdevelopment[0m [2m[3mtask[0m[2m=[0m"seed_tree"[0m
[2m2026-02-08T13:57:34.249663Z[0m [32m INFO[0m [1mapp[0m:[1mtask[0m: [2mfamilyserver_backend::tasks::seed_graph[0m[2m:[0m Created medlem entry for Laura Mathilde f. Wistoft [2m[3menvironment[0m[2m=[0mdevelopment[0m [2m[3mtask[0m[2m=[0m"seed_tree"[0m
[2m2026-02-08T13:57:34.249732Z[0m [31mERROR[0m [1mapp[0m:[1mtask[0m: [2mfamilyserver_backend::tasks::seed_graph[0m[2m:[0m [WARN] No user created for Laura Mathilde f. Wistoft, cannot add editor privileges [2m[3menvironment[0m[2m=[0mdevelopment[0m [2m[3mtask[0m[2m=[0m"seed_tree"[0m
[2m2026-02-08T13:57:34.250434Z[0m [32m INFO[0m [1mapp[0m:[1mtask[0m: [2msqlx::query[0m[2m:[0m [3msummary[0m[2m=[0m"SELECT \"medlem\".\"id\", \"medlem\".\"pid\", \"medlem\".\"name\", …" [3mdb.statement[0m[2m=[0m"\n\nSELECT \"medlem\".\"id\", \"medlem\".\"pid\", \"medlem\".\"name\", \"medlem\".\"email\", \"medlem\".\"phone_nr\", \"medlem\".\"address\", \"medlem\".\"city\", \"medlem\".\"birthdate\", \"medlem\".\"final_date\", \"medlem\".\"status\", \"medlem\".\"user_pid\", \"medlem\".\"parents_pid\", \"medlem\".\"previous_partners\", \"medlem\".\"children_pid\", \"medlem\".\"partner_pid\", \"medlem\".\"created_at\", \"medlem\".\"updated_at\" FROM \"medlem\" WHERE \"medlem\".\"name\" = $1 LIMIT $2\n" [3mrows_affected[0m[2m=[0m0 [3mrows_returned[0m[2m=[0m0 [3melapsed[0m[2m=[0m249.083µs [3melapsed_secs[0m[2m=[0m0.000249083 [2m[3menvironment[0m[2m=[0mdevelopment[0m [2m[3mtask[0m[2m=[0m"seed_tree"[0m
[2m2026-02-08T13:57:34.253717Z[0m [32m INFO[0m [1mapp[0m:[1mtask[0m: [2msqlx::query[0m[2m:[0m [3msummary[0m[2m=[0m"INSERT INTO \"medlem\" (\"pid\", …" [3mdb.statement[0m[2m=[0m"\n\nINSERT INTO \"medlem\" (\"pid\", \"name\", \"email\", \"phone_nr\", \"address\", \"city\", \"birthdate\", \"final_date\", \"user_pid\", \"partner_pid\") VALUES ($1, $2, $3, $4, $5, $6, $7, $8, $9, $10) RETURNING \"id\", \"pid\", \"name\", \"email\", \"phone_nr\", \"address\", \"city\", \"birthdate\", \"final_date\", \"status\", \"user_pid\", \"parents_pid\", \"previous_partners\", \"children_pid\", \"partner_pid\", \"created_at\", \"updated_at\"\n" [3mrows_affected[0m[2m=[0m1 [3mrows_returned[0m[2m=[0m1 [3melapsed[0m[2m=[0m2.743715ms [3melapsed_secs[0m[2m=[0m0.002743715 [2m[3menvironment[0m[2m=[0mdevelopment[0m [2m[3mtask[0m[2m=[0m"seed_tree"[0m
[2m2026-02-08T13:57:34.253895Z[0m [32m INFO[0m [1mapp[0m:[1mtask[0m: [2mfamilyserver_backend::tasks::seed_graph[0m[2m:[0m Created medlem entry for Karen Nielsen, f. Iskov [2m[3menvironment[0m[2m=[0mdevelopment[0m [2m[3mtask[0m[2m=[0m"seed_tree"[0m
[2m2026-02-08T13:57:34.253954Z[0m [31mERROR[0m [1mapp[0m:[1mtask[0m: [2mfamilyserver_backend::tasks::seed_graph[0m[2m:[0m [WARN] No user created for Karen Nielsen, f. Iskov, cannot add editor privileges [2m[3menvironment[0m[2m=[0mdevelopment[0m [2m[3mtask[0m[2m=[0m"seed_tree"[0m
[2m2026-02-08T13:57:34.254668Z[0m [32m INFO[0m [1mapp[0m:[1mtask[0m: [2msqlx::query[0m[2m:[0m [3msummary[0m[2m=[0m"SELECT \"medlem\".\"id\", \"medlem\".\"pid\", \"medlem\".\"name\", …" [3mdb.statement[0m[2m=[0m"\n\nSELECT \"medlem\".\"id\", \"medlem\".\"pid\", \"medlem\".\"name\", \"medlem\".\"email\", \"medlem\".\"phone_nr\", \"medlem\".\"address\", \"medlem\".\"city\", \"medlem\".\"birthdate\", \"medlem\".\"final_date\", \"medlem\".\"status\", \"medlem\".\"user_pid\", \"medlem\".\"parents_pid\", \"medlem\".\"previous_partners\", \"medlem\".\"children_pid\", \"medlem\".\"partner_pid\", \"medlem\".\"created_at\", \"medlem\".\"updated_at\" FROM \"medlem\" WHERE \"medlem\".\"name\" = $1 LIMIT $2\n" [3mrows_affected[0m[2m=[0m0 [3mrows_returned[0m[2m=[0m0 [3melapsed[0m[2m=[0m326.159µs [3melapsed_secs[0m[2m=[0m0.000326159 [2m[3menvironment[0m[2m=[0mdevelopment[0m [2m[3mtask[0m[2m=[0m"seed_tree"[0m
[2m2026-02-08T13:57:34.257809Z[0m [32m INFO[0m [1mapp[0m:[1mtask[0m: [2msqlx::query[0m[2m:[0m [3msummary[0m[2m=[0m"INSERT INTO \"medlem\" (\"pid\", …" [3mdb.statement[0m[2m=[0m"\n\nINSERT INTO \"medlem\" (\"pid\", \"name\", \"email\", \"phone_nr\", \"address\", \"city\", \"birthdate\", \"final_date\", \"user_pid\", \"partner_pid\") VALUES ($1, $2, $3, $4, $5, $6, $7, $8, $9, $10) RETURNING \"id\", \"pid\", \"name\", \"email\", \"phone_nr\", \"address\", \"city\", \"birthdate\", \"final_date\", \"status\", \"user_pid\", \"parents_pid\", \"previous_partners\", \"children_pid\", \"partner_pid\", \"created_at\", \"updated_at\"\n" [3mrows_affected[0m[2m=[0m1 [3mrows_returned[0m[2m=[0m1 [3melapsed[0m[2m=[0m2.751828ms [3melapsed_secs[0m[2m=[0m0.002751828 [2m[3menvironment[0m[2m=[0mdevelopment[0m [2m[3mtask[0m[2m=[0m"seed_tree"[0m
[2m2026-02-08T13:57:34.257995Z[0m [32m INFO[0m [1mapp[0m:[1mtask[0m: [2mfamilyserver_backend::tasks::seed_graph[0m[2m:[0m Created medlem entry for ** Anne Mathilde Iskov [2m[3menvironment[0m[2m=[0mdevelopment[0m [2m[3mtask[0m[2m=[0m"seed_tree"[0m
[2m2026-02-08T13:57:34.258060Z[0m [31mERROR[0m [1mapp[0m:[1mtask[0m: [2mfamilyserver_backend::tasks::seed_graph[0m[2m:[0m [WARN] No user created for ** Anne Mathilde Iskov, cannot add editor privileges [2m[3menvironment[0m[2m=[0mdevelopment[0m [2m[3mtask[0m[2m=[0m"seed_tree"[0m
[2m2026-02-08T13:57:34.258737Z[0m [32m INFO[0m [1mapp[0m:[1mtask[0m: [2msqlx::query[0m[2m:[0m [3msummary[0m[2m=[0m"SELECT \"medlem\".\"id\", \"medlem\".\"pid\", \"medlem\".\"name\", …" [3mdb.statement[0m[2m=[0m"\n\nSELECT \"medlem\".\"id\", \"medlem\".\"pid\", \"medlem\".\"name\", \"medlem\".\"email\", \"medlem\".\"phone_nr\", \"medlem\".\"address\", \"medlem\".\"city\", \"medlem\".\"birthdate\", \"medlem\".\"final_date\", \"medlem\".\"status\", \"medlem\".\"user_pid\", \"medlem\".\"parents_pid\", \"medlem\".\"previous_partners\", \"medlem\".\"children_pid\", \"medlem\".\"partner_pid\", \"medlem\".\"created_at\", \"medlem\".\"updated_at\" FROM \"medlem\" WHERE \"medlem\".\"name\" = $1 LIMIT $2\n" [3mrows_affected[0m[2m=[0m0 [3mrows_returned[0m[2m=[0m0 [3melapsed[0m[2m=[0m263.414µs [3melapsed_secs[0m[2m=[0m0.000263414 [2m[3menvironment[0m[2m=[0mdevelopment[0m [2m[3mtask[0m[2m=[0m"seed_tree"[0m
[2m2026-02-08T13:57:34.265111Z[0m [32m INFO[0m [1mapp[0m:[1mtask[0m: [2msqlx::query[0m[2m:[0m [3msummary[0m[2m=[0m"INSERT INTO \"medlem\" (\"pid\", …" [3mdb.statement[0m[2m=[0m"\n\nINSERT INTO \"medlem\" (\"pid\", \"name\", \"email\", \"phone_nr\", \"address\", \"city\", \"birthdate\", \"final_date\", \"user_pid\", \"partner_pid\") VALUES ($1, $2, $3, $4, $5, $6, $7, $8, $9, $10) RETURNING \"id\", \"pid\", \"name\", \"email\", \"phone_nr\", \"address\", \"city\", \"birthdate\", \"final_date\", \"status\", \"user_pid\", \"parents_pid\", \"previous_partners\", \"children_pid\", \"partner_pid\", \"created_at\", \"updated_at\"\n" [3mrows_affected[0m[2m=[0m1 [3mrows_returned[0m[2m=[0m1 [3melapsed[0m[2m=[0m6.003607ms [3melapsed_secs[0m[2m=[0m0.006003607 [2m[3menvironment[0m[2m=[0mdevelopment[0m [2m[3mtask[0m[2m=[0m"seed_tree"[0m
[2m2026-02-08T13:57:34.265288Z[0m [32m INFO[0m [1mapp[0m:[1mtask[0m: [2mfamilyserver_backend::tasks::seed_graph[0m[2m:[0m Created medlem entry for ~ Ulla Margrethe f. Koch [2m[3menvironment[0m[2m=[0mdevelopment[0m [2m[3mtask[0m[2m=[0m"seed_tree"[0m
[2m2026-02-08T13:57:34.265369Z[0m [31mERROR[0m [1mapp[0m:[1mtask[0m: [2mfamilyserver_backend::tasks::seed_graph[0m[2m:[0m [WARN] No user created for ~ Ulla Margrethe f. Koch, cannot add editor privileges [2m[3menvironment[0m[2m=[0mdevelopment[0m [2m[3mtask[0m[2m=[0m"seed_tree"[0m
[2m2026-02-08T13:57:34.266014Z[0m [32m INFO[0m [1mapp[0m:[1mtask[0m: [2msqlx::query[0m[2m:[0m [3msummary[0m[2m=[0m"SELECT \"medlem\".\"id\", \"medlem\".\"pid\", \"medlem\".\"name\", …" [3mdb.statement[0m[2m=[0m"\n\nSELECT \"medlem\".\"id\", \"medlem\".\"pid\", \"medlem\".\"name\", \"medlem\".\"email\", \"medlem\".\"phone_nr\", \"medlem\".\"address\", \"medlem\".\"city\", \"medlem\".\"birthdate\", \"medlem\".\"final_date\", \"medlem\".\"status\", \"medlem\".\"user_pid\", \"medlem\".\"parents_pid\", \"medlem\".\"previous_partners\", \"medlem\".\"children_pid\", \"medlem\".\"partner_pid\", \"medlem\".\"created_at\", \"medlem\".\"updated_at\" FROM \"medlem\" WHERE \"medlem\".\"name\" = $1 LIMIT $2\n" [3mrows_affected[0m[2m=[0m0 [3mrows_returned[0m[2m=[0m0 [3melapsed[0m[2m=[0m295.605µs [3melapsed_secs[0m[2m=[0m0.000295605 [2m[3menvironment[0m[2m=[0mdevelopment[0m [2m[3mtask[0m[2m=[0m"seed_tree"[0m
[2m2026-02-08T13:57:34.272642Z[0m [32m INFO[0m [1mapp[0m:[1mtask[0m: [2msqlx::query[0m[2m:[0m [3msummary[0m[2m=[0m"INSERT INTO \"medlem\" (\"pid\", …" [3mdb.statement[0m[2m=[0m"\n\nINSERT INTO \"medlem\" (\"pid\", \"name\", \"email\", \"phone_nr\", \"address\", \"city\", \"birthdate\", \"final_date\", \"user_pid\", \"partner_pid\") VALUES ($1, $2, $3, $4, $5, $6, $7, $8, $9, $10) RETURNING \"id\", \"pid\", \"name\", \"email\", \"phone_nr\", \"address\", \"city\", \"birthdate\", \"final_date\", \"status\", \"user_pid\", \"parents_pid\", \"previous_partners\", \"children_pid\", \"partner_pid\", \"created_at\", \"updated_at\"\n" [3mrows_affected[0m[2m=[0m1 [3mrows_returned[0m[2m=[0m1 [3melapsed[0m[2m=[0m6.268899ms [3melapsed_secs[0m[2m=[0m0.006268899 [2m[3menvironment[0m[2m=[0mdevelopment[0m [2m[3mtask[0m[2m=[0m"seed_tree"[0m
[2m2026-02-08T13:57:34.272856Z[0m [32m INFO[0m [1mapp[0m:[1mtask[0m: [2mfamilyserver_backend::tasks::seed_graph[0m[2m:[0m Created medlem entry for Jakob Oluf Iskov [2m[3menvironment[0m[2m=[0mdevelopment[0m [2m[3mtask[0m[2m=[0m"seed_tree"[0m
[2m2026-02-08T13:57:34.272926Z[0m [31mERROR[0m [1mapp[0m:[1mtask[0m: [2mfamilyserver_backend::tasks::seed_graph[0m[2m:[0m [WARN] No user created for Jakob Oluf Iskov, cannot add editor privileges [2m[3menvironment[0m[2m=[0mdevelopment[0m [2m[3mtask[0m[2m=[0m"seed_tree"[0m
[2m2026-02-08T13:57:34.273809Z[0m [32m INFO[0m [1mapp[0m:[1mtask[0m: [2msqlx::query[0m[2m:[0m [3msummary[0m[2m=[0m"SELECT \"user\".\"created_at\", \"user\".\"updated_at\", \"user\".\"id\", …" [3mdb.statement[0m[2m=[0m"\n\nSELECT \"user\".\"created_at\", \"user\".\"updated_at\", \"user\".\"id\", \"user\".\"pid\", \"user\".\"email\", \"user\".\"password\", \"user\".\"api_key\", \"user\".\"name\", \"user\".\"reset_token\", \"user\".\"reset_sent_at\", \"user\".\"magic_link_token\", \"user\".\"magic_link_token_expiration\" FROM \"user\" WHERE \"user\".\"name\" = $1 LIMIT $2\n" [3mrows_affected[0m[2m=[0m0 [3mrows_returned[0m[2m=[0m0 [3melapsed[0m[2m=[0m370.407µs [3melapsed_secs[0m[2m=[0m0.000370407 [2m[3menvironment[0m[2m=[0mdevelopment[0m [2m[3mtask[0m[2m=[0m"seed_tree"[0m
[2m2026-02-08T13:57:34.761370Z[0m [32m INFO[0m [1mapp[0m:[1mtask[0m: [2msqlx::query[0m[2m:[0m [3msummary[0m[2m=[0m"INSERT INTO \"user\" (\"pid\", …" [3mdb.statement[0m[2m=[0m"\n\nINSERT INTO \"user\" (\"pid\", \"email\", \"password\", \"api_key\", \"name\") VALUES ($1, $2, $3, $4, $5) RETURNING \"created_at\", \"updated_at\", \"id\", \"pid\", \"email\", \"password\", \"api_key\", \"name\", \"reset_token\", \"reset_sent_at\", \"magic_link_token\", \"magic_link_token_expiration\"\n" [3mrows_affected[0m[2m=[0m1 [3mrows_returned[0m[2m=[0m1 [3melapsed[0m[2m=[0m6.517021ms [3melapsed_secs[0m[2m=[0m0.006517021 [2m[3menvironment[0m[2m=[0mdevelopment[0m [2m[3mtask[0m[2m=[0m"seed_tree"[0m
[2m2026-02-08T13:57:34.762477Z[0m [32m INFO[0m [1mapp[0m:[1mtask[0m: [2msqlx::query[0m[2m:[0m [3msummary[0m[2m=[0m"SELECT \"medlem\".\"id\", \"medlem\".\"pid\", \"medlem\".\"name\", …" [3mdb.statement[0m[2m=[0m"\n\nSELECT \"medlem\".\"id\", \"medlem\".\"pid\", \"medlem\".\"name\", \"medlem\".\"email\", \"medlem\".\"phone_nr\", \"medlem\".\"address\", \"medlem\".\"city\", \"medlem\".\"birthdate\", \"medlem\".\"final_date\", \"medlem\".\"status\", \"medlem\".\"user_pid\", \"medlem\".\"parents_pid\", \"medlem\".\"previous_partners\", \"medlem\".\"children_pid\", \"medlem\".\"partner_pid\", \"medlem\".\"created_at\", \"medlem\".\"updated_at\" FROM \"medlem\" WHERE \"medlem\".\"name\" = $1 LIMIT $2\n" [3mrows_affected[0m[2m=[0m0 [3mrows_returned[0m[2m=[0m0 [3melapsed[0m[2m=[0m349.467µs [3melapsed_secs[0m[2m=[0m0.000349467 [2m[3menvironment[0m[2m=[0mdevelopment[0m [2m[3mtask[0m[2m=[0m"seed_tree"[0m
[2m2026-02-08T13:57:34.766012Z[0m [32m INFO[0m [1mapp[0m:[1mtask[0m: [2msqlx::query[0m[2m:[0m [3msummary[0m[2m=[0m"INSERT INTO \"medlem\" (\"pid\", …" [3mdb.statement[0m[2m=[0m"\n\nINSERT INTO \"medlem\" (\"pid\", \"name\", \"email\", \"phone_nr\", \"address\", \"city\", \"birthdate\", \"final_date\", \"user_pid\", \"partner_pid\") VALUES ($1, $2, $3, $4, $5, $6, $7, $8, $9, $10) RETURNING \"id\", \"pid\", \"name\", \"email\", \"phone_nr\", \"address\", \"city\", \"birthdate\", \"final_date\", \"status\", \"user_pid\", \"parents_pid\", \"previous_partners\", \"children_pid\", \"partner_pid\", \"created_at\", \"updated_at\"\n" [3mrows_affected[0m[2m=[0m1 [3mrows_returned[0m[2m=[0m1 [3melapsed[0m[2m=[0m3.057571ms [3melapsed_secs[0m[2m=[0m0.003057571 [2m[3menvironment[0m[2m=[0mdevelopment[0m [2m[3mtask[0m[2m=[0m"seed_tree"[0m
[2m2026-02-08T13:57:34.766206Z[0m [32m INFO[0m [1mapp[0m:[1mtask[0m: [2mfamilyserver_backend::tasks::seed_graph[0m[2m:[0m Created medlem entry for ~ Tove Bang Iskov [2m[3menvironment[0m[2m=[0mdevelopment[0m [2m[3mtask[0m[2m=[0m"seed_tree"[0m
[2m2026-02-08T13:57:34.766276Z[0m [32m INFO[0m [1mapp[0m:[1mtask[0m: [2mfamilyserver_backend::tasks::seed_graph[0m[2m:[0m [INFO] Adding user as editor to medlem [2m[3menvironment[0m[2m=[0mdevelopment[0m [2m[3mtask[0m[2m=[0m"seed_tree"[0m
[2m2026-02-08T13:57:34.769805Z[0m [32m INFO[0m [1mapp[0m:[1mtask[0m: [2msqlx::query[0m[2m:[0m [3msummary[0m[2m=[0m"INSERT INTO \"medlem_editors\" (\"medlem_pid\", …" [3mdb.statement[0m[2m=[0m"\n\nINSERT INTO \"medlem_editors\" (\"medlem_pid\", \"user_pid\", \"role\") VALUES ($1, $2, $3) RETURNING \"id\", \"medlem_pid\", \"user_pid\", \"role\"\n" [3mrows_affected[0m[2m=[0m1 [3mrows_returned[0m[2m=[0m1 [3melapsed[0m[2m=[0m3.07689ms [3melapsed_secs[0m[2m=[0m0.00307689 [2m[3menvironment[0m[2m=[0mdevelopment[0m [2m[3mtask[0m[2m=[0m"seed_tree"[0m
[2m2026-02-08T13:57:34.769960Z[0m [32m INFO[0m [1mapp[0m:[1mtask[0m: [2mfamilyserver_backend::tasks::seed_graph[0m[2m:[0m User was added as editor for medlem [2m[3menvironment[0m[2m=[0mdevelopment[0m [2m[3mtask[0m[2m=[0m"seed_tree"[0m
[2m2026-02-08T13:57:34.770620Z[0m [32m INFO[0m [1mapp[0m:[1mtask[0m: [2msqlx::query[0m[2m:[0m [3msummary[0m[2m=[0m"SELECT \"user\".\"created_at\", \"user\".\"updated_at\", \"user\".\"id\", …" [3mdb.statement[0m[2m=[0m"\n\nSELECT \"user\".\"created_at\", \"user\".\"updated_at\", \"user\".\"id\", \"user\".\"pid\", \"user\".\"email\", \"user\".\"password\", \"user\".\"api_key\", \"user\".\"name\", \"user\".\"reset_token\", \"user\".\"reset_sent_at\", \"user\".\"magic_link_token\", \"user\".\"magic_link_token_expiration\" FROM \"user\" WHERE \"user\".\"name\" = $1 LIMIT $2\n" [3mrows_affected[0m[2m=[0m0 [3mrows_returned[0m[2m=[0m0 [3melapsed[0m[2m=[0m249.331µs [3melapsed_secs[0m[2m=[0m0.000249331 [2m[3menvironment[0m[2m=[0mdevelopment[0m [2m[3mtask[0m[2m=[0m"seed_tree"[0m
[2m2026-02-08T13:57:35.246822Z[0m [32m INFO[0m [1mapp[0m:[1mtask[0m: [2msqlx::query[0m[2m:[0m [3msummary[0m[2m=[0m"INSERT INTO \"user\" (\"pid\", …" [3mdb.statement[0m[2m=[0m"\n\nINSERT INTO \"user\" (\"pid\", \"email\", \"password\", \"api_key\", \"name\") VALUES ($1, $2, $3, $4, $5) RETURNING \"created_at\", \"updated_at\", \"id\", \"pid\", \"email\", \"password\", \"api_key\", \"name\", \"reset_token\", \"reset_sent_at\", \"magic_link_token\", \"magic_link_token_expiration\"\n" [3mrows_affected[0m[2m=[0m1 [3mrows_returned[0m[2m=[0m1 [3melapsed[0m[2m=[0m6.719755ms [3melapsed_secs[0m[2m=[0m0.006719755 [2m[3menvironment[0m[2m=[0mdevelopment[0m [2m[3mtask[0m[2m=[0m"seed_tree"[0m
[2m2026-02-08T13:57:35.247761Z[0m [32m INFO[0m [1mapp[0m:[1mtask[0m: [2msqlx::query[0m[2m:[0m [3msummary[0m[2m=[0m"SELECT \"medlem\".\"id\", \"medlem\".\"pid\", \"medlem\".\"name\", …" [3mdb.statement[0m[2m=[0m"\n\nSELECT \"medlem\".\"id\", \"medlem\".\"pid\", \"medlem\".\"name\", \"medlem\".\"email\", \"medlem\".\"phone_nr\", \"medlem\".\"address\", \"medlem\".\"city\", \"medlem\".\"birthdate\", \"medlem\".\"final_date\", \"medlem\".\"status\", \"medlem\".\"user_pid\", \"medlem\".\"parents_pid\", \"medlem\".\"previous_partners\", \"medlem\".\"children_pid\", \"medlem\".\"partner_pid\", \"medlem\".\"created_at\", \"medlem\".\"updated_at\" FROM \"medlem\" WHERE \"medlem\".\"name\" = $1 LIMIT $2\n" [3mrows_affected[0m[2m=[0m0 [3mrows_returned[0m[2m=[0m0 [3melapsed[0m[2m=[0m334.994µs [3melapsed_secs[0m[2m=[0m0.000334994 [2m[3menvironment[0m[2m=[0mdevelopment[0m [2m[3mtask[0m[2m=[0m"seed_tree"[0m
[2m2026-02-08T13:57:35.251420Z[0m [32m INFO[0m [1mapp[0m:[1mtask[0m: [2msqlx::query[0m[2m:[0m [3msummary[0m[2m=[0m"INSERT INTO \"medlem\" (\"pid\", …" [3mdb.statement[0m[2m=[0m"\n\nINSERT INTO \"medlem\" (\"pid\", \"name\", \"email\", \"phone_nr\", \"address\", \"city\", \"birthdate\", \"final_date\", \"user_pid\", \"partner_pid\") VALUES ($1, $2, $3, $4, $5, $6, $7, $8, $9, $10) RETURNING \"id\", \"pid\", \"name\", \"email\", \"phone_nr\", \"address\", \"city\", \"birthdate\", \"final_date\", \"status\", \"user_pid\", \"parents_pid\", \"previous_partners\", \"children_pid\", \"partner_pid\", \"created_at\", \"updated_at\"\n" [3mrows_affected[0m[2m=[0m1 [3mrows_returned[0m[2m=[0m1 [3melapsed[0m[2m=[0m3.179269ms [3melapsed_secs[0m[2m=[0m0.003179269 [2m[3menvironment[0m[2m=[0mdevelopment[0m [2m[3mtask[0m[2m=[0m"seed_tree"[0m
[2m2026-02-08T13:57:35.251610Z[0m [32m INFO[0m [1mapp[0m:[1mtask[0m: [2mfamilyserver_backend::tasks::seed_graph[0m[2m:[0m Created medlem entry for ** Hans Christian Iskov [2m[3menvironment[0m[2m=[0mdevelopment[0m [2m[3mtask[0m[2m=[0m"seed_tree"[0m
[2m2026-02-08T13:57:35.251663Z[0m [32m INFO[0m [1mapp[0m:[1mtask[0m: [2mfamilyserver_backend::tasks::seed_graph[0m[2m:[0m [INFO] Adding user as editor to medlem [2m[3menvironment[0m[2m=[0mdevelopment[0m [2m[3mtask[0m[2m=[0m"seed_tree"[0m
[2m2026-02-08T13:57:35.255080Z[0m [32m INFO[0m [1mapp[0m:[1mtask[0m: [2msqlx::query[0m[2m:[0m [3msummary[0m[2m=[0m"INSERT INTO \"medlem_editors\" (\"medlem_pid\", …" [3mdb.statement[0m[2m=[0m"\n\nINSERT INTO \"medlem_editors\" (\"medlem_pid\", \"user_pid\", \"role\") VALUES ($1, $2, $3) RETURNING \"id\", \"medlem_pid\", \"user_pid\", \"role\"\n" [3mrows_affected[0m[2m=[0m1 [3mrows_returned[0m[2m=[0m1 [3melapsed[0m[2m=[0m3.035515ms [3melapsed_secs[0m[2m=[0m0.003035515 [2m[3menvironment[0m[2m=[0mdevelopment[0m [2m[3mtask[0m[2m=[0m"seed_tree"[0m
[2m2026-02-08T13:57:35.255235Z[0m [32m INFO[0m [1mapp[0m:[1mtask[0m: [2mfamilyserver_backend::tasks::seed_graph[0m[2m:[0m User was added as editor for medlem [2m[3menvironment[0m[2m=[0mdevelopment[0m [2m[3mtask[0m[2m=[0m"seed_tree"[0m
[2m2026-02-08T13:57:35.255978Z[0m [32m INFO[0m [1mapp[0m:[1mtask[0m: [2msqlx::query[0m[2m:[0m [3msummary[0m[2m=[0m"SELECT \"user\".\"created_at\", \"user\".\"updated_at\", \"user\".\"id\", …" [3mdb.statement[0m[2m=[0m"\n\nSELECT \"user\".\"created_at\", \"user\".\"updated_at\", \"user\".\"id\", \"user\".\"pid\", \"user\".\"email\", \"user\".\"password\", \"user\".\"api_key\", \"user\".\"name\", \"user\".\"reset_token\", \"user\".\"reset_sent_at\", \"user\".\"magic_link_token\", \"user\".\"magic_link_token_expiration\" FROM \"user\" WHERE \"user\".\"name\" = $1 LIMIT $2\n" [3mrows_affected[0m[2m=[0m0 [3mrows_returned[0m[2m=[0m0 [3melapsed[0m[2m=[0m255.208µs [3melapsed_secs[0m[2m=[0m0.000255208 [2m[3menvironment[0m[2m=[0mdevelopment[0m [2m[3mtask[0m[2m=[0m"seed_tree"[0m
[2m2026-02-08T13:57:35.737172Z[0m [32m INFO[0m [1mapp[0m:[1mtask[0m: [2msqlx::query[0m[2m:[0m [3msummary[0m[2m=[0m"INSERT INTO \"user\" (\"pid\", …" [3mdb.statement[0m[2m=[0m"\n\nINSERT INTO \"user\" (\"pid\", \"email\", \"password\", \"api_key\", \"name\") VALUES ($1, $2, $3, $4, $5) RETURNING \"created_at\", \"updated_at\", \"id\", \"pid\", \"email\", \"password\", \"api_key\", \"name\", \"reset_token\", \"reset_sent_at\", \"magic_link_token\", \"magic_link_token_expiration\"\n" [3mrows_affected[0m[2m=[0m1 [3mrows_returned[0m[2m=[0m1 [3melapsed[0m[2m=[0m6.434074ms [3melapsed_secs[0m[2m=[0m0.006434074 [2m[3menvironment[0m[2m=[0mdevelopment[0m [2m[3mtask[0m[2m=[0m"seed_tree"[0m
[2m2026-02-08T13:57:35.738193Z[0m [32m INFO[0m [1mapp[0m:[1mtask[0m: [2msqlx::query[0m[2m:[0m [3msummary[0m[2m=[0m"SELECT \"medlem\".\"id\", \"medlem\".\"pid\", \"medlem\".\"name\", …" [3mdb.statement[0m[2m=[0m"\n\nSELECT \"medlem\".\"id\", \"medlem\".\"pid\", \"medlem\".\"name\", \"medlem\".\"email\", \"medlem\".\"phone_nr\", \"medlem\".\"address\", \"medlem\".\"city\", \"medlem\".\"birthdate\", \"medlem\".\"final_date\", \"medlem\".\"status\", \"medlem\".\"user_pid\", \"medlem\".\"parents_pid\", \"medlem\".\"previous_partners\", \"medlem\".\"children_pid\", \"medlem\".\"partner_pid\", \"medlem\".\"created_at\", \"medlem\".\"updated_at\" FROM \"medlem\" WHERE \"medlem\".\"name\" = $1 LIMIT $2\n" [3mrows_affected[0m[2m=[0m0 [3mrows_returned[0m[2m=[0m0 [3melapsed[0m[2m=[0m301.175µs [3melapsed_secs[0m[2m=[0m0.000301175 [2m[3menvironment[0m[2m=[0mdevelopment[0m [2m[3mtask[0m[2m=[0m"seed_tree"[0m
[2m2026-02-08T13:57:35.741853Z[0m [32m INFO[0m [1mapp[0m:[1mtask[0m: [2msqlx::query[0m[2m:[0m [3msummary[0m[2m=[0m"INSERT INTO \"medlem\" (\"pid\", …" [3mdb.statement[0m[2m=[0m"\n\nINSERT INTO \"medlem\" (\"pid\", \"name\", \"email\", \"phone_nr\", \"address\", \"city\", \"birthdate\", \"final_date\", \"user_pid\", \"partner_pid\") VALUES ($1, $2, $3, $4, $5, $6, $7, $8, $9, $10) RETURNING \"id\", \"pid\", \"name\", \"email\", \"phone_nr\", \"address\", \"city\", \"birthdate\", \"final_date\", \"status\", \"user_pid\", \"parents_pid\", \"previous_partners\", \"children_pid\", \"partner_pid\", \"created_at\", \"updated_at\"\n" [3mrows_affected[0m[2m=[0m1 [3mrows_returned[0m[2m=[0m1 [3melapsed[0m[2m=[0m3.100844ms [3melapsed_secs[0m[2m=[0m0.003100844 [2m[3menvironment[0m[2m=[0mdevelopment[0m [2m[3mtask[0m[2m=[0m"seed_tree"[0m
[2m2026-02-08T13:57:35.742043Z[0m [32m INFO[0m [1mapp[0m:[1mtask[0m: [2mfamilyserver_backend::tasks::seed_graph[0m[2m:[0m Created medlem entry for *** Matias Bang Iskov [2m[3menvironment[0m[2m=[0mdevelopment[0m [2m[3mtask[0m[2m=[0m"seed_tree"[0m
[2m2026-02-08T13:57:35.742101Z[0m [32m INFO[0m [1mapp[0m:[1mtask[0m: [2mfamilyserver_backend::tasks::seed_graph[0m[2m:[0m [INFO] Adding user as editor to medlem [2m[3menvironment[0m[2m=[0mdevelopment[0m [2m[3mtask[0m[2m=[0m"seed_tree"[0m
[2m2026-02-08T13:57:35.745507Z[0m [32m INFO[0m [1mapp[0m:[1mtask[0m: [2msqlx::query[0m[2m:[0m [3msummary[0m[2m=[0m"INSERT INTO \"medlem_editors\" (\"medlem_pid\", …" [3mdb.statement[0m[2m=[0m"\n\nINSERT INTO \"medlem_editors\" (\"medlem_pid\", \"user_pid\", \"role\") VALUES ($1, $2, $3) RETURNING \"id\", \"medlem_pid\", \"user_pid\", \"role\"\n" [3mrows_affected[0m[2m=[0m1 [3mrows_returned[0m[2m=[0m1 [3melapsed[0m[2m=[0m3.044667ms [3melapsed_secs[0m[2m=[0m0.003044667 [2m[3menvironment[0m[2m=[0mdevelopment[0m [2m[3mtask[0m[2m=[0m"seed_tree"[0m
[2m2026-02-08T13:57:35.745646Z[0m [32m INFO[0m [1mapp[0m:[1mtask[0m: [2mfamilyserver_backend::tasks::seed_graph[0m[2m:[0m User was added as editor for medlem [2m[3menvironment[0m[2m=[0mdevelopment[0m [2m[3mtask[0m[2m=[0m"seed_tree"[0m
[2m2026-02-08T13:57:35.746299Z[0m [32m INFO[0m [1mapp[0m:[1mtask[0m: [2msqlx::query[0m[2m:[0m [3msummary[0m[2m=[0m"SELECT \"medlem\".\"id\", \"medlem\".\"pid\", \"medlem\".\"name\", …" [3mdb.statement[0m[2m=[0m"\n\nSELECT \"medlem\".\"id\", \"medlem\".\"pid\", \"medlem\".\"name\", \"medlem\".\"email\", \"medlem\".\"phone_nr\", \"medlem\".\"address\", \"medlem\".\"city\", \"medlem\".\"birthdate\", \"medlem\".\"final_date\", \"medlem\".\"status\", \"medlem\".\"user_pid\", \"medlem\".\"parents_pid\", \"medlem\".\"previous_partners\", \"medlem\".\"children_pid\", \"medlem\".\"partner_pid\", \"medlem\".\"created_at\", \"medlem\".\"updated_at\" FROM \"medlem\" WHERE \"medlem\".\"name\" = $1 LIMIT $2\n" [3mrows_affected[0m[2m=[0m0 [3mrows_returned[0m[2m=[0m0 [3melapsed[0m[2m=[0m232.246µs [3melapsed_secs[0m[2m=[0m0.000232246 [2m[3menvironment[0m[2m=[0mdevelopment[0m [2m[3mtask[0m[2m=[0m"seed_tree"[0m
[2m2026-02-08T13:57:35.749951Z[0m [32m INFO[0m [1mapp[0m:[1mtask[0m: [2msqlx::query[0m[2m:[0m [3msummary[0m[2m=[0m"INSERT INTO \"medlem\" (\"pid\", …" [3mdb.statement[0m[2m=[0m"\n\nINSERT INTO \"medlem\" (\"pid\", \"name\", \"email\", \"phone_nr\", \"address\", \"city\", \"birthdate\", \"final_date\", \"user_pid\", \"partner_pid\") VALUES ($1, $2, $3, $4, $5, $6, $7, $8, $9, $10) RETURNING \"id\", \"pid\", \"name\", \"email\", \"phone_nr\", \"address\", \"city\", \"birthdate\", \"final_date\", \"status\", \"user_pid\", \"parents_pid\", \"previous_partners\", \"children_pid\", \"partner_pid\", \"created_at\", \"updated_at\"\n" [3mrows_affected[0m[2m=[0m1 [3mrows_returned[0m[2m=[0m1 [3melapsed[0m[2m=[0m3.099097ms [3melapsed_secs[0m[2m=[0m0.003099097 [2m[3menvironment[0m[2m=[0mdevelopment[0m [2m[3mtask[0m[2m=[0m"seed_tree"[0m
[2m2026-02-08T13:57:35.750126Z[0m [32m INFO[0m [1mapp[0m:[1mtask[0m: [2mfamilyserver_backend::tasks::seed_graph[0m[2m:[0m Created medlem entry for Lauge Iskov [2m[3menvironment[0m[2m=[0mdevelopment[0m [2m[3mtask[0m[2m=[0m"seed_tree"[0m
[2m2026-02-08T13:57:35.750208Z[0m [31mERROR[0m [1mapp[0m:[1mtask[0m: [2mfamilyserver_backend::tasks::seed_graph[0m[2m:[0m [WARN] No user created for Lauge Iskov, cannot add editor privileges [2m[3menvironment[0m[2m=[0mdevelopment[0m [2m[3mtask[0m[2m=[0m"seed_tree"[0m
[2m2026-02-08T13:57:35.750913Z[0m [32m INFO[0m [1mapp[0m:[1mtask[0m: [2msqlx::query[0m[2m:[0m [3msummary[0m[2m=[0m"SELECT \"user\".\"created_at\", \"user\".\"updated_at\", \"user\".\"id\", …" [3mdb.statement[0m[2m=[0m"\n\nSELECT \"user\".\"created_at\", \"user\".\"updated_at\", \"user\".\"id\", \"user\".\"pid\", \"user\".\"email\", \"user\".\"password\", \"user\".\"api_key\", \"user\".\"name\", \"user\".\"reset_token\", \"user\".\"reset_sent_at\", \"user\".\"magic_link_token\", \"user\".\"magic_link_token_expiration\" FROM \"user\" WHERE \"user\".\"name\" = $1 LIMIT $2\n" [3mrows_affected[0m[2m=[0m0 [3mrows_returned[0m[2m=[0m0 [3melapsed[0m[2m=[0m343.396µs [3melapsed_secs[0m[2m=[0m0.000343396 [2m[3menvironment[0m[2m=[0mdevelopment[0m [2m[3mtask[0m[2m=[0m"seed_tree"[0m
[2m2026-02-08T13:57:36.223195Z[0m [32m INFO[0m [1mapp[0m:[1mtask[0m: [2msqlx::query[0m[2m:[0m [3msummary[0m[2m=[0m"INSERT INTO \"user\" (\"pid\", …" [3mdb.statement[0m[2m=[0m"\n\nINSERT INTO \"user\" (\"pid\", \"email\", \"password\", \"api_key\", \"name\") VALUES ($1, $2, $3, $4, $5) RETURNING \"created_at\", \"updated_at\", \"id\", \"pid\", \"email\", \"password\", \"api_key\", \"name\", \"reset_token\", \"reset_sent_at\", \"magic_link_token\", \"magic_link_token_expiration\"\n" [3mrows_affected[0m[2m=[0m1 [3mrows_returned[0m[2m=[0m1 [3melapsed[0m[2m=[0m6.453405ms [3melapsed_secs[0m[2m=[0m0.006453405 [2m[3menvironment[0m[2m=[0mdevelopment[0m [2m[3mtask[0m[2m=[0m"seed_tree"[0m
[2m2026-02-08T13:57:36.224196Z[0m [32m INFO[0m [1mapp[0m:[1mtask[0m: [2msqlx::query[0m[2m:[0m [3msummary[0m[2m=[0m"SELECT \"medlem\".\"id\", \"medlem\".\"pid\", \"medlem\".\"name\", …" [3mdb.statement[0m[2m=[0m"\n\nSELECT \"medlem\".\"id\", \"medlem\".\"pid\", \"medlem\".\"name\", \"medlem\".\"email\", \"medlem\".\"phone_nr\", \"medlem\".\"address\", \"medlem\".\"city\", \"medlem\".\"birthdate\", \"medlem\".\"final_date\", \"medlem\".\"status\", \"medlem\".\"user_pid\", \"medlem\".\"parents_pid\", \"medlem\".\"previous_partners\", \"medlem\".\"children_pid\", \"medlem\".\"partner_pid\", \"medlem\".\"created_at\", \"medlem\".\"updated_at\" FROM \"medlem\" WHERE \"medlem\".\"name\" = $1 LIMIT $2\n" [3mrows_affected[0m[2m=[0m0 [3mrows_returned[0m[2m=[0m0 [3melapsed[0m[2m=[0m341.63µs [3melapsed_secs[0m[2m=[0m0.00034163 [2m[3menvironment[0m[2m=[0mdevelopment[0m [2m[3mtask[0m[2m=[0m"seed_tree"[0m
[2m2026-02-08T13:57:36.227924Z[0m [32m INFO[0m [1mapp[0m:[1mtask[0m: [2msqlx::query[0m[2m:[0m [3msummary[0m[2m=[0m"INSERT INTO \"medlem\" (\"pid\", …" [3mdb.statement[0m[2m=[0m"\n\nINSERT INTO \"medlem\" (\"pid\", \"name\", \"email\", \"phone_nr\", \"address\", \"city\", \"birthdate\", \"final_date\", \"user_pid\", \"partner_pid\") VALUES ($1, $2, $3, $4, $5, $6, $7, $8, $9, $10) RETURNING \"id\", \"pid\", \"name\", \"email\", \"phone_nr\", \"address\", \"city\", \"birthdate\", \"final_date\", \"status\", \"user_pid\", \"parents_pid\", \"previous_partners\", \"children_pid\", \"partner_pid\", \"created_at\", \"updated_at\"\n" [3mrows_affected[0m[2m=[0m1 [3mrows_returned[0m[2m=[0m1 [3melapsed[0m[2m=[0m3.255867ms [3melapsed_secs[0m[2m=[0m0.003255867 [2m[3menvironment[0m[2m=[0mdevelopment[0m [2m[3mtask[0m[2m=[0m"seed_tree"[0m
[2m2026-02-08T13:57:36.228119Z[0m [32m INFO[0m [1mapp[0m:[1mtask[0m: [2mfamilyserver_backend::tasks::seed_graph[0m[2m:[0m Created medlem entry for *** Katrine Bang Iskov [2m[3menvironment[0m[2m=[0mdevelopment[0m [2m[3mtask[0m[2m=[0m"seed_tree"[0m
[2m2026-02-08T13:57:36.228179Z[0m [32m INFO[0m [1mapp[0m:[1mtask[0m: [2mfamilyserver_backend::tasks::seed_graph[0m[2m:[0m [INFO] Adding user as editor to medlem [2m[3menvironment[0m[2m=[0mdevelopment[0m [2m[3mtask[0m[2m=[0m"seed_tree"[0m
[2m2026-02-08T13:57:36.231792Z[0m [32m INFO[0m [1mapp[0m:[1mtask[0m: [2msqlx::query[0m[2m:[0m [3msummary[0m[2m=[0m"INSERT INTO \"medlem_editors\" (\"medlem_pid\", …" [3mdb.statement[0m[2m=[0m"\n\nINSERT INTO \"medlem_editors\" (\"medlem_pid\", \"user_pid\", \"role\") VALUES ($1, $2, $3) RETURNING \"id\", \"medlem_pid\", \"user_pid\", \"role\"\n" [3mrows_affected[0m[2m=[0m1 [3mrows_returned[0m[2m=[0m1 [3melapsed[0m[2m=[0m3.182116ms [3melapsed_secs[0m[2m=[0m0.003182116 [2m[3menvironment[0m[2m=[0mdevelopment[0m [2m[3mtask[0m[2m=[0m"seed_tree"[0m
[2m2026-02-08T13:57:36.231969Z[0m [32m INFO[0m [1mapp[0m:[1mtask[0m: [2mfamilyserver_backend::tasks::seed_graph[0m[2m:[0m User was added as editor for medlem [2m[3menvironment[0m[2m=[0mdevelopment[0m [2m[3mtask[0m[2m=[0m"seed_tree"[0m
[2m2026-02-08T13:57:36.232681Z[0m [32m INFO[0m [1mapp[0m:[1mtask[0m: [2msqlx::query[0m[2m:[0m [3msummary[0m[2m=[0m"SELECT \"user\".\"created_at\", \"user\".\"updated_at\", \"user\".\"id\", …" [3mdb.statement[0m[2m=[0m"\n\nSELECT \"user\".\"created_at\", \"user\".\"updated_at\", \"user\".\"id\", \"user\".\"pid\", \"user\".\"email\", \"user\".\"password\", \"user\".\"api_key\", \"user\".\"name\", \"user\".\"reset_token\", \"user\".\"reset_sent_at\", \"user\".\"magic_link_token\", \"user\".\"magic_link_token_expiration\" FROM \"user\" WHERE \"user\".\"name\" = $1 LIMIT $2\n" [3mrows_affected[0m[2m=[0m0 [3mrows_returned[0m[2m=[0m0 [3melapsed[0m[2m=[0m345.199µs [3melapsed_secs[0m[2m=[0m0.000345199 [2m[3menvironment[0m[2m=[0mdevelopment[0m [2m[3mtask[0m[2m=[0m"seed_tree"[0m
[2m2026-02-08T13:57:36.710661Z[0m [32m INFO[0m [1mapp[0m:[1mtask[0m: [2msqlx::query[0m[2m:[0m [3msummary[0m[2m=[0m"INSERT INTO \"user\" (\"pid\", …" [3mdb.statement[0m[2m=[0m"\n\nINSERT INTO \"user\" (\"pid\", \"email\", \"password\", \"api_key\", \"name\") VALUES ($1, $2, $3, $4, $5) RETURNING \"created_at\", \"updated_at\", \"id\", \"pid\", \"email\", \"password\", \"api_key\", \"name\", \"reset_token\", \"reset_sent_at\", \"magic_link_token\", \"magic_link_token_expiration\"\n" [3mrows_affected[0m[2m=[0m1 [3mrows_returned[0m[2m=[0m1 [3melapsed[0m[2m=[0m6.470615ms [3melapsed_secs[0m[2m=[0m0.006470615 [2m[3menvironment[0m[2m=[0mdevelopment[0m [2m[3mtask[0m[2m=[0m"seed_tree"[0m
[2m2026-02-08T13:57:36.711539Z[0m [32m INFO[0m [1mapp[0m:[1mtask[0m: [2msqlx::query[0m[2m:[0m [3msummary[0m[2m=[0m"SELECT \"medlem\".\"id\", \"medlem\".\"pid\", \"medlem\".\"name\", …" [3mdb.statement[0m[2m=[0m"\n\nSELECT \"medlem\".\"id\", \"medlem\".\"pid\", \"medlem\".\"name\", \"medlem\".\"email\", \"medlem\".\"phone_nr\", \"medlem\".\"address\", \"medlem\".\"city\", \"medlem\".\"birthdate\", \"medlem\".\"final_date\", \"medlem\".\"status\", \"medlem\".\"user_pid\", \"medlem\".\"parents_pid\", \"medlem\".\"previous_partners\", \"medlem\".\"children_pid\", \"medlem\".\"partner_pid\", \"medlem\".\"created_at\", \"medlem\".\"updated_at\" FROM \"medlem\" WHERE \"medlem\".\"name\" = $1 LIMIT $2\n" [3mrows_affected[0m[2m=[0m0 [3mrows_returned[0m[2m=[0m0 [3melapsed[0m[2m=[0m265.994µs [3melapsed_secs[0m[2m=[0m0.000265994 [2m[3menvironment[0m[2m=[0mdevelopment[0m [2m[3mtask[0m[2m=[0m"seed_tree"[0m
[2m2026-02-08T13:57:36.715196Z[0m [32m INFO[0m [1mapp[0m:[1mtask[0m: [2msqlx::query[0m[2m:[0m [3msummary[0m[2m=[0m"INSERT INTO \"medlem\" (\"pid\", …" [3mdb.statement[0m[2m=[0m"\n\nINSERT INTO \"medlem\" (\"pid\", \"name\", \"email\", \"phone_nr\", \"address\", \"city\", \"birthdate\", \"final_date\", \"user_pid\", \"partner_pid\") VALUES ($1, $2, $3, $4, $5, $6, $7, $8, $9, $10) RETURNING \"id\", \"pid\", \"name\", \"email\", \"phone_nr\", \"address\", \"city\", \"birthdate\", \"final_date\", \"status\", \"user_pid\", \"parents_pid\", \"previous_partners\", \"children_pid\", \"partner_pid\", \"created_at\", \"updated_at\"\n" [3mrows_affected[0m[2m=[0m1 [3mrows_returned[0m[2m=[0m1 [3melapsed[0m[2m=[0m3.216342ms [3melapsed_secs[0m[2m=[0m0.003216342 [2m[3menvironment[0m[2m=[0mdevelopment[0m [2m[3mtask[0m[2m=[0m"seed_tree"[0m
[2m2026-02-08T13:57:36.715393Z[0m [32m INFO[0m [1mapp[0m:[1mtask[0m: [2mfamilyserver_backend::tasks::seed_graph[0m[2m:[0m Created medlem entry for ** Anne Birgitte Iskov [2m[3menvironment[0m[2m=[0mdevelopment[0m [2m[3mtask[0m[2m=[0m"seed_tree"[0m
[2m2026-02-08T13:57:36.715478Z[0m [32m INFO[0m [1mapp[0m:[1mtask[0m: [2mfamilyserver_backend::tasks::seed_graph[0m[2m:[0m [INFO] Adding user as editor to medlem [2m[3menvironment[0m[2m=[0mdevelopment[0m [2m[3mtask[0m[2m=[0m"seed_tree"[0m
[2m2026-02-08T13:57:36.718903Z[0m [32m INFO[0m [1mapp[0m:[1mtask[0m: [2msqlx::query[0m[2m:[0m [3msummary[0m[2m=[0m"INSERT INTO \"medlem_editors\" (\"medlem_pid\", …" [3mdb.statement[0m[2m=[0m"\n\nINSERT INTO \"medlem_editors\" (\"medlem_pid\", \"user_pid\", \"role\") VALUES ($1, $2, $3) RETURNING \"id\", \"medlem_pid\", \"user_pid\", \"role\"\n" [3mrows_affected[0m[2m=[0m1 [3mrows_returned[0m[2m=[0m1 [3melapsed[0m[2m=[0m3.025936ms [3melapsed_secs[0m[2m=[0m0.003025936 [2m[3menvironment[0m[2m=[0mdevelopment[0m [2m[3mtask[0m[2m=[0m"seed_tree"[0m
[2m2026-02-08T13:57:36.719046Z[0m [32m INFO[0m [1mapp[0m:[1mtask[0m: [2mfamilyserver_backend::tasks::seed_graph[0m[2m:[0m User was added as editor for medlem [2m[3menvironment[0m[2m=[0mdevelopment[0m [2m[3mtask[0m[2m=[0m"seed_tree"[0m
[2m2026-02-08T13:57:36.719714Z[0m [32m INFO[0m [1mapp[0m:[1mtask[0m: [2msqlx::query[0m[2m:[0m [3msummary[0m[2m=[0m"SELECT \"medlem\".\"id\", \"medlem\".\"pid\", \"medlem\".\"name\", …" [3mdb.statement[0m[2m=[0m"\n\nSELECT \"medlem\".\"id\", \"medlem\".\"pid\", \"medlem\".\"name\", \"medlem\".\"email\", \"medlem\".\"phone_nr\", \"medlem\".\"address\", \"medlem\".\"city\", \"medlem\".\"birthdate\", \"medlem\".\"final_date\", \"medlem\".\"status\", \"medlem\".\"user_pid\", \"medlem\".\"parents_pid\", \"medlem\".\"previous_partners\", \"medlem\".\"children_pid\", \"medlem\".\"partner_pid\", \"medlem\".\"created_at\", \"medlem\".\"updated_at\" FROM \"medlem\" WHERE \"medlem\".\"name\" = $1 LIMIT $2\n" [3mrows_affected[0m[2m=[0m0 [3mrows_returned[0m[2m=[0m0 [3melapsed[0m[2m=[0m275.788µs [3melapsed_secs[0m[2m=[0m0.000275788 [2m[3menvironment[0m[2m=[0mdevelopment[0m [2m[3mtask[0m[2m=[0m"seed_tree"[0m
[2m2026-02-08T13:57:36.723295Z[0m [32m INFO[0m [1mapp[0m:[1mtask[0m: [2msqlx::query[0m[2m:[0m [3msummary[0m[2m=[0m"INSERT INTO \"medlem\" (\"pid\", …" [3mdb.statement[0m[2m=[0m"\n\nINSERT INTO \"medlem\" (\"pid\", \"name\", \"email\", \"phone_nr\", \"address\", \"city\", \"birthdate\", \"final_date\", \"user_pid\", \"partner_pid\") VALUES ($1, $2, $3, $4, $5, $6, $7, $8, $9, $10) RETURNING \"id\", \"pid\", \"name\", \"email\", \"phone_nr\", \"address\", \"city\", \"birthdate\", \"final_date\", \"status\", \"user_pid\", \"parents_pid\", \"previous_partners\", \"children_pid\", \"partner_pid\", \"created_at\", \"updated_at\"\n" [3mrows_affected[0m[2m=[0m1 [3mrows_returned[0m[2m=[0m1 [3melapsed[0m[2m=[0m3.115765ms [3melapsed_secs[0m[2m=[0m0.003115765 [2m[3menvironment[0m[2m=[0mdevelopment[0m [2m[3mtask[0m[2m=[0m"seed_tree"[0m
[2m2026-02-08T13:57:36.723492Z[0m [32m INFO[0m [1mapp[0m:[1mtask[0m: [2mfamilyserver_backend::tasks::seed_graph[0m[2m:[0m Created medlem entry for ~ Birgit?  [2m[3menvironment[0m[2m=[0mdevelopment[0m [2m[3mtask[0m[2m=[0m"seed_tree"[0m
[2m2026-02-08T13:57:36.723556Z[0m [31mERROR[0m [1mapp[0m:[1mtask[0m: [2mfamilyserver_backend::tasks::seed_graph[0m[2m:[0m [WARN] No user created for ~ Birgit? , cannot add editor privileges [2m[3menvironment[0m[2m=[0mdevelopment[0m [2m[3mtask[0m[2m=[0m"seed_tree"[0m
[2m2026-02-08T13:57:36.724235Z[0m [32m INFO[0m [1mapp[0m:[1mtask[0m: [2msqlx::query[0m[2m:[0m [3msummary[0m[2m=[0m"SELECT \"medlem\".\"id\", \"medlem\".\"pid\", \"medlem\".\"name\", …" [3mdb.statement[0m[2m=[0m"\n\nSELECT \"medlem\".\"id\", \"medlem\".\"pid\", \"medlem\".\"name\", \"medlem\".\"email\", \"medlem\".\"phone_nr\", \"medlem\".\"address\", \"medlem\".\"city\", \"medlem\".\"birthdate\", \"medlem\".\"final_date\", \"medlem\".\"status\", \"medlem\".\"user_pid\", \"medlem\".\"parents_pid\", \"medlem\".\"previous_partners\", \"medlem\".\"children_pid\", \"medlem\".\"partner_pid\", \"medlem\".\"created_at\", \"medlem\".\"updated_at\" FROM \"medlem\" WHERE \"medlem\".\"name\" = $1 LIMIT $2\n" [3mrows_affected[0m[2m=[0m0 [3mrows_returned[0m[2m=[0m0 [3melapsed[0m[2m=[0m230.071µs [3melapsed_secs[0m[2m=[0m0.000230071 [2m[3menvironment[0m[2m=[0mdevelopment[0m [2m[3mtask[0m[2m=[0m"seed_tree"[0m
[2m2026-02-08T13:57:36.727702Z[0m [32m INFO[0m [1mapp[0m:[1mtask[0m: [2msqlx::query[0m[2m:[0m [3msummary[0m[2m=[0m"INSERT INTO \"medlem\" (\"pid\", …" [3mdb.statement[0m[2m=[0m"\n\nINSERT INTO \"medlem\" (\"pid\", \"name\", \"email\", \"phone_nr\", \"address\", \"city\", \"birthdate\", \"final_date\", \"user_pid\", \"partner_pid\") VALUES ($1, $2, $3, $4, $5, $6, $7, $8, $9, $10) RETURNING \"id\", \"pid\", \"name\", \"email\", \"phone_nr\", \"address\", \"city\", \"birthdate\", \"final_date\", \"status\", \"user_pid\", \"parents_pid\", \"previous_partners\", \"children_pid\", \"partner_pid\", \"created_at\", \"updated_at\"\n" [3mrows_affected[0m[2m=[0m1 [3mrows_returned[0m[2m=[0m1 [3melapsed[0m[2m=[0m2.969681ms [3melapsed_secs[0m[2m=[0m0.002969681 [2m[3menvironment[0m[2m=[0mdevelopment[0m [2m[3mtask[0m[2m=[0m"seed_tree"[0m
[2m2026-02-08T13:57:36.727876Z[0m [32m INFO[0m [1mapp[0m:[1mtask[0m: [2mfamilyserver_backend::tasks::seed_graph[0m[2m:[0m Created medlem entry for Erik Iskov [2m[3menvironment[0m[2m=[0mdevelopment[0m [2m[3mtask[0m[2m=[0m"seed_tree"[0m
[2m2026-02-08T13:57:36.727947Z[0m [31mERROR[0m [1mapp[0m:[1mtask[0m: [2mfamilyserver_backend::tasks::seed_graph[0m[2m:[0m [WARN] No user created for Erik Iskov, cannot add editor privileges [2m[3menvironment[0m[2m=[0mdevelopment[0m [2m[3mtask[0m[2m=[0m"seed_tree"[0m
[2m2026-02-08T13:57:36.728576Z[0m [32m INFO[0m [1mapp[0m:[1mtask[0m: [2msqlx::query[0m[2m:[0m [3msummary[0m[2m=[0m"SELECT \"medlem\".\"id\", \"medlem\".\"pid\", \"medlem\".\"name\", …" [3mdb.statement[0m[2m=[0m"\n\nSELECT \"medlem\".\"id\", \"medlem\".\"pid\", \"medlem\".\"name\", \"medlem\".\"email\", \"medlem\".\"phone_nr\", \"medlem\".\"address\", \"medlem\".\"city\", \"medlem\".\"birthdate\", \"medlem\".\"final_date\", \"medlem\".\"status\", \"medlem\".\"user_pid\", \"medlem\".\"parents_pid\", \"medlem\".\"previous_partners\", \"medlem\".\"children_pid\", \"medlem\".\"partner_pid\", \"medlem\".\"created_at\", \"medlem\".\"updated_at\" FROM \"medlem\" WHERE \"medlem\".\"name\" = $1 LIMIT $2\n" [3mrows_affected[0m[2m=[0m0 [3mrows_returned[0m[2m=[0m0 [3melapsed[0m[2m=[0m242.802µs [3melapsed_secs[0m[2m=[0m0.000242802 [2m[3menvironment[0m[2m=[0mdevelopment[0m [2m[3mtask[0m[2m=[0m"seed_tree"[0m
[2m2026-02-08T13:57:36.731895Z[0m [32m INFO[0m [1mapp[0m:[1mtask[0m: [2msqlx::query[0m[2m:[0m [3msummary[0m[2m=[0m"INSERT INTO \"medlem\" (\"pid\", …" [3mdb.statement[0m[2m=[0m"\n\nINSERT INTO \"medlem\" (\"pid\", \"name\", \"email\", \"phone_nr\", \"address\", \"city\", \"birthdate\", \"final_date\", \"user_pid\", \"partner_pid\") VALUES ($1, $2, $3, $4, $5, $6, $7, $8, $9, $10) RETURNING \"id\", \"pid\", \"name\", \"email\", \"phone_nr\", \"address\", \"city\", \"birthdate\", \"final_date\", \"status\", \"user_pid\", \"parents_pid\", \"previous_partners\", \"children_pid\", \"partner_pid\", \"created_at\", \"updated_at\"\n" [3mrows_affected[0m[2m=[0m1 [3mrows_returned[0m[2m=[0m1 [3melapsed[0m[2m=[0m2.922723ms [3melapsed_secs[0m[2m=[0m0.002922723 [2m[3menvironment[0m[2m=[0mdevelopment[0m [2m[3mtask[0m[2m=[0m"seed_tree"[0m
[2m2026-02-08T13:57:36.732059Z[0m [32m INFO[0m [1mapp[0m:[1mtask[0m: [2mfamilyserver_backend::tasks::seed_graph[0m[2m:[0m Created medlem entry for ** Jakob Christian Iskov [2m[3menvironment[0m[2m=[0mdevelopment[0m [2m[3mtask[0m[2m=[0m"seed_tree"[0m
[2m2026-02-08T13:57:36.732113Z[0m [31mERROR[0m [1mapp[0m:[1mtask[0m: [2mfamilyserver_backend::tasks::seed_graph[0m[2m:[0m [WARN] No user created for ** Jakob Christian Iskov, cannot add editor privileges [2m[3menvironment[0m[2m=[0mdevelopment[0m [2m[3mtask[0m[2m=[0m"seed_tree"[0m
[2m2026-02-08T13:57:36.739031Z[0m [32m INFO[0m [1mapp[0m:[1mtask[0m: [2msqlx::query[0m[2m:[0m [3msummary[0m[2m=[0m"INSERT INTO \"family_tree\" (\"tree_data\") …" [3mdb.statement[0m[2m=[0m"\n\nINSERT INTO \"family_tree\" (\"tree_data\") VALUES ($1) RETURNING \"id\", \"tree_data\", \"updated_at\"\n" [3mrows_affected[0m[2m=[0m1 [3mrows_returned[0m[2m=[0m1 [3melapsed[0m[2m=[0m5.089921ms [3melapsed_secs[0m[2m=[0m0.005089921 [2m[3menvironment[0m[2m=[0mdevelopment[0m [2m[3mtask[0m[2m=[0m"seed_tree"[0m
[2m2026-02-08T13:57:36.739872Z[0m [32m INFO[0m [1mapp[0m:[1mtask[0m: [2mfamilyserver_backend::models::family_tree[0m[2m:[0m Family tree cache updated in memory [2m[3menvironment[0m[2m=[0mdevelopment[0m [2m[3mtask[0m[2m=[0m"seed_tree"[0m
[2m2026-02-08T13:57:36.740027Z[0m [32m INFO[0m [1mapp[0m:[1mtask[0m: [2mfamilyserver_backend::tasks::seed_graph[0m[2m:[0m Tree generated successfully! [2m[3menvironment[0m[2m=[0mdevelopment[0m [2m[3mtask[0m[2m=[0m"seed_tree"[0m
